2025-06-05 17:24:52,170 - file_manager - INFO - Executing command: deduplicate with arguments: {'log': 'logfile.log', 'dry_run': True, 'log_level': 'INFO', 'command': 'deduplicate', 'directory': 'C:/Users/terti/OneDrive/pdf', 'max_workers': 1, 'src_dir': None, 'dst_dir': None, 'path': None, 'extensions': None, 'excluded_names': None, 'recursive': False} [main.py:97]
2025-06-05 17:24:52,172 - file_manager - INFO - Scanning for files in C:/Users/terti/OneDrive/pdf [FileDeduplicator.py:84]
2025-06-05 17:26:22,912 - file_manager - INFO - Found 3438 duplicates out of 6102 files [FileDeduplicator.py:97]
2025-06-05 17:26:22,912 - file_manager - INFO - Dry run: Would remove duplicate: C:\Users\terti\OneDrive\pdf\.96.212.20170301152320 (2).pdf [FileDeduplicator.py:105]
2025-06-05 17:26:22,912 - file_manager - INFO - Dry run: Would remove duplicate: C:\Users\terti\OneDrive\pdf\.96.212.20170301152320(1).pdf [FileDeduplicator.py:105]
2025-06-05 17:26:22,912 - file_manager - INFO - Dry run: Would remove duplicate: C:\Users\terti\OneDrive\pdf\.96.212.20170301152320(2).pdf [FileDeduplicator.py:105]
2025-06-05 17:26:22,912 - file_manager - INFO - Dry run: Would remove duplicate: C:\Users\terti\OneDrive\pdf\.96.212.20170301152320.pdf [FileDeduplicator.py:105]
2025-06-05 17:26:22,912 - file_manager - INFO - Dry run: Would remove duplicate: C:\Users\terti\OneDrive\pdf\.96.212.20170301152320_1.pdf [FileDeduplicator.py:105]
2025-06-05 17:26:22,912 - file_manager - INFO - Dry run: Would remove duplicate: C:\Users\terti\OneDrive\pdf\.Net Developer(1)_1.pdf [FileDeduplicator.py:105]
2025-06-05 17:26:22,912 - file_manager - INFO - Dry run: Would remove duplicate: C:\Users\terti\OneDrive\pdf\.Net Developer(1)_2.pdf [FileDeduplicator.py:105]
2025-06-05 17:26:22,913 - file_manager - INFO - Dry run: Would remove duplicate: C:\Users\terti\OneDrive\pdf\.Net Developer(2)_1.pdf [FileDeduplicator.py:105]
2025-06-05 17:26:22,913 - file_manager - INFO - Dry run: Would remove duplicate: C:\Users\terti\OneDrive\pdf\.Net Developer(2)_2.pdf [FileDeduplicator.py:105]
2025-06-05 17:26:22,913 - file_manager - INFO - Dry run: Would remove duplicate: C:\Users\terti\OneDrive\pdf\.Net Developer(3)_1.pdf [FileDeduplicator.py:105]
2025-06-05 17:26:22,913 - file_manager - INFO - Dry run: Would remove duplicate: C:\Users\terti\OneDrive\pdf\.Net Developer(3)_2.pdf [FileDeduplicator.py:105]
2025-06-05 17:26:22,913 - file_manager - INFO - Dry run: Would remove duplicate: C:\Users\terti\OneDrive\pdf\.Net Developer.pdf [FileDeduplicator.py:105]
2025-06-05 17:26:22,913 - file_manager - INFO - Dry run: Would remove duplicate: C:\Users\terti\OneDrive\pdf\.Net Developer_1.pdf [FileDeduplicator.py:105]
2025-06-05 17:26:22,913 - file_manager - INFO - Dry run: Would remove duplicate: C:\Users\terti\OneDrive\pdf\.Net Developer_2.pdf [FileDeduplicator.py:105]
2025-06-05 17:26:22,913 - file_manager - INFO - Dry run: Would remove duplicate: C:\Users\terti\OneDrive\pdf\0-LANDLORD DETAILS FORM 1_1.pdf [FileDeduplicator.py:105]
2025-06-05 17:26:22,913 - file_manager - INFO - Dry run: Would remove duplicate: C:\Users\terti\OneDrive\pdf\0-LANDLORD DETAILS FORM 2.pdf [FileDeduplicator.py:105]
2025-06-05 17:26:22,913 - file_manager - INFO - Dry run: Would remove duplicate: C:\Users\terti\OneDrive\pdf\0-LANDLORD DETAILS FORM 2_1.pdf [FileDeduplicator.py:105]
2025-06-05 17:26:22,913 - file_manager - INFO - Dry run: Would remove duplicate: C:\Users\terti\OneDrive\pdf\0-LANDLORD DETAILS FORM.pdf [FileDeduplicator.py:105]
2025-06-05 17:26:22,913 - file_manager - INFO - Dry run: Would remove duplicate: C:\Users\terti\OneDrive\pdf\0-LANDLORD DETAILS FORM_1.pdf [FileDeduplicator.py:105]
2025-06-05 17:26:22,913 - file_manager - INFO - Dry run: Would remove duplicate: C:\Users\terti\OneDrive\pdf\0042-Tertius-Geldenhuys.pdf [FileDeduplicator.py:105]
2025-06-05 17:26:22,913 - file_manager - INFO - Dry run: Would remove duplicate: C:\Users\terti\OneDrive\pdf\0072976_20170505_094236 1_1.pdf [FileDeduplicator.py:105]
2025-06-05 17:26:22,913 - file_manager - INFO - Dry run: Would remove duplicate: C:\Users\terti\OneDrive\pdf\0072976_20170505_094236 2.pdf [FileDeduplicator.py:105]
2025-06-05 17:26:22,913 - file_manager - INFO - Dry run: Would remove duplicate: C:\Users\terti\OneDrive\pdf\0072976_20170505_094236 2_1.pdf [FileDeduplicator.py:105]
2025-06-05 17:26:22,913 - file_manager - INFO - Dry run: Would remove duplicate: C:\Users\terti\OneDrive\pdf\0072976_20170505_094236.pdf [FileDeduplicator.py:105]
2025-06-05 17:26:22,913 - file_manager - INFO - Dry run: Would remove duplicate: C:\Users\terti\OneDrive\pdf\0072976_20170505_094236_1.pdf [FileDeduplicator.py:105]
2025-06-05 17:26:22,914 - file_manager - INFO - Dry run: Would remove duplicate: C:\Users\terti\OneDrive\pdf\009170 0517 POI Links.pdf [FileDeduplicator.py:105]
2025-06-05 17:26:22,914 - file_manager - INFO - Dry run: Would remove duplicate: C:\Users\terti\OneDrive\pdf\009170 0517 POI Links_1.pdf [FileDeduplicator.py:105]
2025-06-05 17:26:22,914 - file_manager - INFO - Dry run: Would remove duplicate: C:\Users\terti\OneDrive\pdf\04052017090631 1_1.pdf [FileDeduplicator.py:105]
2025-06-05 17:26:22,914 - file_manager - INFO - Dry run: Would remove duplicate: C:\Users\terti\OneDrive\pdf\04052017090631.pdf [FileDeduplicator.py:105]
2025-06-05 17:26:22,914 - file_manager - INFO - Dry run: Would remove duplicate: C:\Users\terti\OneDrive\pdf\04052017090631_1.pdf [FileDeduplicator.py:105]
2025-06-05 17:26:22,914 - file_manager - INFO - Dry run: Would remove duplicate: C:\Users\terti\OneDrive\pdf\04082017193510 1_1.pdf [FileDeduplicator.py:105]
2025-06-05 17:26:22,914 - file_manager - INFO - Dry run: Would remove duplicate: C:\Users\terti\OneDrive\pdf\04082017193510.pdf [FileDeduplicator.py:105]
2025-06-05 17:26:22,914 - file_manager - INFO - Dry run: Would remove duplicate: C:\Users\terti\OneDrive\pdf\04082017193510_1.pdf [FileDeduplicator.py:105]
2025-06-05 17:26:22,914 - file_manager - INFO - Dry run: Would remove duplicate: C:\Users\terti\OneDrive\pdf\10 must have books for a successful entrepreneur’s bookshelf_1.PDF [FileDeduplicator.py:105]
2025-06-05 17:26:22,914 - file_manager - INFO - Dry run: Would remove duplicate: C:\Users\terti\OneDrive\pdf\11111111111 (1).pdf [FileDeduplicator.py:105]
2025-06-05 17:26:22,914 - file_manager - INFO - Dry run: Would remove duplicate: C:\Users\terti\OneDrive\pdf\11111111111 (2).pdf [FileDeduplicator.py:105]
2025-06-05 17:26:22,914 - file_manager - INFO - Dry run: Would remove duplicate: C:\Users\terti\OneDrive\pdf\11111111111.pdf [FileDeduplicator.py:105]
2025-06-05 17:26:22,914 - file_manager - INFO - Dry run: Would remove duplicate: C:\Users\terti\OneDrive\pdf\111111111111111.pdf [FileDeduplicator.py:105]
2025-06-05 17:26:22,914 - file_manager - INFO - Dry run: Would remove duplicate: C:\Users\terti\OneDrive\pdf\111111111111111_1.pdf [FileDeduplicator.py:105]
2025-06-05 17:26:22,914 - file_manager - INFO - Dry run: Would remove duplicate: C:\Users\terti\OneDrive\pdf\11111111111_1.pdf [FileDeduplicator.py:105]
2025-06-05 17:26:22,914 - file_manager - INFO - Dry run: Would remove duplicate: C:\Users\terti\OneDrive\pdf\113069 (5).pdf [FileDeduplicator.py:105]
2025-06-05 17:26:22,914 - file_manager - INFO - Dry run: Would remove duplicate: C:\Users\terti\OneDrive\pdf\113069_347(1)_1.pdf [FileDeduplicator.py:105]
2025-06-05 17:26:22,914 - file_manager - INFO - Dry run: Would remove duplicate: C:\Users\terti\OneDrive\pdf\113069_347(1)_2.pdf [FileDeduplicator.py:105]
2025-06-05 17:26:22,914 - file_manager - INFO - Dry run: Would remove duplicate: C:\Users\terti\OneDrive\pdf\113069_347_1.pdf [FileDeduplicator.py:105]
2025-06-05 17:26:22,914 - file_manager - INFO - Dry run: Would remove duplicate: C:\Users\terti\OneDrive\pdf\113069_347_1_1.pdf [FileDeduplicator.py:105]
2025-06-05 17:26:22,914 - file_manager - INFO - Dry run: Would remove duplicate: C:\Users\terti\OneDrive\pdf\113069_347_2.pdf [FileDeduplicator.py:105]
2025-06-05 17:26:22,915 - file_manager - INFO - Dry run: Would remove duplicate: C:\Users\terti\OneDrive\pdf\113069_AI_201604_0513_042500.pdf [FileDeduplicator.py:105]
2025-06-05 17:26:22,915 - file_manager - INFO - Dry run: Would remove duplicate: C:\Users\terti\OneDrive\pdf\113069_AI_201608_0914_110904(1)_1.pdf [FileDeduplicator.py:105]
2025-06-05 17:26:22,915 - file_manager - INFO - Dry run: Would remove duplicate: C:\Users\terti\OneDrive\pdf\113069_AI_201608_0914_110904(1)_2.pdf [FileDeduplicator.py:105]
2025-06-05 17:26:22,915 - file_manager - INFO - Dry run: Would remove duplicate: C:\Users\terti\OneDrive\pdf\113069_AI_201608_0914_110904_1.pdf [FileDeduplicator.py:105]
2025-06-05 17:26:22,915 - file_manager - INFO - Dry run: Would remove duplicate: C:\Users\terti\OneDrive\pdf\113069_AI_201608_0914_110904_2.pdf [FileDeduplicator.py:105]
2025-06-05 17:26:22,915 - file_manager - INFO - Dry run: Would remove duplicate: C:\Users\terti\OneDrive\pdf\113069_AI_201610_1107_221506(1)_1.pdf [FileDeduplicator.py:105]
2025-06-05 17:26:22,915 - file_manager - INFO - Dry run: Would remove duplicate: C:\Users\terti\OneDrive\pdf\113069_AI_201610_1107_221506(1)_2.pdf [FileDeduplicator.py:105]
2025-06-05 17:26:22,915 - file_manager - INFO - Dry run: Would remove duplicate: C:\Users\terti\OneDrive\pdf\113069_AI_201610_1107_221506_1.pdf [FileDeduplicator.py:105]
2025-06-05 17:26:22,915 - file_manager - INFO - Dry run: Would remove duplicate: C:\Users\terti\OneDrive\pdf\113069_AI_201610_1107_221506_2.pdf [FileDeduplicator.py:105]
2025-06-05 17:26:22,915 - file_manager - INFO - Dry run: Would remove duplicate: C:\Users\terti\OneDrive\pdf\113069_AI_201702_0309_075437 (2).pdf [FileDeduplicator.py:105]
2025-06-05 17:26:22,915 - file_manager - INFO - Dry run: Would remove duplicate: C:\Users\terti\OneDrive\pdf\113069_AI_201702_0309_075437(1).pdf [FileDeduplicator.py:105]
2025-06-05 17:26:22,915 - file_manager - INFO - Dry run: Would remove duplicate: C:\Users\terti\OneDrive\pdf\113069_AI_201702_0309_075437(2).pdf [FileDeduplicator.py:105]
2025-06-05 17:26:22,915 - file_manager - INFO - Dry run: Would remove duplicate: C:\Users\terti\OneDrive\pdf\113069_AI_201702_0309_075437.pdf [FileDeduplicator.py:105]
2025-06-05 17:26:22,915 - file_manager - INFO - Dry run: Would remove duplicate: C:\Users\terti\OneDrive\pdf\113069_AI_201702_0309_075437_1.pdf [FileDeduplicator.py:105]
2025-06-05 17:26:22,915 - file_manager - INFO - Dry run: Would remove duplicate: C:\Users\terti\OneDrive\pdf\113069_AI_201703_0412_121559 1_1.pdf [FileDeduplicator.py:105]
2025-06-05 17:26:22,915 - file_manager - INFO - Dry run: Would remove duplicate: C:\Users\terti\OneDrive\pdf\113069_AI_201703_0412_121559 2.pdf [FileDeduplicator.py:105]
2025-06-05 17:26:22,915 - file_manager - INFO - Dry run: Would remove duplicate: C:\Users\terti\OneDrive\pdf\113069_AI_201703_0412_121559 2_1.pdf [FileDeduplicator.py:105]
2025-06-05 17:26:22,915 - file_manager - INFO - Dry run: Would remove duplicate: C:\Users\terti\OneDrive\pdf\113069_AI_201703_0412_121559.pdf [FileDeduplicator.py:105]
2025-06-05 17:26:22,915 - file_manager - INFO - Dry run: Would remove duplicate: C:\Users\terti\OneDrive\pdf\113069_AI_201703_0412_121559_1.pdf [FileDeduplicator.py:105]
2025-06-05 17:26:22,915 - file_manager - INFO - Dry run: Would remove duplicate: C:\Users\terti\OneDrive\pdf\113069_AI_201704_0508_174032 1_1.pdf [FileDeduplicator.py:105]
2025-06-05 17:26:22,915 - file_manager - INFO - Dry run: Would remove duplicate: C:\Users\terti\OneDrive\pdf\113069_AI_201704_0508_174032 2.pdf [FileDeduplicator.py:105]
2025-06-05 17:26:22,915 - file_manager - INFO - Dry run: Would remove duplicate: C:\Users\terti\OneDrive\pdf\113069_AI_201704_0508_174032 2_1.pdf [FileDeduplicator.py:105]
2025-06-05 17:26:22,915 - file_manager - INFO - Dry run: Would remove duplicate: C:\Users\terti\OneDrive\pdf\113069_AI_201704_0508_174032.pdf [FileDeduplicator.py:105]
2025-06-05 17:26:22,915 - file_manager - INFO - Dry run: Would remove duplicate: C:\Users\terti\OneDrive\pdf\113069_AI_201704_0508_174032_1.pdf [FileDeduplicator.py:105]
2025-06-05 17:26:22,930 - file_manager - INFO - Dry run: Would remove duplicate: C:\Users\terti\OneDrive\pdf\113069_AI_201705_0607_180338 1_1.pdf [FileDeduplicator.py:105]
2025-06-05 17:26:22,930 - file_manager - INFO - Dry run: Would remove duplicate: C:\Users\terti\OneDrive\pdf\113069_AI_201705_0607_180338 2.pdf [FileDeduplicator.py:105]
2025-06-05 17:26:22,930 - file_manager - INFO - Dry run: Would remove duplicate: C:\Users\terti\OneDrive\pdf\113069_AI_201705_0607_180338 2_1.pdf [FileDeduplicator.py:105]
2025-06-05 17:26:22,930 - file_manager - INFO - Dry run: Would remove duplicate: C:\Users\terti\OneDrive\pdf\113069_AI_201705_0607_180338.pdf [FileDeduplicator.py:105]
2025-06-05 17:26:22,930 - file_manager - INFO - Dry run: Would remove duplicate: C:\Users\terti\OneDrive\pdf\113069_AI_201705_0607_180338_1.pdf [FileDeduplicator.py:105]
2025-06-05 17:26:22,930 - file_manager - INFO - Dry run: Would remove duplicate: C:\Users\terti\OneDrive\pdf\113069_AI_201705_0607_181053 1_1.pdf [FileDeduplicator.py:105]
2025-06-05 17:26:22,930 - file_manager - INFO - Dry run: Would remove duplicate: C:\Users\terti\OneDrive\pdf\113069_AI_201705_0607_181053 2.pdf [FileDeduplicator.py:105]
2025-06-05 17:26:22,930 - file_manager - INFO - Dry run: Would remove duplicate: C:\Users\terti\OneDrive\pdf\113069_AI_201705_0607_181053 2_1.pdf [FileDeduplicator.py:105]
2025-06-05 17:26:22,930 - file_manager - INFO - Dry run: Would remove duplicate: C:\Users\terti\OneDrive\pdf\113069_AI_201705_0607_181053.pdf [FileDeduplicator.py:105]
2025-06-05 17:26:22,930 - file_manager - INFO - Dry run: Would remove duplicate: C:\Users\terti\OneDrive\pdf\113069_AI_201705_0607_181053_1.pdf [FileDeduplicator.py:105]
2025-06-05 17:26:22,930 - file_manager - INFO - Dry run: Would remove duplicate: C:\Users\terti\OneDrive\pdf\113069_AI_201706_0706_135659 1_1.pdf [FileDeduplicator.py:105]
2025-06-05 17:26:22,930 - file_manager - INFO - Dry run: Would remove duplicate: C:\Users\terti\OneDrive\pdf\113069_AI_201706_0706_135659 2.pdf [FileDeduplicator.py:105]
2025-06-05 17:26:22,930 - file_manager - INFO - Dry run: Would remove duplicate: C:\Users\terti\OneDrive\pdf\113069_AI_201706_0706_135659 2_1.pdf [FileDeduplicator.py:105]
2025-06-05 17:26:22,931 - file_manager - INFO - Dry run: Would remove duplicate: C:\Users\terti\OneDrive\pdf\113069_AI_201706_0706_135659(1)_1.pdf [FileDeduplicator.py:105]
2025-06-05 17:26:22,931 - file_manager - INFO - Dry run: Would remove duplicate: C:\Users\terti\OneDrive\pdf\113069_AI_201706_0706_135659(1)_2.pdf [FileDeduplicator.py:105]
2025-06-05 17:26:22,931 - file_manager - INFO - Dry run: Would remove duplicate: C:\Users\terti\OneDrive\pdf\113069_AI_201706_0706_135659.pdf [FileDeduplicator.py:105]
2025-06-05 17:26:22,931 - file_manager - INFO - Dry run: Would remove duplicate: C:\Users\terti\OneDrive\pdf\113069_AI_201706_0706_135659_1.pdf [FileDeduplicator.py:105]
2025-06-05 17:26:22,931 - file_manager - INFO - Dry run: Would remove duplicate: C:\Users\terti\OneDrive\pdf\113069_AI_201706_0706_135659_2.pdf [FileDeduplicator.py:105]
2025-06-05 17:26:22,931 - file_manager - INFO - Dry run: Would remove duplicate: C:\Users\terti\OneDrive\pdf\113069_AI_201706_0706_135659_3.pdf [FileDeduplicator.py:105]
2025-06-05 17:26:22,931 - file_manager - INFO - Dry run: Would remove duplicate: C:\Users\terti\OneDrive\pdf\113069_AI_201706_0706_135659_4.pdf [FileDeduplicator.py:105]
2025-06-05 17:26:22,931 - file_manager - INFO - Dry run: Would remove duplicate: C:\Users\terti\OneDrive\pdf\113069_AI_201707_0807_175313 1_1.pdf [FileDeduplicator.py:105]
2025-06-05 17:26:22,931 - file_manager - INFO - Dry run: Would remove duplicate: C:\Users\terti\OneDrive\pdf\113069_AI_201707_0807_175313 2.pdf [FileDeduplicator.py:105]
2025-06-05 17:26:22,931 - file_manager - INFO - Dry run: Would remove duplicate: C:\Users\terti\OneDrive\pdf\113069_AI_201707_0807_175313 2_1.pdf [FileDeduplicator.py:105]
2025-06-05 17:26:22,931 - file_manager - INFO - Dry run: Would remove duplicate: C:\Users\terti\OneDrive\pdf\113069_AI_201707_0807_175313.pdf [FileDeduplicator.py:105]
2025-06-05 17:26:22,931 - file_manager - INFO - Dry run: Would remove duplicate: C:\Users\terti\OneDrive\pdf\113069_AI_201707_0807_175313_1.pdf [FileDeduplicator.py:105]
2025-06-05 17:26:22,945 - file_manager - INFO - Dry run: Would remove duplicate: C:\Users\terti\OneDrive\pdf\113069_AI_201802_0313_081028(1)_1.pdf [FileDeduplicator.py:105]
2025-06-05 17:26:22,945 - file_manager - INFO - Dry run: Would remove duplicate: C:\Users\terti\OneDrive\pdf\113069_AI_201802_0313_081028(1)_2.pdf [FileDeduplicator.py:105]
2025-06-05 17:26:22,945 - file_manager - INFO - Dry run: Would remove duplicate: C:\Users\terti\OneDrive\pdf\113069_AI_201802_0313_081028_1.pdf [FileDeduplicator.py:105]
2025-06-05 17:26:22,945 - file_manager - INFO - Dry run: Would remove duplicate: C:\Users\terti\OneDrive\pdf\113069_AI_201802_0313_081028_2.pdf [FileDeduplicator.py:105]
2025-06-05 17:26:22,945 - file_manager - INFO - Dry run: Would remove duplicate: C:\Users\terti\OneDrive\pdf\1131385-ADD ON FINAL DEMAND 02.07.2021_1.pdf [FileDeduplicator.py:105]
2025-06-05 17:26:22,945 - file_manager - INFO - Dry run: Would remove duplicate: C:\Users\terti\OneDrive\pdf\12(1)_1.pdf [FileDeduplicator.py:105]
2025-06-05 17:26:22,945 - file_manager - INFO - Dry run: Would remove duplicate: C:\Users\terti\OneDrive\pdf\12(1)_2.pdf [FileDeduplicator.py:105]
2025-06-05 17:26:22,946 - file_manager - INFO - Dry run: Would remove duplicate: C:\Users\terti\OneDrive\pdf\1206 SBB_Snr Software Developer_1.pdf [FileDeduplicator.py:105]
2025-06-05 17:26:22,946 - file_manager - INFO - Dry run: Would remove duplicate: C:\Users\terti\OneDrive\pdf\12Steps_1.pdf [FileDeduplicator.py:105]
2025-06-05 17:26:22,946 - file_manager - INFO - Dry run: Would remove duplicate: C:\Users\terti\OneDrive\pdf\12_1_1.pdf [FileDeduplicator.py:105]
2025-06-05 17:26:22,946 - file_manager - INFO - Dry run: Would remove duplicate: C:\Users\terti\OneDrive\pdf\12_2.pdf [FileDeduplicator.py:105]
2025-06-05 17:26:22,946 - file_manager - INFO - Dry run: Would remove duplicate: C:\Users\terti\OneDrive\pdf\1301856388 1_1.pdf [FileDeduplicator.py:105]
2025-06-05 17:26:22,946 - file_manager - INFO - Dry run: Would remove duplicate: C:\Users\terti\OneDrive\pdf\1301856388 2.pdf [FileDeduplicator.py:105]
2025-06-05 17:26:22,946 - file_manager - INFO - Dry run: Would remove duplicate: C:\Users\terti\OneDrive\pdf\1301856388 2_1.pdf [FileDeduplicator.py:105]
2025-06-05 17:26:22,946 - file_manager - INFO - Dry run: Would remove duplicate: C:\Users\terti\OneDrive\pdf\1301856388.pdf [FileDeduplicator.py:105]
2025-06-05 17:26:22,946 - file_manager - INFO - Dry run: Would remove duplicate: C:\Users\terti\OneDrive\pdf\1301856388_1.pdf [FileDeduplicator.py:105]
2025-06-05 17:26:22,946 - file_manager - INFO - Dry run: Would remove duplicate: C:\Users\terti\OneDrive\pdf\1315096365 1_1.pdf [FileDeduplicator.py:105]
2025-06-05 17:26:22,946 - file_manager - INFO - Dry run: Would remove duplicate: C:\Users\terti\OneDrive\pdf\1315096365 2.pdf [FileDeduplicator.py:105]
2025-06-05 17:26:22,946 - file_manager - INFO - Dry run: Would remove duplicate: C:\Users\terti\OneDrive\pdf\1315096365 2_1.pdf [FileDeduplicator.py:105]
2025-06-05 17:26:22,946 - file_manager - INFO - Dry run: Would remove duplicate: C:\Users\terti\OneDrive\pdf\1315096365.pdf [FileDeduplicator.py:105]
2025-06-05 17:26:22,947 - file_manager - INFO - Dry run: Would remove duplicate: C:\Users\terti\OneDrive\pdf\1315096365_1.pdf [FileDeduplicator.py:105]
2025-06-05 17:26:22,947 - file_manager - INFO - Dry run: Would remove duplicate: C:\Users\terti\OneDrive\pdf\1320853880 1_1.pdf [FileDeduplicator.py:105]
2025-06-05 17:26:22,947 - file_manager - INFO - Dry run: Would remove duplicate: C:\Users\terti\OneDrive\pdf\1320853880.pdf [FileDeduplicator.py:105]
2025-06-05 17:26:22,947 - file_manager - INFO - Dry run: Would remove duplicate: C:\Users\terti\OneDrive\pdf\1320853880_1.pdf [FileDeduplicator.py:105]
2025-06-05 17:26:22,947 - file_manager - INFO - Dry run: Would remove duplicate: C:\Users\terti\OneDrive\pdf\1333311_1.pdf [FileDeduplicator.py:105]
2025-06-05 17:26:22,947 - file_manager - INFO - Dry run: Would remove duplicate: C:\Users\terti\OneDrive\pdf\1352398570 1_1.pdf [FileDeduplicator.py:105]
2025-06-05 17:26:22,947 - file_manager - INFO - Dry run: Would remove duplicate: C:\Users\terti\OneDrive\pdf\1352398570 2.pdf [FileDeduplicator.py:105]
2025-06-05 17:26:22,961 - file_manager - INFO - Dry run: Would remove duplicate: C:\Users\terti\OneDrive\pdf\1352398570 2_1.pdf [FileDeduplicator.py:105]
2025-06-05 17:26:22,961 - file_manager - INFO - Dry run: Would remove duplicate: C:\Users\terti\OneDrive\pdf\1352398570.pdf [FileDeduplicator.py:105]
2025-06-05 17:26:22,961 - file_manager - INFO - Dry run: Would remove duplicate: C:\Users\terti\OneDrive\pdf\1352398570_1.pdf [FileDeduplicator.py:105]
2025-06-05 17:26:22,961 - file_manager - INFO - Dry run: Would remove duplicate: C:\Users\terti\OneDrive\pdf\1451 Snr C# Developer_Azure Cloud Specialist.pdf [FileDeduplicator.py:105]
2025-06-05 17:26:22,961 - file_manager - INFO - Dry run: Would remove duplicate: C:\Users\terti\OneDrive\pdf\1469 JavaScript Software Developer_DSMP.pdf [FileDeduplicator.py:105]
2025-06-05 17:26:22,962 - file_manager - INFO - Dry run: Would remove duplicate: C:\Users\terti\OneDrive\pdf\1480 Senior_C.pdf [FileDeduplicator.py:105]
2025-06-05 17:26:22,962 - file_manager - INFO - Dry run: Would remove duplicate: C:\Users\terti\OneDrive\pdf\15 Highest Paying Programming Languages In 2016(1)_1.pdf [FileDeduplicator.py:105]
2025-06-05 17:26:22,962 - file_manager - INFO - Dry run: Would remove duplicate: C:\Users\terti\OneDrive\pdf\15 Highest Paying Programming Languages In 2016(1)_2.pdf [FileDeduplicator.py:105]
2025-06-05 17:26:22,962 - file_manager - INFO - Dry run: Would remove duplicate: C:\Users\terti\OneDrive\pdf\15 Highest Paying Programming Languages In 2016_1.pdf [FileDeduplicator.py:105]
2025-06-05 17:26:22,962 - file_manager - INFO - Dry run: Would remove duplicate: C:\Users\terti\OneDrive\pdf\15 Highest Paying Programming Languages In 2016_2.pdf [FileDeduplicator.py:105]
2025-06-05 17:26:22,962 - file_manager - INFO - Dry run: Would remove duplicate: C:\Users\terti\OneDrive\pdf\1522 Cloud_Engineer.pdf [FileDeduplicator.py:105]
2025-06-05 17:26:22,962 - file_manager - INFO - Dry run: Would remove duplicate: C:\Users\terti\OneDrive\pdf\1567 Senior C# Developer__Azure Cloud Specialist.pdf [FileDeduplicator.py:105]
2025-06-05 17:26:22,962 - file_manager - INFO - Dry run: Would remove duplicate: C:\Users\terti\OneDrive\pdf\1588852873480_1.pdf [FileDeduplicator.py:105]
2025-06-05 17:26:22,962 - file_manager - INFO - Dry run: Would remove duplicate: C:\Users\terti\OneDrive\pdf\1616785976370_Resume-Tertius-Geldenhuys-LinkedIn(1)_1.pdf [FileDeduplicator.py:105]
2025-06-05 17:26:22,962 - file_manager - INFO - Dry run: Would remove duplicate: C:\Users\terti\OneDrive\pdf\1616785976370_Resume-Tertius-Geldenhuys-LinkedIn.pdf [FileDeduplicator.py:105]
2025-06-05 17:26:22,962 - file_manager - INFO - Dry run: Would remove duplicate: C:\Users\terti\OneDrive\pdf\1616785976370_Resume-Tertius-Geldenhuys-LinkedIn_1.pdf [FileDeduplicator.py:105]
2025-06-05 17:26:22,962 - file_manager - INFO - Dry run: Would remove duplicate: C:\Users\terti\OneDrive\pdf\1616909658339_Statement - TER097(1)_1.pdf [FileDeduplicator.py:105]
2025-06-05 17:26:22,962 - file_manager - INFO - Dry run: Would remove duplicate: C:\Users\terti\OneDrive\pdf\1616909658339_Statement - TER097.pdf [FileDeduplicator.py:105]
2025-06-05 17:26:22,962 - file_manager - INFO - Dry run: Would remove duplicate: C:\Users\terti\OneDrive\pdf\1616909658339_Statement - TER097_1.pdf [FileDeduplicator.py:105]
2025-06-05 17:26:22,962 - file_manager - INFO - Dry run: Would remove duplicate: C:\Users\terti\OneDrive\pdf\1617033493371_1617033479742_Resume-Tertius-Geldenhuys (2).pdf [FileDeduplicator.py:105]
2025-06-05 17:26:22,962 - file_manager - INFO - Dry run: Would remove duplicate: C:\Users\terti\OneDrive\pdf\1617033493371_1617033479742_Resume-Tertius-Geldenhuys (2)_1.pdf [FileDeduplicator.py:105]
2025-06-05 17:26:22,962 - file_manager - INFO - Dry run: Would remove duplicate: C:\Users\terti\OneDrive\pdf\1617033493371_1617033479742_Resume-Tertius-Geldenhuys_1.pdf [FileDeduplicator.py:105]
2025-06-05 17:26:22,962 - file_manager - INFO - Dry run: Would remove duplicate: C:\Users\terti\OneDrive\pdf\1617033599581_Resume-Tertius-Geldenhuys-LinkedIn.pdf [FileDeduplicator.py:105]
2025-06-05 17:26:22,962 - file_manager - INFO - Dry run: Would remove duplicate: C:\Users\terti\OneDrive\pdf\1617033599581_Resume-Tertius-Geldenhuys-LinkedIn_1.pdf [FileDeduplicator.py:105]
2025-06-05 17:26:22,962 - file_manager - INFO - Dry run: Would remove duplicate: C:\Users\terti\OneDrive\pdf\1617136471908_Resume-Tertius-Geldenhuys-LinkedIn.pdf [FileDeduplicator.py:105]
2025-06-05 17:26:22,976 - file_manager - INFO - Dry run: Would remove duplicate: C:\Users\terti\OneDrive\pdf\1617136471908_Resume-Tertius-Geldenhuys-LinkedIn_1.pdf [FileDeduplicator.py:105]
2025-06-05 17:26:22,977 - file_manager - INFO - Dry run: Would remove duplicate: C:\Users\terti\OneDrive\pdf\16_3213338_en_OM.pdf [FileDeduplicator.py:105]
2025-06-05 17:26:22,977 - file_manager - INFO - Dry run: Would remove duplicate: C:\Users\terti\OneDrive\pdf\171123090723_0001_1.pdf [FileDeduplicator.py:105]
2025-06-05 17:26:22,977 - file_manager - INFO - Dry run: Would remove duplicate: C:\Users\terti\OneDrive\pdf\17rulechange_0_1.pdf [FileDeduplicator.py:105]
2025-06-05 17:26:22,977 - file_manager - INFO - Dry run: Would remove duplicate: C:\Users\terti\OneDrive\pdf\17rulechange_0_2.pdf [FileDeduplicator.py:105]
2025-06-05 17:26:22,977 - file_manager - INFO - Dry run: Would remove duplicate: C:\Users\terti\OneDrive\pdf\20-shopify-landing-pages-140417101654-phpapp01(1)_1.pdf [FileDeduplicator.py:105]
2025-06-05 17:26:22,977 - file_manager - INFO - Dry run: Would remove duplicate: C:\Users\terti\OneDrive\pdf\20-shopify-landing-pages-140417101654-phpapp01(1)_2.pdf [FileDeduplicator.py:105]
2025-06-05 17:26:22,977 - file_manager - INFO - Dry run: Would remove duplicate: C:\Users\terti\OneDrive\pdf\20-shopify-landing-pages-140417101654-phpapp01_1.pdf [FileDeduplicator.py:105]
2025-06-05 17:26:22,977 - file_manager - INFO - Dry run: Would remove duplicate: C:\Users\terti\OneDrive\pdf\20-shopify-landing-pages-140417101654-phpapp01_2.pdf [FileDeduplicator.py:105]
2025-06-05 17:26:22,977 - file_manager - INFO - Dry run: Would remove duplicate: C:\Users\terti\OneDrive\pdf\2016-AGREEMENT BETWEEN LANDLORD AND CHAS - MANAGEMENT OPTION 1_1.pdf [FileDeduplicator.py:105]
2025-06-05 17:26:22,977 - file_manager - INFO - Dry run: Would remove duplicate: C:\Users\terti\OneDrive\pdf\2016-AGREEMENT BETWEEN LANDLORD AND CHAS - MANAGEMENT OPTION 2.pdf [FileDeduplicator.py:105]
2025-06-05 17:26:22,977 - file_manager - INFO - Dry run: Would remove duplicate: C:\Users\terti\OneDrive\pdf\2016-AGREEMENT BETWEEN LANDLORD AND CHAS - MANAGEMENT OPTION 2_1.pdf [FileDeduplicator.py:105]
2025-06-05 17:26:22,977 - file_manager - INFO - Dry run: Would remove duplicate: C:\Users\terti\OneDrive\pdf\2016-AGREEMENT BETWEEN LANDLORD AND CHAS - MANAGEMENT OPTION.pdf [FileDeduplicator.py:105]
2025-06-05 17:26:22,978 - file_manager - INFO - Dry run: Would remove duplicate: C:\Users\terti\OneDrive\pdf\2016-AGREEMENT BETWEEN LANDLORD AND CHAS - MANAGEMENT OPTION_1.pdf [FileDeduplicator.py:105]
2025-06-05 17:26:22,978 - file_manager - INFO - Dry run: Would remove duplicate: C:\Users\terti\OneDrive\pdf\2017 GetSavvi Provider Manual - FINAL 1_1.pdf [FileDeduplicator.py:105]
2025-06-05 17:26:22,978 - file_manager - INFO - Dry run: Would remove duplicate: C:\Users\terti\OneDrive\pdf\2017 GetSavvi Provider Manual - FINAL 2.pdf [FileDeduplicator.py:105]
2025-06-05 17:26:22,978 - file_manager - INFO - Dry run: Would remove duplicate: C:\Users\terti\OneDrive\pdf\2017 GetSavvi Provider Manual - FINAL 2_1.pdf [FileDeduplicator.py:105]
2025-06-05 17:26:22,978 - file_manager - INFO - Dry run: Would remove duplicate: C:\Users\terti\OneDrive\pdf\2017 GetSavvi Provider Manual - FINAL.pdf [FileDeduplicator.py:105]
2025-06-05 17:26:22,978 - file_manager - INFO - Dry run: Would remove duplicate: C:\Users\terti\OneDrive\pdf\2017 GetSavvi Provider Manual - FINAL_1.pdf [FileDeduplicator.py:105]
2025-06-05 17:26:22,978 - file_manager - INFO - Dry run: Would remove duplicate: C:\Users\terti\OneDrive\pdf\2017 PAMC Provider Manual - EEBS 1_1.pdf [FileDeduplicator.py:105]
2025-06-05 17:26:22,978 - file_manager - INFO - Dry run: Would remove duplicate: C:\Users\terti\OneDrive\pdf\2017 PAMC Provider Manual - EEBS 2.pdf [FileDeduplicator.py:105]
2025-06-05 17:26:22,978 - file_manager - INFO - Dry run: Would remove duplicate: C:\Users\terti\OneDrive\pdf\2017 PAMC Provider Manual - EEBS 2_1.pdf [FileDeduplicator.py:105]
2025-06-05 17:26:22,978 - file_manager - INFO - Dry run: Would remove duplicate: C:\Users\terti\OneDrive\pdf\2017 PAMC Provider Manual - EEBS.pdf [FileDeduplicator.py:105]
2025-06-05 17:26:22,992 - file_manager - INFO - Dry run: Would remove duplicate: C:\Users\terti\OneDrive\pdf\2017 PAMC Provider Manual - EEBS_1.pdf [FileDeduplicator.py:105]
2025-06-05 17:26:22,992 - file_manager - INFO - Dry run: Would remove duplicate: C:\Users\terti\OneDrive\pdf\2017 PAMC Provider Manual - FINAL Rev2 1_1.pdf [FileDeduplicator.py:105]
2025-06-05 17:26:22,992 - file_manager - INFO - Dry run: Would remove duplicate: C:\Users\terti\OneDrive\pdf\2017 PAMC Provider Manual - FINAL Rev2 2.pdf [FileDeduplicator.py:105]
2025-06-05 17:26:22,992 - file_manager - INFO - Dry run: Would remove duplicate: C:\Users\terti\OneDrive\pdf\2017 PAMC Provider Manual - FINAL Rev2 2_1.pdf [FileDeduplicator.py:105]
2025-06-05 17:26:22,992 - file_manager - INFO - Dry run: Would remove duplicate: C:\Users\terti\OneDrive\pdf\2017 PAMC Provider Manual - FINAL Rev2.pdf [FileDeduplicator.py:105]
2025-06-05 17:26:22,993 - file_manager - INFO - Dry run: Would remove duplicate: C:\Users\terti\OneDrive\pdf\2017 PAMC Provider Manual - FINAL Rev2_1.pdf [FileDeduplicator.py:105]
2025-06-05 17:26:22,993 - file_manager - INFO - Dry run: Would remove duplicate: C:\Users\terti\OneDrive\pdf\2017 Trustee Election - Candidate List 1_1.pdf [FileDeduplicator.py:105]
2025-06-05 17:26:22,993 - file_manager - INFO - Dry run: Would remove duplicate: C:\Users\terti\OneDrive\pdf\2017 Trustee Election - Candidate List.pdf [FileDeduplicator.py:105]
2025-06-05 17:26:22,993 - file_manager - INFO - Dry run: Would remove duplicate: C:\Users\terti\OneDrive\pdf\2017 Trustee Election - Candidate List_1.pdf [FileDeduplicator.py:105]
2025-06-05 17:26:22,993 - file_manager - INFO - Dry run: Would remove duplicate: C:\Users\terti\OneDrive\pdf\2017-06-08_GELDENHUYS T PROF_LA00082_Juta000005 {JT00504376} 1_1.pdf [FileDeduplicator.py:105]
2025-06-05 17:26:22,993 - file_manager - INFO - Dry run: Would remove duplicate: C:\Users\terti\OneDrive\pdf\2017-06-08_GELDENHUYS T PROF_LA00082_Juta000005 {JT00504376}.pdf [FileDeduplicator.py:105]
2025-06-05 17:26:22,993 - file_manager - INFO - Dry run: Would remove duplicate: C:\Users\terti\OneDrive\pdf\2017-06-08_GELDENHUYS T PROF_LA00082_Juta000005 {JT00504376}_1.pdf [FileDeduplicator.py:105]
2025-06-05 17:26:22,993 - file_manager - INFO - Dry run: Would remove duplicate: C:\Users\terti\OneDrive\pdf\2017-06-08_GELDENHUYS T PROF_LA00082_Juta000005 {JT00504377} 1_1.pdf [FileDeduplicator.py:105]
2025-06-05 17:26:22,994 - file_manager - INFO - Dry run: Would remove duplicate: C:\Users\terti\OneDrive\pdf\2017-06-08_GELDENHUYS T PROF_LA00082_Juta000005 {JT00504377}.pdf [FileDeduplicator.py:105]
2025-06-05 17:26:22,994 - file_manager - INFO - Dry run: Would remove duplicate: C:\Users\terti\OneDrive\pdf\2017-06-08_GELDENHUYS T PROF_LA00082_Juta000005 {JT00504377}_1.pdf [FileDeduplicator.py:105]
2025-06-05 17:26:22,994 - file_manager - INFO - Dry run: Would remove duplicate: C:\Users\terti\OneDrive\pdf\2017-31-07_Docker_INV-F9C588 1_1.pdf [FileDeduplicator.py:105]
2025-06-05 17:26:22,994 - file_manager - INFO - Dry run: Would remove duplicate: C:\Users\terti\OneDrive\pdf\2017-31-07_Docker_INV-F9C588.pdf [FileDeduplicator.py:105]
2025-06-05 17:26:22,994 - file_manager - INFO - Dry run: Would remove duplicate: C:\Users\terti\OneDrive\pdf\2017-31-07_Docker_INV-F9C588_1.pdf [FileDeduplicator.py:105]
2025-06-05 17:26:22,994 - file_manager - INFO - Dry run: Would remove duplicate: C:\Users\terti\OneDrive\pdf\20170303 AGM Notice Pack (2).pdf [FileDeduplicator.py:105]
2025-06-05 17:26:22,994 - file_manager - INFO - Dry run: Would remove duplicate: C:\Users\terti\OneDrive\pdf\20170303 AGM Notice Pack(1).pdf [FileDeduplicator.py:105]
2025-06-05 17:26:22,994 - file_manager - INFO - Dry run: Would remove duplicate: C:\Users\terti\OneDrive\pdf\20170303 AGM Notice Pack(2).pdf [FileDeduplicator.py:105]
2025-06-05 17:26:22,995 - file_manager - INFO - Dry run: Would remove duplicate: C:\Users\terti\OneDrive\pdf\20170303 AGM Notice Pack.pdf [FileDeduplicator.py:105]
2025-06-05 17:26:22,995 - file_manager - INFO - Dry run: Would remove duplicate: C:\Users\terti\OneDrive\pdf\20170303 AGM Notice Pack_1.pdf [FileDeduplicator.py:105]
2025-06-05 17:26:23,007 - file_manager - INFO - Dry run: Would remove duplicate: C:\Users\terti\OneDrive\pdf\20170331 Notice of Annual Contributions and charges payable - Levy Schedule - MInutes - Conduct Rules 1_1.pdf [FileDeduplicator.py:105]
2025-06-05 17:26:23,007 - file_manager - INFO - Dry run: Would remove duplicate: C:\Users\terti\OneDrive\pdf\20170331 Notice of Annual Contributions and charges payable - Levy Schedule - MInutes - Conduct Rules 2.pdf [FileDeduplicator.py:105]
2025-06-05 17:26:23,007 - file_manager - INFO - Dry run: Would remove duplicate: C:\Users\terti\OneDrive\pdf\20170331 Notice of Annual Contributions and charges payable - Levy Schedule - MInutes - Conduct Rules 2_1.pdf [FileDeduplicator.py:105]
2025-06-05 17:26:23,007 - file_manager - INFO - Dry run: Would remove duplicate: C:\Users\terti\OneDrive\pdf\20170331 Notice of Annual Contributions and charges payable - Levy Schedule - MInutes - Conduct Rules.pdf [FileDeduplicator.py:105]
2025-06-05 17:26:23,008 - file_manager - INFO - Dry run: Would remove duplicate: C:\Users\terti\OneDrive\pdf\20170331 Notice of Annual Contributions and charges payable - Levy Schedule - MInutes - Conduct Rules_1.pdf [FileDeduplicator.py:105]
2025-06-05 17:26:23,008 - file_manager - INFO - Dry run: Would remove duplicate: C:\Users\terti\OneDrive\pdf\2019 Global Go To Think Tank Index Report_1.pdf [FileDeduplicator.py:105]
2025-06-05 17:26:23,008 - file_manager - INFO - Dry run: Would remove duplicate: C:\Users\terti\OneDrive\pdf\2021_02_08 20_57 Office Lens 1_1.pdf [FileDeduplicator.py:105]
2025-06-05 17:26:23,008 - file_manager - INFO - Dry run: Would remove duplicate: C:\Users\terti\OneDrive\pdf\2021_02_08 20_57 Office Lens_1.pdf [FileDeduplicator.py:105]
2025-06-05 17:26:23,008 - file_manager - INFO - Dry run: Would remove duplicate: C:\Users\terti\OneDrive\pdf\2021_02_08 20_58 Office Lens 1_1.pdf [FileDeduplicator.py:105]
2025-06-05 17:26:23,008 - file_manager - INFO - Dry run: Would remove duplicate: C:\Users\terti\OneDrive\pdf\2021_02_08 20_58 Office Lens_1.pdf [FileDeduplicator.py:105]
2025-06-05 17:26:23,008 - file_manager - INFO - Dry run: Would remove duplicate: C:\Users\terti\OneDrive\pdf\2021_02_08 21_01 Office Lens_1.pdf [FileDeduplicator.py:105]
2025-06-05 17:26:23,008 - file_manager - INFO - Dry run: Would remove duplicate: C:\Users\terti\OneDrive\pdf\20231006_9185 3.pdf [FileDeduplicator.py:105]
2025-06-05 17:26:23,008 - file_manager - INFO - Dry run: Would remove duplicate: C:\Users\terti\OneDrive\pdf\20231006_9185.pdf [FileDeduplicator.py:105]
2025-06-05 17:26:23,008 - file_manager - INFO - Dry run: Would remove duplicate: C:\Users\terti\OneDrive\pdf\20473-Flyer-2020-11-16_1.pdf [FileDeduplicator.py:105]
2025-06-05 17:26:23,008 - file_manager - INFO - Dry run: Would remove duplicate: C:\Users\terti\OneDrive\pdf\21 OSINT Research_1.pdf [FileDeduplicator.py:105]
2025-06-05 17:26:23,008 - file_manager - INFO - Dry run: Would remove duplicate: C:\Users\terti\OneDrive\pdf\26798_1.pdf [FileDeduplicator.py:105]
2025-06-05 17:26:23,008 - file_manager - INFO - Dry run: Would remove duplicate: C:\Users\terti\OneDrive\pdf\3.5_ Wonga Loans Offer_1.pdf [FileDeduplicator.py:105]
2025-06-05 17:26:23,008 - file_manager - INFO - Dry run: Would remove duplicate: C:\Users\terti\OneDrive\pdf\302971773_1.pdf [FileDeduplicator.py:105]
2025-06-05 17:26:23,008 - file_manager - INFO - Dry run: Would remove duplicate: C:\Users\terti\OneDrive\pdf\35b61c592fb7e96cbe9a224aa922e886_1.pdf [FileDeduplicator.py:105]
2025-06-05 17:26:23,008 - file_manager - INFO - Dry run: Would remove duplicate: C:\Users\terti\OneDrive\pdf\3rdParty VPN Request - Signed_1.pdf [FileDeduplicator.py:105]
2025-06-05 17:26:23,008 - file_manager - INFO - Dry run: Would remove duplicate: C:\Users\terti\OneDrive\pdf\3rdParty VPN Request_1.pdf [FileDeduplicator.py:105]
2025-06-05 17:26:23,008 - file_manager - INFO - Dry run: Would remove duplicate: C:\Users\terti\OneDrive\pdf\4-new-moments-every-marketer-should-know(1)_1.pdf [FileDeduplicator.py:105]
2025-06-05 17:26:23,008 - file_manager - INFO - Dry run: Would remove duplicate: C:\Users\terti\OneDrive\pdf\4-new-moments-every-marketer-should-know(1)_2.pdf [FileDeduplicator.py:105]
2025-06-05 17:26:23,022 - file_manager - INFO - Dry run: Would remove duplicate: C:\Users\terti\OneDrive\pdf\4-new-moments-every-marketer-should-know_1.pdf [FileDeduplicator.py:105]
2025-06-05 17:26:23,022 - file_manager - INFO - Dry run: Would remove duplicate: C:\Users\terti\OneDrive\pdf\4-new-moments-every-marketer-should-know_2.pdf [FileDeduplicator.py:105]
2025-06-05 17:26:23,022 - file_manager - INFO - Dry run: Would remove duplicate: C:\Users\terti\OneDrive\pdf\40 B ASPEN TENANT APPL TERTIUS - signed.pdf [FileDeduplicator.py:105]
2025-06-05 17:26:23,022 - file_manager - INFO - Dry run: Would remove duplicate: C:\Users\terti\OneDrive\pdf\40 B ASPEN TENANT APPL TERTIUS - signed_1.pdf [FileDeduplicator.py:105]
2025-06-05 17:26:23,022 - file_manager - INFO - Dry run: Would remove duplicate: C:\Users\terti\OneDrive\pdf\40 B ASPEN TENANT APPL TERTIUS.pdf [FileDeduplicator.py:105]
2025-06-05 17:26:23,022 - file_manager - INFO - Dry run: Would remove duplicate: C:\Users\terti\OneDrive\pdf\40 B ASPEN TENANT APPL TERTIUS_1.pdf [FileDeduplicator.py:105]
2025-06-05 17:26:23,022 - file_manager - INFO - Dry run: Would remove duplicate: C:\Users\terti\OneDrive\pdf\4114839833.pdf [FileDeduplicator.py:105]
2025-06-05 17:26:23,022 - file_manager - INFO - Dry run: Would remove duplicate: C:\Users\terti\OneDrive\pdf\42c99935d11cb8e1070c1ad323ed7377 (2).pdf [FileDeduplicator.py:105]
2025-06-05 17:26:23,022 - file_manager - INFO - Dry run: Would remove duplicate: C:\Users\terti\OneDrive\pdf\42c99935d11cb8e1070c1ad323ed7377.pdf [FileDeduplicator.py:105]
2025-06-05 17:26:23,023 - file_manager - INFO - Dry run: Would remove duplicate: C:\Users\terti\OneDrive\pdf\449 Jan Bantjies Straat - Lease agreement(2).pdf [FileDeduplicator.py:105]
2025-06-05 17:26:23,023 - file_manager - INFO - Dry run: Would remove duplicate: C:\Users\terti\OneDrive\pdf\449 Jan Bantjies Straat - Lease agreement.pdf [FileDeduplicator.py:105]
2025-06-05 17:26:23,023 - file_manager - INFO - Dry run: Would remove duplicate: C:\Users\terti\OneDrive\pdf\449 Jan Bantjies Straat - Lease agreement_1.pdf [FileDeduplicator.py:105]
2025-06-05 17:26:23,023 - file_manager - INFO - Dry run: Would remove duplicate: C:\Users\terti\OneDrive\pdf\4686(1).pdf [FileDeduplicator.py:105]
2025-06-05 17:26:23,023 - file_manager - INFO - Dry run: Would remove duplicate: C:\Users\terti\OneDrive\pdf\4686.pdf [FileDeduplicator.py:105]
2025-06-05 17:26:23,023 - file_manager - INFO - Dry run: Would remove duplicate: C:\Users\terti\OneDrive\pdf\4686_1.pdf [FileDeduplicator.py:105]
2025-06-05 17:26:23,023 - file_manager - INFO - Dry run: Would remove duplicate: C:\Users\terti\OneDrive\pdf\48233_Payment_Notification (2).pdf [FileDeduplicator.py:105]
2025-06-05 17:26:23,023 - file_manager - INFO - Dry run: Would remove duplicate: C:\Users\terti\OneDrive\pdf\48233_Payment_Notification(1).pdf [FileDeduplicator.py:105]
2025-06-05 17:26:23,023 - file_manager - INFO - Dry run: Would remove duplicate: C:\Users\terti\OneDrive\pdf\48233_Payment_Notification(2).pdf [FileDeduplicator.py:105]
2025-06-05 17:26:23,023 - file_manager - INFO - Dry run: Would remove duplicate: C:\Users\terti\OneDrive\pdf\48233_Payment_Notification.pdf [FileDeduplicator.py:105]
2025-06-05 17:26:23,023 - file_manager - INFO - Dry run: Would remove duplicate: C:\Users\terti\OneDrive\pdf\48233_Payment_Notification_1.pdf [FileDeduplicator.py:105]
2025-06-05 17:26:23,023 - file_manager - INFO - Dry run: Would remove duplicate: C:\Users\terti\OneDrive\pdf\5 new programming languages to watch out for in(1)_1.pdf [FileDeduplicator.py:105]
2025-06-05 17:26:23,023 - file_manager - INFO - Dry run: Would remove duplicate: C:\Users\terti\OneDrive\pdf\5 new programming languages to watch out for in(1)_2.pdf [FileDeduplicator.py:105]
2025-06-05 17:26:23,023 - file_manager - INFO - Dry run: Would remove duplicate: C:\Users\terti\OneDrive\pdf\5 new programming languages to watch out for in_1.pdf [FileDeduplicator.py:105]
2025-06-05 17:26:23,023 - file_manager - INFO - Dry run: Would remove duplicate: C:\Users\terti\OneDrive\pdf\5 new programming languages to watch out for in_2.pdf [FileDeduplicator.py:105]
2025-06-05 17:26:23,023 - file_manager - INFO - Dry run: Would remove duplicate: C:\Users\terti\OneDrive\pdf\5228579722183526-1 1_1.pdf [FileDeduplicator.py:105]
2025-06-05 17:26:23,023 - file_manager - INFO - Dry run: Would remove duplicate: C:\Users\terti\OneDrive\pdf\5228579722183526-1.pdf [FileDeduplicator.py:105]
2025-06-05 17:26:23,037 - file_manager - INFO - Dry run: Would remove duplicate: C:\Users\terti\OneDrive\pdf\5228579722183526-1_1.pdf [FileDeduplicator.py:105]
2025-06-05 17:26:23,037 - file_manager - INFO - Dry run: Would remove duplicate: C:\Users\terti\OneDrive\pdf\5950_resource_5a828c469db51039368352(1)_1.pdf [FileDeduplicator.py:105]
2025-06-05 17:26:23,038 - file_manager - INFO - Dry run: Would remove duplicate: C:\Users\terti\OneDrive\pdf\5950_resource_5a828c469db51039368352(1)_2.pdf [FileDeduplicator.py:105]
2025-06-05 17:26:23,038 - file_manager - INFO - Dry run: Would remove duplicate: C:\Users\terti\OneDrive\pdf\5950_resource_5a828c469db51039368352_1.pdf [FileDeduplicator.py:105]
2025-06-05 17:26:23,038 - file_manager - INFO - Dry run: Would remove duplicate: C:\Users\terti\OneDrive\pdf\5950_resource_5a828c469db51039368352_2.pdf [FileDeduplicator.py:105]
2025-06-05 17:26:23,038 - file_manager - INFO - Dry run: Would remove duplicate: C:\Users\terti\OneDrive\pdf\5950_resource_5a8eeab79d442644578757(1)_1.pdf [FileDeduplicator.py:105]
2025-06-05 17:26:23,038 - file_manager - INFO - Dry run: Would remove duplicate: C:\Users\terti\OneDrive\pdf\5950_resource_5a8eeab79d442644578757(1)_2.pdf [FileDeduplicator.py:105]
2025-06-05 17:26:23,038 - file_manager - INFO - Dry run: Would remove duplicate: C:\Users\terti\OneDrive\pdf\5950_resource_5a8eeab79d442644578757_1.pdf [FileDeduplicator.py:105]
2025-06-05 17:26:23,038 - file_manager - INFO - Dry run: Would remove duplicate: C:\Users\terti\OneDrive\pdf\5950_resource_5a8eeab79d442644578757_2.pdf [FileDeduplicator.py:105]
2025-06-05 17:26:23,038 - file_manager - INFO - Dry run: Would remove duplicate: C:\Users\terti\OneDrive\pdf\5994fe89-b69c-4361-be65-c9aca3afb188_1.pdf [FileDeduplicator.py:105]
2025-06-05 17:26:23,038 - file_manager - INFO - Dry run: Would remove duplicate: C:\Users\terti\OneDrive\pdf\5ad8d1193a40977462982470_scalable_reward_distribution_paper_1.pdf [FileDeduplicator.py:105]
2025-06-05 17:26:23,038 - file_manager - INFO - Dry run: Would remove duplicate: C:\Users\terti\OneDrive\pdf\6 Effective Ways to Become Persistent(1)_1.pdf [FileDeduplicator.py:105]
2025-06-05 17:26:23,038 - file_manager - INFO - Dry run: Would remove duplicate: C:\Users\terti\OneDrive\pdf\6 Effective Ways to Become Persistent(1)_2.pdf [FileDeduplicator.py:105]
2025-06-05 17:26:23,038 - file_manager - INFO - Dry run: Would remove duplicate: C:\Users\terti\OneDrive\pdf\6 Effective Ways to Become Persistent_1.pdf [FileDeduplicator.py:105]
2025-06-05 17:26:23,038 - file_manager - INFO - Dry run: Would remove duplicate: C:\Users\terti\OneDrive\pdf\6 Effective Ways to Become Persistent_2.pdf [FileDeduplicator.py:105]
2025-06-05 17:26:23,038 - file_manager - INFO - Dry run: Would remove duplicate: C:\Users\terti\OneDrive\pdf\60230625_POP(1)_1.pdf [FileDeduplicator.py:105]
2025-06-05 17:26:23,038 - file_manager - INFO - Dry run: Would remove duplicate: C:\Users\terti\OneDrive\pdf\60230625_POP(1)_2.pdf [FileDeduplicator.py:105]
2025-06-05 17:26:23,038 - file_manager - INFO - Dry run: Would remove duplicate: C:\Users\terti\OneDrive\pdf\60230625_POP_1.pdf [FileDeduplicator.py:105]
2025-06-05 17:26:23,038 - file_manager - INFO - Dry run: Would remove duplicate: C:\Users\terti\OneDrive\pdf\60230625_POP_2.pdf [FileDeduplicator.py:105]
2025-06-05 17:26:23,038 - file_manager - INFO - Dry run: Would remove duplicate: C:\Users\terti\OneDrive\pdf\610534-2017-07-19 1_1.pdf [FileDeduplicator.py:105]
2025-06-05 17:26:23,038 - file_manager - INFO - Dry run: Would remove duplicate: C:\Users\terti\OneDrive\pdf\610534-2017-07-19 2.pdf [FileDeduplicator.py:105]
2025-06-05 17:26:23,038 - file_manager - INFO - Dry run: Would remove duplicate: C:\Users\terti\OneDrive\pdf\610534-2017-07-19 2_1.pdf [FileDeduplicator.py:105]
2025-06-05 17:26:23,038 - file_manager - INFO - Dry run: Would remove duplicate: C:\Users\terti\OneDrive\pdf\610534-2017-07-19.pdf [FileDeduplicator.py:105]
2025-06-05 17:26:23,038 - file_manager - INFO - Dry run: Would remove duplicate: C:\Users\terti\OneDrive\pdf\610534-2017-07-19_1.pdf [FileDeduplicator.py:105]
2025-06-05 17:26:23,052 - file_manager - INFO - Dry run: Would remove duplicate: C:\Users\terti\OneDrive\pdf\610534-2017-07-26 1_1.pdf [FileDeduplicator.py:105]
2025-06-05 17:26:23,052 - file_manager - INFO - Dry run: Would remove duplicate: C:\Users\terti\OneDrive\pdf\610534-2017-07-26.pdf [FileDeduplicator.py:105]
2025-06-05 17:26:23,052 - file_manager - INFO - Dry run: Would remove duplicate: C:\Users\terti\OneDrive\pdf\610534-2017-07-26_1.pdf [FileDeduplicator.py:105]
2025-06-05 17:26:23,052 - file_manager - INFO - Dry run: Would remove duplicate: C:\Users\terti\OneDrive\pdf\62432003648 1_1.pdf [FileDeduplicator.py:105]
2025-06-05 17:26:23,053 - file_manager - INFO - Dry run: Would remove duplicate: C:\Users\terti\OneDrive\pdf\62432003648 2.pdf [FileDeduplicator.py:105]
2025-06-05 17:26:23,053 - file_manager - INFO - Dry run: Would remove duplicate: C:\Users\terti\OneDrive\pdf\62432003648 2016-06-18(1)_1.pdf [FileDeduplicator.py:105]
2025-06-05 17:26:23,053 - file_manager - INFO - Dry run: Would remove duplicate: C:\Users\terti\OneDrive\pdf\62432003648 2016-06-18(1)_2.pdf [FileDeduplicator.py:105]
2025-06-05 17:26:23,053 - file_manager - INFO - Dry run: Would remove duplicate: C:\Users\terti\OneDrive\pdf\62432003648 2016-06-18_1.pdf [FileDeduplicator.py:105]
2025-06-05 17:26:23,053 - file_manager - INFO - Dry run: Would remove duplicate: C:\Users\terti\OneDrive\pdf\62432003648 2016-06-18_2.pdf [FileDeduplicator.py:105]
2025-06-05 17:26:23,053 - file_manager - INFO - Dry run: Would remove duplicate: C:\Users\terti\OneDrive\pdf\62432003648 2017-03-18 (2).pdf [FileDeduplicator.py:105]
2025-06-05 17:26:23,053 - file_manager - INFO - Dry run: Would remove duplicate: C:\Users\terti\OneDrive\pdf\62432003648 2017-03-18(1).pdf [FileDeduplicator.py:105]
2025-06-05 17:26:23,053 - file_manager - INFO - Dry run: Would remove duplicate: C:\Users\terti\OneDrive\pdf\62432003648 2017-03-18(2).pdf [FileDeduplicator.py:105]
2025-06-05 17:26:23,053 - file_manager - INFO - Dry run: Would remove duplicate: C:\Users\terti\OneDrive\pdf\62432003648 2017-03-18.pdf [FileDeduplicator.py:105]
2025-06-05 17:26:23,053 - file_manager - INFO - Dry run: Would remove duplicate: C:\Users\terti\OneDrive\pdf\62432003648 2017-03-18_1.pdf [FileDeduplicator.py:105]
2025-06-05 17:26:23,053 - file_manager - INFO - Dry run: Would remove duplicate: C:\Users\terti\OneDrive\pdf\62432003648 2017-04-16 1_1.pdf [FileDeduplicator.py:105]
2025-06-05 17:26:23,053 - file_manager - INFO - Dry run: Would remove duplicate: C:\Users\terti\OneDrive\pdf\62432003648 2017-04-16.pdf [FileDeduplicator.py:105]
2025-06-05 17:26:23,053 - file_manager - INFO - Dry run: Would remove duplicate: C:\Users\terti\OneDrive\pdf\62432003648 2017-04-16_1.pdf [FileDeduplicator.py:105]
2025-06-05 17:26:23,053 - file_manager - INFO - Dry run: Would remove duplicate: C:\Users\terti\OneDrive\pdf\62432003648 2017-05-18 1_1.pdf [FileDeduplicator.py:105]
2025-06-05 17:26:23,053 - file_manager - INFO - Dry run: Would remove duplicate: C:\Users\terti\OneDrive\pdf\62432003648 2017-05-18 2.pdf [FileDeduplicator.py:105]
2025-06-05 17:26:23,053 - file_manager - INFO - Dry run: Would remove duplicate: C:\Users\terti\OneDrive\pdf\62432003648 2017-05-18 2_1.pdf [FileDeduplicator.py:105]
2025-06-05 17:26:23,053 - file_manager - INFO - Dry run: Would remove duplicate: C:\Users\terti\OneDrive\pdf\62432003648 2017-05-18.pdf [FileDeduplicator.py:105]
2025-06-05 17:26:23,053 - file_manager - INFO - Dry run: Would remove duplicate: C:\Users\terti\OneDrive\pdf\62432003648 2017-05-18_1.pdf [FileDeduplicator.py:105]
2025-06-05 17:26:23,053 - file_manager - INFO - Dry run: Would remove duplicate: C:\Users\terti\OneDrive\pdf\62432003648 2017-06-19 1_1.pdf [FileDeduplicator.py:105]
2025-06-05 17:26:23,053 - file_manager - INFO - Dry run: Would remove duplicate: C:\Users\terti\OneDrive\pdf\62432003648 2017-06-19.pdf [FileDeduplicator.py:105]
2025-06-05 17:26:23,053 - file_manager - INFO - Dry run: Would remove duplicate: C:\Users\terti\OneDrive\pdf\62432003648 2017-06-19_1.pdf [FileDeduplicator.py:105]
2025-06-05 17:26:23,053 - file_manager - INFO - Dry run: Would remove duplicate: C:\Users\terti\OneDrive\pdf\62432003648 2017-07-18 1_1.pdf [FileDeduplicator.py:105]
2025-06-05 17:26:23,053 - file_manager - INFO - Dry run: Would remove duplicate: C:\Users\terti\OneDrive\pdf\62432003648 2017-07-18.pdf [FileDeduplicator.py:105]
2025-06-05 17:26:23,067 - file_manager - INFO - Dry run: Would remove duplicate: C:\Users\terti\OneDrive\pdf\62432003648 2017-07-18_1.pdf [FileDeduplicator.py:105]
2025-06-05 17:26:23,068 - file_manager - INFO - Dry run: Would remove duplicate: C:\Users\terti\OneDrive\pdf\62432003648 2_1.pdf [FileDeduplicator.py:105]
2025-06-05 17:26:23,068 - file_manager - INFO - Dry run: Would remove duplicate: C:\Users\terti\OneDrive\pdf\62432003648.pdf [FileDeduplicator.py:105]
2025-06-05 17:26:23,068 - file_manager - INFO - Dry run: Would remove duplicate: C:\Users\terti\OneDrive\pdf\62432003648_1.pdf [FileDeduplicator.py:105]
2025-06-05 17:26:23,068 - file_manager - INFO - Dry run: Would remove duplicate: C:\Users\terti\OneDrive\pdf\62678987987 1_1.pdf [FileDeduplicator.py:105]
2025-06-05 17:26:23,068 - file_manager - INFO - Dry run: Would remove duplicate: C:\Users\terti\OneDrive\pdf\62678987987 2.pdf [FileDeduplicator.py:105]
2025-06-05 17:26:23,068 - file_manager - INFO - Dry run: Would remove duplicate: C:\Users\terti\OneDrive\pdf\62678987987 2017-07-02 1_1.pdf [FileDeduplicator.py:105]
2025-06-05 17:26:23,068 - file_manager - INFO - Dry run: Would remove duplicate: C:\Users\terti\OneDrive\pdf\62678987987 2017-07-02.pdf [FileDeduplicator.py:105]
2025-06-05 17:26:23,068 - file_manager - INFO - Dry run: Would remove duplicate: C:\Users\terti\OneDrive\pdf\62678987987 2017-07-02_1.pdf [FileDeduplicator.py:105]
2025-06-05 17:26:23,068 - file_manager - INFO - Dry run: Would remove duplicate: C:\Users\terti\OneDrive\pdf\62678987987 2_1.pdf [FileDeduplicator.py:105]
2025-06-05 17:26:23,068 - file_manager - INFO - Dry run: Would remove duplicate: C:\Users\terti\OneDrive\pdf\62678987987.pdf [FileDeduplicator.py:105]
2025-06-05 17:26:23,068 - file_manager - INFO - Dry run: Would remove duplicate: C:\Users\terti\OneDrive\pdf\62678987987_1.pdf [FileDeduplicator.py:105]
2025-06-05 17:26:23,069 - file_manager - INFO - Dry run: Would remove duplicate: C:\Users\terti\OneDrive\pdf\62679908867 1_1.pdf [FileDeduplicator.py:105]
2025-06-05 17:26:23,069 - file_manager - INFO - Dry run: Would remove duplicate: C:\Users\terti\OneDrive\pdf\62679908867 2.pdf [FileDeduplicator.py:105]
2025-06-05 17:26:23,069 - file_manager - INFO - Dry run: Would remove duplicate: C:\Users\terti\OneDrive\pdf\62679908867 2017-07-02 1_1.pdf [FileDeduplicator.py:105]
2025-06-05 17:26:23,069 - file_manager - INFO - Dry run: Would remove duplicate: C:\Users\terti\OneDrive\pdf\62679908867 2017-07-02.pdf [FileDeduplicator.py:105]
2025-06-05 17:26:23,069 - file_manager - INFO - Dry run: Would remove duplicate: C:\Users\terti\OneDrive\pdf\62679908867 2017-07-02_1.pdf [FileDeduplicator.py:105]
2025-06-05 17:26:23,069 - file_manager - INFO - Dry run: Would remove duplicate: C:\Users\terti\OneDrive\pdf\62679908867 2_1.pdf [FileDeduplicator.py:105]
2025-06-05 17:26:23,069 - file_manager - INFO - Dry run: Would remove duplicate: C:\Users\terti\OneDrive\pdf\62679908867.pdf [FileDeduplicator.py:105]
2025-06-05 17:26:23,069 - file_manager - INFO - Dry run: Would remove duplicate: C:\Users\terti\OneDrive\pdf\62679908867_1.pdf [FileDeduplicator.py:105]
2025-06-05 17:26:23,069 - file_manager - INFO - Dry run: Would remove duplicate: C:\Users\terti\OneDrive\pdf\62762034941_20181108_20181109_28011_2107977171_D_1.pdf [FileDeduplicator.py:105]
2025-06-05 17:26:23,069 - file_manager - INFO - Dry run: Would remove duplicate: C:\Users\terti\OneDrive\pdf\62762034941_20181208_20181210_29304_225393632_D_1.pdf [FileDeduplicator.py:105]
2025-06-05 17:26:23,069 - file_manager - INFO - Dry run: Would remove duplicate: C:\Users\terti\OneDrive\pdf\62762034941_20190108_20190109_30419_109697815_D_1.pdf [FileDeduplicator.py:105]
2025-06-05 17:26:23,069 - file_manager - INFO - Dry run: Would remove duplicate: C:\Users\terti\OneDrive\pdf\62762034941_20190108_20190109_30419_2052241631_D_1.pdf [FileDeduplicator.py:105]
2025-06-05 17:26:23,069 - file_manager - INFO - Dry run: Would remove duplicate: C:\Users\terti\OneDrive\pdf\62762034941_20200208_20200210_48208_512953930_D_1.pdf [FileDeduplicator.py:105]
2025-06-05 17:26:23,069 - file_manager - INFO - Dry run: Would remove duplicate: C:\Users\terti\OneDrive\pdf\62789710425-confirmation_1.pdf [FileDeduplicator.py:105]
2025-06-05 17:26:23,083 - file_manager - INFO - Dry run: Would remove duplicate: C:\Users\terti\OneDrive\pdf\62872480951_20201027(1)_1.pdf [FileDeduplicator.py:105]
2025-06-05 17:26:23,083 - file_manager - INFO - Dry run: Would remove duplicate: C:\Users\terti\OneDrive\pdf\62872480951_20201027.pdf [FileDeduplicator.py:105]
2025-06-05 17:26:23,083 - file_manager - INFO - Dry run: Would remove duplicate: C:\Users\terti\OneDrive\pdf\62872480951_20201027_1.pdf [FileDeduplicator.py:105]
2025-06-05 17:26:23,083 - file_manager - INFO - Dry run: Would remove duplicate: C:\Users\terti\OneDrive\pdf\662848 1_1.pdf [FileDeduplicator.py:105]
2025-06-05 17:26:23,083 - file_manager - INFO - Dry run: Would remove duplicate: C:\Users\terti\OneDrive\pdf\662848 2.pdf [FileDeduplicator.py:105]
2025-06-05 17:26:23,084 - file_manager - INFO - Dry run: Would remove duplicate: C:\Users\terti\OneDrive\pdf\662848 2_1.pdf [FileDeduplicator.py:105]
2025-06-05 17:26:23,084 - file_manager - INFO - Dry run: Would remove duplicate: C:\Users\terti\OneDrive\pdf\662848 3_1.pdf [FileDeduplicator.py:105]
2025-06-05 17:26:23,084 - file_manager - INFO - Dry run: Would remove duplicate: C:\Users\terti\OneDrive\pdf\662848 4.pdf [FileDeduplicator.py:105]
2025-06-05 17:26:23,084 - file_manager - INFO - Dry run: Would remove duplicate: C:\Users\terti\OneDrive\pdf\662848 4_1.pdf [FileDeduplicator.py:105]
2025-06-05 17:26:23,084 - file_manager - INFO - Dry run: Would remove duplicate: C:\Users\terti\OneDrive\pdf\662848 5.pdf [FileDeduplicator.py:105]
2025-06-05 17:26:23,084 - file_manager - INFO - Dry run: Would remove duplicate: C:\Users\terti\OneDrive\pdf\662848 5_1.pdf [FileDeduplicator.py:105]
2025-06-05 17:26:23,084 - file_manager - INFO - Dry run: Would remove duplicate: C:\Users\terti\OneDrive\pdf\662848 6_1.pdf [FileDeduplicator.py:105]
2025-06-05 17:26:23,084 - file_manager - INFO - Dry run: Would remove duplicate: C:\Users\terti\OneDrive\pdf\662848 7.pdf [FileDeduplicator.py:105]
2025-06-05 17:26:23,084 - file_manager - INFO - Dry run: Would remove duplicate: C:\Users\terti\OneDrive\pdf\662848 7_1.pdf [FileDeduplicator.py:105]
2025-06-05 17:26:23,084 - file_manager - INFO - Dry run: Would remove duplicate: C:\Users\terti\OneDrive\pdf\662848 8_1.pdf [FileDeduplicator.py:105]
2025-06-05 17:26:23,084 - file_manager - INFO - Dry run: Would remove duplicate: C:\Users\terti\OneDrive\pdf\662848 9.pdf [FileDeduplicator.py:105]
2025-06-05 17:26:23,084 - file_manager - INFO - Dry run: Would remove duplicate: C:\Users\terti\OneDrive\pdf\662848 9_1.pdf [FileDeduplicator.py:105]
2025-06-05 17:26:23,084 - file_manager - INFO - Dry run: Would remove duplicate: C:\Users\terti\OneDrive\pdf\662848.pdf [FileDeduplicator.py:105]
2025-06-05 17:26:23,084 - file_manager - INFO - Dry run: Would remove duplicate: C:\Users\terti\OneDrive\pdf\662848_1.pdf [FileDeduplicator.py:105]
2025-06-05 17:26:23,084 - file_manager - INFO - Dry run: Would remove duplicate: C:\Users\terti\OneDrive\pdf\662848_1_1.pdf [FileDeduplicator.py:105]
2025-06-05 17:26:23,084 - file_manager - INFO - Dry run: Would remove duplicate: C:\Users\terti\OneDrive\pdf\662848_2.pdf [FileDeduplicator.py:105]
2025-06-05 17:26:23,084 - file_manager - INFO - Dry run: Would remove duplicate: C:\Users\terti\OneDrive\pdf\7 Super Secret Android Tricks That You Must Kno(1)_1.pdf [FileDeduplicator.py:105]
2025-06-05 17:26:23,084 - file_manager - INFO - Dry run: Would remove duplicate: C:\Users\terti\OneDrive\pdf\7 Super Secret Android Tricks That You Must Kno(1)_2.pdf [FileDeduplicator.py:105]
2025-06-05 17:26:23,084 - file_manager - INFO - Dry run: Would remove duplicate: C:\Users\terti\OneDrive\pdf\7 Super Secret Android Tricks That You Must Kno_1.pdf [FileDeduplicator.py:105]
2025-06-05 17:26:23,084 - file_manager - INFO - Dry run: Would remove duplicate: C:\Users\terti\OneDrive\pdf\7 Super Secret Android Tricks That You Must Kno_2.pdf [FileDeduplicator.py:105]
2025-06-05 17:26:23,084 - file_manager - INFO - Dry run: Would remove duplicate: C:\Users\terti\OneDrive\pdf\74663761086 21-03-2017 (2).pdf [FileDeduplicator.py:105]
2025-06-05 17:26:23,099 - file_manager - INFO - Dry run: Would remove duplicate: C:\Users\terti\OneDrive\pdf\74663761086 21-03-2017(1).pdf [FileDeduplicator.py:105]
2025-06-05 17:26:23,099 - file_manager - INFO - Dry run: Would remove duplicate: C:\Users\terti\OneDrive\pdf\74663761086 21-03-2017(2).pdf [FileDeduplicator.py:105]
2025-06-05 17:26:23,099 - file_manager - INFO - Dry run: Would remove duplicate: C:\Users\terti\OneDrive\pdf\74663761086 21-03-2017.pdf [FileDeduplicator.py:105]
2025-06-05 17:26:23,099 - file_manager - INFO - Dry run: Would remove duplicate: C:\Users\terti\OneDrive\pdf\74663761086 21-03-2017_1.pdf [FileDeduplicator.py:105]
2025-06-05 17:26:23,099 - file_manager - INFO - Dry run: Would remove duplicate: C:\Users\terti\OneDrive\pdf\74663761086 22-06-2017 (2).pdf [FileDeduplicator.py:105]
2025-06-05 17:26:23,100 - file_manager - INFO - Dry run: Would remove duplicate: C:\Users\terti\OneDrive\pdf\74663761086 22-06-2017(1).pdf [FileDeduplicator.py:105]
2025-06-05 17:26:23,100 - file_manager - INFO - Dry run: Would remove duplicate: C:\Users\terti\OneDrive\pdf\74663761086 22-06-2017(2).pdf [FileDeduplicator.py:105]
2025-06-05 17:26:23,100 - file_manager - INFO - Dry run: Would remove duplicate: C:\Users\terti\OneDrive\pdf\74663761086 22-06-2017.pdf [FileDeduplicator.py:105]
2025-06-05 17:26:23,100 - file_manager - INFO - Dry run: Would remove duplicate: C:\Users\terti\OneDrive\pdf\74663761086 22-06-2017_1.pdf [FileDeduplicator.py:105]
2025-06-05 17:26:23,100 - file_manager - INFO - Dry run: Would remove duplicate: C:\Users\terti\OneDrive\pdf\85735453_2581064968819056_3848430988027756544_n_1.pdf [FileDeduplicator.py:105]
2025-06-05 17:26:23,100 - file_manager - INFO - Dry run: Would remove duplicate: C:\Users\terti\OneDrive\pdf\87426865_252257412444235_3565942484934590464_n_1.pdf [FileDeduplicator.py:105]
2025-06-05 17:26:23,100 - file_manager - INFO - Dry run: Would remove duplicate: C:\Users\terti\OneDrive\pdf\8c2b9c1ef9a244bf8106d54e1cb56a6c (1).pdf [FileDeduplicator.py:105]
2025-06-05 17:26:23,100 - file_manager - INFO - Dry run: Would remove duplicate: C:\Users\terti\OneDrive\pdf\8c2b9c1ef9a244bf8106d54e1cb56a6c (2).pdf [FileDeduplicator.py:105]
2025-06-05 17:26:23,100 - file_manager - INFO - Dry run: Would remove duplicate: C:\Users\terti\OneDrive\pdf\8c2b9c1ef9a244bf8106d54e1cb56a6c(1).pdf [FileDeduplicator.py:105]
2025-06-05 17:26:23,100 - file_manager - INFO - Dry run: Would remove duplicate: C:\Users\terti\OneDrive\pdf\8c2b9c1ef9a244bf8106d54e1cb56a6c(1)_1.pdf [FileDeduplicator.py:105]
2025-06-05 17:26:23,100 - file_manager - INFO - Dry run: Would remove duplicate: C:\Users\terti\OneDrive\pdf\8c2b9c1ef9a244bf8106d54e1cb56a6c.pdf [FileDeduplicator.py:105]
2025-06-05 17:26:23,100 - file_manager - INFO - Dry run: Would remove duplicate: C:\Users\terti\OneDrive\pdf\8c2b9c1ef9a244bf8106d54e1cb56a6c_1.pdf [FileDeduplicator.py:105]
2025-06-05 17:26:23,100 - file_manager - INFO - Dry run: Would remove duplicate: C:\Users\terti\OneDrive\pdf\90B HAMERKOP SINGEL 1_1.PDF [FileDeduplicator.py:105]
2025-06-05 17:26:23,100 - file_manager - INFO - Dry run: Would remove duplicate: C:\Users\terti\OneDrive\pdf\90B HAMERKOP SINGEL RELIST 1_1.PDF [FileDeduplicator.py:105]
2025-06-05 17:26:23,100 - file_manager - INFO - Dry run: Would remove duplicate: C:\Users\terti\OneDrive\pdf\90B HAMERKOP SINGEL RELIST.PDF [FileDeduplicator.py:105]
2025-06-05 17:26:23,100 - file_manager - INFO - Dry run: Would remove duplicate: C:\Users\terti\OneDrive\pdf\90B HAMERKOP SINGEL RELIST_1.PDF [FileDeduplicator.py:105]
2025-06-05 17:26:23,101 - file_manager - INFO - Dry run: Would remove duplicate: C:\Users\terti\OneDrive\pdf\90B HAMERKOP SINGEL.PDF [FileDeduplicator.py:105]
2025-06-05 17:26:23,101 - file_manager - INFO - Dry run: Would remove duplicate: C:\Users\terti\OneDrive\pdf\90B HAMERKOP SINGEL_1.PDF [FileDeduplicator.py:105]
2025-06-05 17:26:23,101 - file_manager - INFO - Dry run: Would remove duplicate: C:\Users\terti\OneDrive\pdf\9469099(1)_1.pdf [FileDeduplicator.py:105]
2025-06-05 17:26:23,101 - file_manager - INFO - Dry run: Would remove duplicate: C:\Users\terti\OneDrive\pdf\9469099.pdf [FileDeduplicator.py:105]
2025-06-05 17:26:23,101 - file_manager - INFO - Dry run: Would remove duplicate: C:\Users\terti\OneDrive\pdf\9469099_1.pdf [FileDeduplicator.py:105]
2025-06-05 17:26:23,101 - file_manager - INFO - Dry run: Would remove duplicate: C:\Users\terti\OneDrive\pdf\a-programmers-guide-csharp-50.122_1.pdf [FileDeduplicator.py:105]
2025-06-05 17:26:23,101 - file_manager - INFO - Dry run: Would remove duplicate: C:\Users\terti\OneDrive\pdf\Absa (1)_2.pdf [FileDeduplicator.py:105]
2025-06-05 17:26:23,101 - file_manager - INFO - Dry run: Would remove duplicate: C:\Users\terti\OneDrive\pdf\Absa (11)_1.pdf [FileDeduplicator.py:105]
2025-06-05 17:26:23,114 - file_manager - INFO - Dry run: Would remove duplicate: C:\Users\terti\OneDrive\pdf\Absa (13)_1.pdf [FileDeduplicator.py:105]
2025-06-05 17:26:23,115 - file_manager - INFO - Dry run: Would remove duplicate: C:\Users\terti\OneDrive\pdf\Absa (14)_1.pdf [FileDeduplicator.py:105]
2025-06-05 17:26:23,115 - file_manager - INFO - Dry run: Would remove duplicate: C:\Users\terti\OneDrive\pdf\Absa (16).pdf [FileDeduplicator.py:105]
2025-06-05 17:26:23,115 - file_manager - INFO - Dry run: Would remove duplicate: C:\Users\terti\OneDrive\pdf\Absa (17).pdf [FileDeduplicator.py:105]
2025-06-05 17:26:23,115 - file_manager - INFO - Dry run: Would remove duplicate: C:\Users\terti\OneDrive\pdf\Absa (19).pdf [FileDeduplicator.py:105]
2025-06-05 17:26:23,115 - file_manager - INFO - Dry run: Would remove duplicate: C:\Users\terti\OneDrive\pdf\Absa (2)_1.pdf [FileDeduplicator.py:105]
2025-06-05 17:26:23,115 - file_manager - INFO - Dry run: Would remove duplicate: C:\Users\terti\OneDrive\pdf\Absa (2)_2.pdf [FileDeduplicator.py:105]
2025-06-05 17:26:23,115 - file_manager - INFO - Dry run: Would remove duplicate: C:\Users\terti\OneDrive\pdf\Absa (20).pdf [FileDeduplicator.py:105]
2025-06-05 17:26:23,115 - file_manager - INFO - Dry run: Would remove duplicate: C:\Users\terti\OneDrive\pdf\Absa (22).pdf [FileDeduplicator.py:105]
2025-06-05 17:26:23,115 - file_manager - INFO - Dry run: Would remove duplicate: C:\Users\terti\OneDrive\pdf\Absa (23).pdf [FileDeduplicator.py:105]
2025-06-05 17:26:23,115 - file_manager - INFO - Dry run: Would remove duplicate: C:\Users\terti\OneDrive\pdf\Absa (25).pdf [FileDeduplicator.py:105]
2025-06-05 17:26:23,115 - file_manager - INFO - Dry run: Would remove duplicate: C:\Users\terti\OneDrive\pdf\Absa (26).pdf [FileDeduplicator.py:105]
2025-06-05 17:26:23,115 - file_manager - INFO - Dry run: Would remove duplicate: C:\Users\terti\OneDrive\pdf\Absa (28).pdf [FileDeduplicator.py:105]
2025-06-05 17:26:23,115 - file_manager - INFO - Dry run: Would remove duplicate: C:\Users\terti\OneDrive\pdf\Absa (29).pdf [FileDeduplicator.py:105]
2025-06-05 17:26:23,115 - file_manager - INFO - Dry run: Would remove duplicate: C:\Users\terti\OneDrive\pdf\Absa (3)_2.pdf [FileDeduplicator.py:105]
2025-06-05 17:26:23,115 - file_manager - INFO - Dry run: Would remove duplicate: C:\Users\terti\OneDrive\pdf\Absa (31).pdf [FileDeduplicator.py:105]
2025-06-05 17:26:23,116 - file_manager - INFO - Dry run: Would remove duplicate: C:\Users\terti\OneDrive\pdf\Absa (32).pdf [FileDeduplicator.py:105]
2025-06-05 17:26:23,116 - file_manager - INFO - Dry run: Would remove duplicate: C:\Users\terti\OneDrive\pdf\Absa (34).pdf [FileDeduplicator.py:105]
2025-06-05 17:26:23,116 - file_manager - INFO - Dry run: Would remove duplicate: C:\Users\terti\OneDrive\pdf\Absa (35).pdf [FileDeduplicator.py:105]
2025-06-05 17:26:23,116 - file_manager - INFO - Dry run: Would remove duplicate: C:\Users\terti\OneDrive\pdf\Absa (37).pdf [FileDeduplicator.py:105]
2025-06-05 17:26:23,116 - file_manager - INFO - Dry run: Would remove duplicate: C:\Users\terti\OneDrive\pdf\Absa (38).pdf [FileDeduplicator.py:105]
2025-06-05 17:26:23,116 - file_manager - INFO - Dry run: Would remove duplicate: C:\Users\terti\OneDrive\pdf\Absa (4)_1.pdf [FileDeduplicator.py:105]
2025-06-05 17:26:23,116 - file_manager - INFO - Dry run: Would remove duplicate: C:\Users\terti\OneDrive\pdf\Absa (5)_1.pdf [FileDeduplicator.py:105]
2025-06-05 17:26:23,116 - file_manager - INFO - Dry run: Would remove duplicate: C:\Users\terti\OneDrive\pdf\Absa (7)_1.pdf [FileDeduplicator.py:105]
2025-06-05 17:26:23,116 - file_manager - INFO - Dry run: Would remove duplicate: C:\Users\terti\OneDrive\pdf\Absa (8)_1.pdf [FileDeduplicator.py:105]
2025-06-05 17:26:23,116 - file_manager - INFO - Dry run: Would remove duplicate: C:\Users\terti\OneDrive\pdf\Absa (9)_1.pdf [FileDeduplicator.py:105]
2025-06-05 17:26:23,116 - file_manager - INFO - Dry run: Would remove duplicate: C:\Users\terti\OneDrive\pdf\Absa 10_1.pdf [FileDeduplicator.py:105]
2025-06-05 17:26:23,116 - file_manager - INFO - Dry run: Would remove duplicate: C:\Users\terti\OneDrive\pdf\Absa 11_1.pdf [FileDeduplicator.py:105]
2025-06-05 17:26:23,116 - file_manager - INFO - Dry run: Would remove duplicate: C:\Users\terti\OneDrive\pdf\Absa 12.pdf [FileDeduplicator.py:105]
2025-06-05 17:26:23,116 - file_manager - INFO - Dry run: Would remove duplicate: C:\Users\terti\OneDrive\pdf\Absa 12_1.pdf [FileDeduplicator.py:105]
2025-06-05 17:26:23,116 - file_manager - INFO - Dry run: Would remove duplicate: C:\Users\terti\OneDrive\pdf\Absa 13.pdf [FileDeduplicator.py:105]
2025-06-05 17:26:23,116 - file_manager - INFO - Dry run: Would remove duplicate: C:\Users\terti\OneDrive\pdf\Absa 13_1.pdf [FileDeduplicator.py:105]
2025-06-05 17:26:23,116 - file_manager - INFO - Dry run: Would remove duplicate: C:\Users\terti\OneDrive\pdf\Absa 14.pdf [FileDeduplicator.py:105]
2025-06-05 17:26:23,130 - file_manager - INFO - Dry run: Would remove duplicate: C:\Users\terti\OneDrive\pdf\Absa 14_1.pdf [FileDeduplicator.py:105]
2025-06-05 17:26:23,130 - file_manager - INFO - Dry run: Would remove duplicate: C:\Users\terti\OneDrive\pdf\Absa 15.pdf [FileDeduplicator.py:105]
2025-06-05 17:26:23,130 - file_manager - INFO - Dry run: Would remove duplicate: C:\Users\terti\OneDrive\pdf\Absa 15_1.pdf [FileDeduplicator.py:105]
2025-06-05 17:26:23,130 - file_manager - INFO - Dry run: Would remove duplicate: C:\Users\terti\OneDrive\pdf\Absa 16.pdf [FileDeduplicator.py:105]
2025-06-05 17:26:23,130 - file_manager - INFO - Dry run: Would remove duplicate: C:\Users\terti\OneDrive\pdf\Absa 16_1.pdf [FileDeduplicator.py:105]
2025-06-05 17:26:23,130 - file_manager - INFO - Dry run: Would remove duplicate: C:\Users\terti\OneDrive\pdf\Absa 17.pdf [FileDeduplicator.py:105]
2025-06-05 17:26:23,130 - file_manager - INFO - Dry run: Would remove duplicate: C:\Users\terti\OneDrive\pdf\Absa 17_1.pdf [FileDeduplicator.py:105]
2025-06-05 17:26:23,130 - file_manager - INFO - Dry run: Would remove duplicate: C:\Users\terti\OneDrive\pdf\Absa 18_1.pdf [FileDeduplicator.py:105]
2025-06-05 17:26:23,130 - file_manager - INFO - Dry run: Would remove duplicate: C:\Users\terti\OneDrive\pdf\Absa 19.pdf [FileDeduplicator.py:105]
2025-06-05 17:26:23,130 - file_manager - INFO - Dry run: Would remove duplicate: C:\Users\terti\OneDrive\pdf\Absa 19_1.pdf [FileDeduplicator.py:105]
2025-06-05 17:26:23,130 - file_manager - INFO - Dry run: Would remove duplicate: C:\Users\terti\OneDrive\pdf\Absa 1_1.pdf [FileDeduplicator.py:105]
2025-06-05 17:26:23,130 - file_manager - INFO - Dry run: Would remove duplicate: C:\Users\terti\OneDrive\pdf\Absa 2.pdf [FileDeduplicator.py:105]
2025-06-05 17:26:23,130 - file_manager - INFO - Dry run: Would remove duplicate: C:\Users\terti\OneDrive\pdf\Absa 20_1.pdf [FileDeduplicator.py:105]
2025-06-05 17:26:23,130 - file_manager - INFO - Dry run: Would remove duplicate: C:\Users\terti\OneDrive\pdf\Absa 21_1.pdf [FileDeduplicator.py:105]
2025-06-05 17:26:23,130 - file_manager - INFO - Dry run: Would remove duplicate: C:\Users\terti\OneDrive\pdf\Absa 22.pdf [FileDeduplicator.py:105]
2025-06-05 17:26:23,130 - file_manager - INFO - Dry run: Would remove duplicate: C:\Users\terti\OneDrive\pdf\Absa 22_1.pdf [FileDeduplicator.py:105]
2025-06-05 17:26:23,130 - file_manager - INFO - Dry run: Would remove duplicate: C:\Users\terti\OneDrive\pdf\Absa 23_1.pdf [FileDeduplicator.py:105]
2025-06-05 17:26:23,130 - file_manager - INFO - Dry run: Would remove duplicate: C:\Users\terti\OneDrive\pdf\Absa 24.pdf [FileDeduplicator.py:105]
2025-06-05 17:26:23,130 - file_manager - INFO - Dry run: Would remove duplicate: C:\Users\terti\OneDrive\pdf\Absa 24_1.pdf [FileDeduplicator.py:105]
2025-06-05 17:26:23,130 - file_manager - INFO - Dry run: Would remove duplicate: C:\Users\terti\OneDrive\pdf\Absa 25_1.pdf [FileDeduplicator.py:105]
2025-06-05 17:26:23,130 - file_manager - INFO - Dry run: Would remove duplicate: C:\Users\terti\OneDrive\pdf\Absa 26.pdf [FileDeduplicator.py:105]
2025-06-05 17:26:23,130 - file_manager - INFO - Dry run: Would remove duplicate: C:\Users\terti\OneDrive\pdf\Absa 26_1.pdf [FileDeduplicator.py:105]
2025-06-05 17:26:23,130 - file_manager - INFO - Dry run: Would remove duplicate: C:\Users\terti\OneDrive\pdf\Absa 27_1.pdf [FileDeduplicator.py:105]
2025-06-05 17:26:23,130 - file_manager - INFO - Dry run: Would remove duplicate: C:\Users\terti\OneDrive\pdf\Absa 28.pdf [FileDeduplicator.py:105]
2025-06-05 17:26:23,130 - file_manager - INFO - Dry run: Would remove duplicate: C:\Users\terti\OneDrive\pdf\Absa 28_1.pdf [FileDeduplicator.py:105]
2025-06-05 17:26:23,130 - file_manager - INFO - Dry run: Would remove duplicate: C:\Users\terti\OneDrive\pdf\Absa 29_1.pdf [FileDeduplicator.py:105]
2025-06-05 17:26:23,130 - file_manager - INFO - Dry run: Would remove duplicate: C:\Users\terti\OneDrive\pdf\Absa 2_1.pdf [FileDeduplicator.py:105]
2025-06-05 17:26:23,130 - file_manager - INFO - Dry run: Would remove duplicate: C:\Users\terti\OneDrive\pdf\Absa 3.pdf [FileDeduplicator.py:105]
2025-06-05 17:26:23,130 - file_manager - INFO - Dry run: Would remove duplicate: C:\Users\terti\OneDrive\pdf\Absa 30.pdf [FileDeduplicator.py:105]
2025-06-05 17:26:23,131 - file_manager - INFO - Dry run: Would remove duplicate: C:\Users\terti\OneDrive\pdf\Absa 30_1.pdf [FileDeduplicator.py:105]
2025-06-05 17:26:23,131 - file_manager - INFO - Dry run: Would remove duplicate: C:\Users\terti\OneDrive\pdf\Absa 31.pdf [FileDeduplicator.py:105]
2025-06-05 17:26:23,131 - file_manager - INFO - Dry run: Would remove duplicate: C:\Users\terti\OneDrive\pdf\Absa 31_1.pdf [FileDeduplicator.py:105]
2025-06-05 17:26:23,131 - file_manager - INFO - Dry run: Would remove duplicate: C:\Users\terti\OneDrive\pdf\Absa 32.pdf [FileDeduplicator.py:105]
2025-06-05 17:26:23,131 - file_manager - INFO - Dry run: Would remove duplicate: C:\Users\terti\OneDrive\pdf\Absa 32_1.pdf [FileDeduplicator.py:105]
2025-06-05 17:26:23,131 - file_manager - INFO - Dry run: Would remove duplicate: C:\Users\terti\OneDrive\pdf\Absa 33.pdf [FileDeduplicator.py:105]
2025-06-05 17:26:23,131 - file_manager - INFO - Dry run: Would remove duplicate: C:\Users\terti\OneDrive\pdf\Absa 33_1.pdf [FileDeduplicator.py:105]
2025-06-05 17:26:23,131 - file_manager - INFO - Dry run: Would remove duplicate: C:\Users\terti\OneDrive\pdf\Absa 34.pdf [FileDeduplicator.py:105]
2025-06-05 17:26:23,131 - file_manager - INFO - Dry run: Would remove duplicate: C:\Users\terti\OneDrive\pdf\Absa 34_1.pdf [FileDeduplicator.py:105]
2025-06-05 17:26:23,131 - file_manager - INFO - Dry run: Would remove duplicate: C:\Users\terti\OneDrive\pdf\Absa 35.pdf [FileDeduplicator.py:105]
2025-06-05 17:26:23,131 - file_manager - INFO - Dry run: Would remove duplicate: C:\Users\terti\OneDrive\pdf\Absa 35_1.pdf [FileDeduplicator.py:105]
2025-06-05 17:26:23,131 - file_manager - INFO - Dry run: Would remove duplicate: C:\Users\terti\OneDrive\pdf\Absa 36.pdf [FileDeduplicator.py:105]
2025-06-05 17:26:23,131 - file_manager - INFO - Dry run: Would remove duplicate: C:\Users\terti\OneDrive\pdf\Absa 36_1.pdf [FileDeduplicator.py:105]
2025-06-05 17:26:23,131 - file_manager - INFO - Dry run: Would remove duplicate: C:\Users\terti\OneDrive\pdf\Absa 37.pdf [FileDeduplicator.py:105]
2025-06-05 17:26:23,131 - file_manager - INFO - Dry run: Would remove duplicate: C:\Users\terti\OneDrive\pdf\Absa 37_1.pdf [FileDeduplicator.py:105]
2025-06-05 17:26:23,131 - file_manager - INFO - Dry run: Would remove duplicate: C:\Users\terti\OneDrive\pdf\Absa 38_1.pdf [FileDeduplicator.py:105]
2025-06-05 17:26:23,131 - file_manager - INFO - Dry run: Would remove duplicate: C:\Users\terti\OneDrive\pdf\Absa 39.pdf [FileDeduplicator.py:105]
2025-06-05 17:26:23,131 - file_manager - INFO - Dry run: Would remove duplicate: C:\Users\terti\OneDrive\pdf\Absa 39_1.pdf [FileDeduplicator.py:105]
2025-06-05 17:26:23,131 - file_manager - INFO - Dry run: Would remove duplicate: C:\Users\terti\OneDrive\pdf\Absa 3_1.pdf [FileDeduplicator.py:105]
2025-06-05 17:26:23,132 - file_manager - INFO - Dry run: Would remove duplicate: C:\Users\terti\OneDrive\pdf\Absa 4.pdf [FileDeduplicator.py:105]
2025-06-05 17:26:23,132 - file_manager - INFO - Dry run: Would remove duplicate: C:\Users\terti\OneDrive\pdf\Absa 40_1.pdf [FileDeduplicator.py:105]
2025-06-05 17:26:23,132 - file_manager - INFO - Dry run: Would remove duplicate: C:\Users\terti\OneDrive\pdf\Absa 41.pdf [FileDeduplicator.py:105]
2025-06-05 17:26:23,132 - file_manager - INFO - Dry run: Would remove duplicate: C:\Users\terti\OneDrive\pdf\Absa 41_1.pdf [FileDeduplicator.py:105]
2025-06-05 17:26:23,132 - file_manager - INFO - Dry run: Would remove duplicate: C:\Users\terti\OneDrive\pdf\Absa 42.pdf [FileDeduplicator.py:105]
2025-06-05 17:26:23,132 - file_manager - INFO - Dry run: Would remove duplicate: C:\Users\terti\OneDrive\pdf\Absa 42_1.pdf [FileDeduplicator.py:105]
2025-06-05 17:26:23,146 - file_manager - INFO - Dry run: Would remove duplicate: C:\Users\terti\OneDrive\pdf\Absa 4_1.pdf [FileDeduplicator.py:105]
2025-06-05 17:26:23,146 - file_manager - INFO - Dry run: Would remove duplicate: C:\Users\terti\OneDrive\pdf\Absa 5.pdf [FileDeduplicator.py:105]
2025-06-05 17:26:23,146 - file_manager - INFO - Dry run: Would remove duplicate: C:\Users\terti\OneDrive\pdf\Absa 5_1.pdf [FileDeduplicator.py:105]
2025-06-05 17:26:23,146 - file_manager - INFO - Dry run: Would remove duplicate: C:\Users\terti\OneDrive\pdf\Absa 6.pdf [FileDeduplicator.py:105]
2025-06-05 17:26:23,146 - file_manager - INFO - Dry run: Would remove duplicate: C:\Users\terti\OneDrive\pdf\Absa 6_1.pdf [FileDeduplicator.py:105]
2025-06-05 17:26:23,146 - file_manager - INFO - Dry run: Would remove duplicate: C:\Users\terti\OneDrive\pdf\Absa 7_1.pdf [FileDeduplicator.py:105]
2025-06-05 17:26:23,146 - file_manager - INFO - Dry run: Would remove duplicate: C:\Users\terti\OneDrive\pdf\Absa 8.pdf [FileDeduplicator.py:105]
2025-06-05 17:26:23,146 - file_manager - INFO - Dry run: Would remove duplicate: C:\Users\terti\OneDrive\pdf\Absa 8_1.pdf [FileDeduplicator.py:105]
2025-06-05 17:26:23,146 - file_manager - INFO - Dry run: Would remove duplicate: C:\Users\terti\OneDrive\pdf\Absa 9.pdf [FileDeduplicator.py:105]
2025-06-05 17:26:23,146 - file_manager - INFO - Dry run: Would remove duplicate: C:\Users\terti\OneDrive\pdf\Absa 9_1.pdf [FileDeduplicator.py:105]
2025-06-05 17:26:23,147 - file_manager - INFO - Dry run: Would remove duplicate: C:\Users\terti\OneDrive\pdf\ABSA Personal Loans Off Balance Sheet - 4074020066 - MR T GELDENHUYS - LETETR OF CONFIRMATION 1_1.pdf [FileDeduplicator.py:105]
2025-06-05 17:26:23,147 - file_manager - INFO - Dry run: Would remove duplicate: C:\Users\terti\OneDrive\pdf\ABSA Personal Loans Off Balance Sheet - 4074020066 - MR T GELDENHUYS - LETETR OF CONFIRMATION 2.pdf [FileDeduplicator.py:105]
2025-06-05 17:26:23,147 - file_manager - INFO - Dry run: Would remove duplicate: C:\Users\terti\OneDrive\pdf\ABSA Personal Loans Off Balance Sheet - 4074020066 - MR T GELDENHUYS - LETETR OF CONFIRMATION 2_1.pdf [FileDeduplicator.py:105]
2025-06-05 17:26:23,147 - file_manager - INFO - Dry run: Would remove duplicate: C:\Users\terti\OneDrive\pdf\ABSA Personal Loans Off Balance Sheet - 4074020066 - MR T GELDENHUYS - LETETR OF CONFIRMATION.pdf [FileDeduplicator.py:105]
2025-06-05 17:26:23,147 - file_manager - INFO - Dry run: Would remove duplicate: C:\Users\terti\OneDrive\pdf\ABSA Personal Loans Off Balance Sheet - 4074020066 - MR T GELDENHUYS - LETETR OF CONFIRMATION_1.pdf [FileDeduplicator.py:105]
2025-06-05 17:26:23,147 - file_manager - INFO - Dry run: Would remove duplicate: C:\Users\terti\OneDrive\pdf\Absa(1).pdf [FileDeduplicator.py:105]
2025-06-05 17:26:23,147 - file_manager - INFO - Dry run: Would remove duplicate: C:\Users\terti\OneDrive\pdf\Absa(10).pdf [FileDeduplicator.py:105]
2025-06-05 17:26:23,147 - file_manager - INFO - Dry run: Would remove duplicate: C:\Users\terti\OneDrive\pdf\Absa(11).pdf [FileDeduplicator.py:105]
2025-06-05 17:26:23,147 - file_manager - INFO - Dry run: Would remove duplicate: C:\Users\terti\OneDrive\pdf\Absa(12).pdf [FileDeduplicator.py:105]
2025-06-05 17:26:23,147 - file_manager - INFO - Dry run: Would remove duplicate: C:\Users\terti\OneDrive\pdf\Absa(13).pdf [FileDeduplicator.py:105]
2025-06-05 17:26:23,147 - file_manager - INFO - Dry run: Would remove duplicate: C:\Users\terti\OneDrive\pdf\Absa(14).pdf [FileDeduplicator.py:105]
2025-06-05 17:26:23,147 - file_manager - INFO - Dry run: Would remove duplicate: C:\Users\terti\OneDrive\pdf\Absa(15).pdf [FileDeduplicator.py:105]
2025-06-05 17:26:23,147 - file_manager - INFO - Dry run: Would remove duplicate: C:\Users\terti\OneDrive\pdf\Absa(16).pdf [FileDeduplicator.py:105]
2025-06-05 17:26:23,147 - file_manager - INFO - Dry run: Would remove duplicate: C:\Users\terti\OneDrive\pdf\Absa(17).pdf [FileDeduplicator.py:105]
2025-06-05 17:26:23,147 - file_manager - INFO - Dry run: Would remove duplicate: C:\Users\terti\OneDrive\pdf\Absa(18).pdf [FileDeduplicator.py:105]
2025-06-05 17:26:23,161 - file_manager - INFO - Dry run: Would remove duplicate: C:\Users\terti\OneDrive\pdf\Absa(19).pdf [FileDeduplicator.py:105]
2025-06-05 17:26:23,162 - file_manager - INFO - Dry run: Would remove duplicate: C:\Users\terti\OneDrive\pdf\Absa(2).pdf [FileDeduplicator.py:105]
2025-06-05 17:26:23,162 - file_manager - INFO - Dry run: Would remove duplicate: C:\Users\terti\OneDrive\pdf\Absa(20).pdf [FileDeduplicator.py:105]
2025-06-05 17:26:23,162 - file_manager - INFO - Dry run: Would remove duplicate: C:\Users\terti\OneDrive\pdf\Absa(21).pdf [FileDeduplicator.py:105]
2025-06-05 17:26:23,162 - file_manager - INFO - Dry run: Would remove duplicate: C:\Users\terti\OneDrive\pdf\Absa(22).pdf [FileDeduplicator.py:105]
2025-06-05 17:26:23,162 - file_manager - INFO - Dry run: Would remove duplicate: C:\Users\terti\OneDrive\pdf\Absa(23).pdf [FileDeduplicator.py:105]
2025-06-05 17:26:23,162 - file_manager - INFO - Dry run: Would remove duplicate: C:\Users\terti\OneDrive\pdf\Absa(24).pdf [FileDeduplicator.py:105]
2025-06-05 17:26:23,162 - file_manager - INFO - Dry run: Would remove duplicate: C:\Users\terti\OneDrive\pdf\Absa(25).pdf [FileDeduplicator.py:105]
2025-06-05 17:26:23,162 - file_manager - INFO - Dry run: Would remove duplicate: C:\Users\terti\OneDrive\pdf\Absa(26).pdf [FileDeduplicator.py:105]
2025-06-05 17:26:23,162 - file_manager - INFO - Dry run: Would remove duplicate: C:\Users\terti\OneDrive\pdf\Absa(27).pdf [FileDeduplicator.py:105]
2025-06-05 17:26:23,163 - file_manager - INFO - Dry run: Would remove duplicate: C:\Users\terti\OneDrive\pdf\Absa(28).pdf [FileDeduplicator.py:105]
2025-06-05 17:26:23,163 - file_manager - INFO - Dry run: Would remove duplicate: C:\Users\terti\OneDrive\pdf\Absa(29).pdf [FileDeduplicator.py:105]
2025-06-05 17:26:23,163 - file_manager - INFO - Dry run: Would remove duplicate: C:\Users\terti\OneDrive\pdf\Absa(3).pdf [FileDeduplicator.py:105]
2025-06-05 17:26:23,163 - file_manager - INFO - Dry run: Would remove duplicate: C:\Users\terti\OneDrive\pdf\Absa(30).pdf [FileDeduplicator.py:105]
2025-06-05 17:26:23,163 - file_manager - INFO - Dry run: Would remove duplicate: C:\Users\terti\OneDrive\pdf\Absa(31).pdf [FileDeduplicator.py:105]
2025-06-05 17:26:23,163 - file_manager - INFO - Dry run: Would remove duplicate: C:\Users\terti\OneDrive\pdf\Absa(32).pdf [FileDeduplicator.py:105]
2025-06-05 17:26:23,163 - file_manager - INFO - Dry run: Would remove duplicate: C:\Users\terti\OneDrive\pdf\Absa(33).pdf [FileDeduplicator.py:105]
2025-06-05 17:26:23,163 - file_manager - INFO - Dry run: Would remove duplicate: C:\Users\terti\OneDrive\pdf\Absa(34).pdf [FileDeduplicator.py:105]
2025-06-05 17:26:23,163 - file_manager - INFO - Dry run: Would remove duplicate: C:\Users\terti\OneDrive\pdf\Absa(35).pdf [FileDeduplicator.py:105]
2025-06-05 17:26:23,163 - file_manager - INFO - Dry run: Would remove duplicate: C:\Users\terti\OneDrive\pdf\Absa(36).pdf [FileDeduplicator.py:105]
2025-06-05 17:26:23,163 - file_manager - INFO - Dry run: Would remove duplicate: C:\Users\terti\OneDrive\pdf\Absa(37).pdf [FileDeduplicator.py:105]
2025-06-05 17:26:23,163 - file_manager - INFO - Dry run: Would remove duplicate: C:\Users\terti\OneDrive\pdf\Absa(38).pdf [FileDeduplicator.py:105]
2025-06-05 17:26:23,164 - file_manager - INFO - Dry run: Would remove duplicate: C:\Users\terti\OneDrive\pdf\Absa(4).pdf [FileDeduplicator.py:105]
2025-06-05 17:26:23,164 - file_manager - INFO - Dry run: Would remove duplicate: C:\Users\terti\OneDrive\pdf\Absa(5).pdf [FileDeduplicator.py:105]
2025-06-05 17:26:23,164 - file_manager - INFO - Dry run: Would remove duplicate: C:\Users\terti\OneDrive\pdf\Absa(6).pdf [FileDeduplicator.py:105]
2025-06-05 17:26:23,164 - file_manager - INFO - Dry run: Would remove duplicate: C:\Users\terti\OneDrive\pdf\Absa(7).pdf [FileDeduplicator.py:105]
2025-06-05 17:26:23,164 - file_manager - INFO - Dry run: Would remove duplicate: C:\Users\terti\OneDrive\pdf\Absa(8).pdf [FileDeduplicator.py:105]
2025-06-05 17:26:23,164 - file_manager - INFO - Dry run: Would remove duplicate: C:\Users\terti\OneDrive\pdf\Absa(9).pdf [FileDeduplicator.py:105]
2025-06-05 17:26:23,177 - file_manager - INFO - Dry run: Would remove duplicate: C:\Users\terti\OneDrive\pdf\Absa-X0.pdf [FileDeduplicator.py:105]
2025-06-05 17:26:23,177 - file_manager - INFO - Dry run: Would remove duplicate: C:\Users\terti\OneDrive\pdf\absa20170501(2).pdf [FileDeduplicator.py:105]
2025-06-05 17:26:23,177 - file_manager - INFO - Dry run: Would remove duplicate: C:\Users\terti\OneDrive\pdf\absa20170501.pdf [FileDeduplicator.py:105]
2025-06-05 17:26:23,177 - file_manager - INFO - Dry run: Would remove duplicate: C:\Users\terti\OneDrive\pdf\absa20170501_1.pdf [FileDeduplicator.py:105]
2025-06-05 17:26:23,177 - file_manager - INFO - Dry run: Would remove duplicate: C:\Users\terti\OneDrive\pdf\Absa_1.pdf [FileDeduplicator.py:105]
2025-06-05 17:26:23,177 - file_manager - INFO - Dry run: Would remove duplicate: C:\Users\terti\OneDrive\pdf\Absa_1_1.pdf [FileDeduplicator.py:105]
2025-06-05 17:26:23,177 - file_manager - INFO - Dry run: Would remove duplicate: C:\Users\terti\OneDrive\pdf\Absa_2.pdf [FileDeduplicator.py:105]
2025-06-05 17:26:23,177 - file_manager - INFO - Dry run: Would remove duplicate: C:\Users\terti\OneDrive\pdf\Account 000185 statement for Mr Tertius Geldenhuys (2).pdf [FileDeduplicator.py:105]
2025-06-05 17:26:23,177 - file_manager - INFO - Dry run: Would remove duplicate: C:\Users\terti\OneDrive\pdf\Account 000185 statement for Mr Tertius Geldenhuys 1_1.pdf [FileDeduplicator.py:105]
2025-06-05 17:26:23,177 - file_manager - INFO - Dry run: Would remove duplicate: C:\Users\terti\OneDrive\pdf\Account 000185 statement for Mr Tertius Geldenhuys 2_1.pdf [FileDeduplicator.py:105]
2025-06-05 17:26:23,177 - file_manager - INFO - Dry run: Would remove duplicate: C:\Users\terti\OneDrive\pdf\Account 000185 statement for Mr Tertius Geldenhuys 3.pdf [FileDeduplicator.py:105]
2025-06-05 17:26:23,177 - file_manager - INFO - Dry run: Would remove duplicate: C:\Users\terti\OneDrive\pdf\Account 000185 statement for Mr Tertius Geldenhuys 3_1.pdf [FileDeduplicator.py:105]
2025-06-05 17:26:23,178 - file_manager - INFO - Dry run: Would remove duplicate: C:\Users\terti\OneDrive\pdf\Account 000185 statement for Mr Tertius Geldenhuys(1).pdf [FileDeduplicator.py:105]
2025-06-05 17:26:23,178 - file_manager - INFO - Dry run: Would remove duplicate: C:\Users\terti\OneDrive\pdf\Account 000185 statement for Mr Tertius Geldenhuys(2).pdf [FileDeduplicator.py:105]
2025-06-05 17:26:23,178 - file_manager - INFO - Dry run: Would remove duplicate: C:\Users\terti\OneDrive\pdf\Account 000185 statement for Mr Tertius Geldenhuys.pdf [FileDeduplicator.py:105]
2025-06-05 17:26:23,178 - file_manager - INFO - Dry run: Would remove duplicate: C:\Users\terti\OneDrive\pdf\Account 000185 statement for Mr Tertius Geldenhuys_1.pdf [FileDeduplicator.py:105]
2025-06-05 17:26:23,178 - file_manager - INFO - Dry run: Would remove duplicate: C:\Users\terti\OneDrive\pdf\Account 000185 statement for Mr Tertius Geldenhuys_1_1.pdf [FileDeduplicator.py:105]
2025-06-05 17:26:23,178 - file_manager - INFO - Dry run: Would remove duplicate: C:\Users\terti\OneDrive\pdf\Account 000185 statement for Mr Tertius Geldenhuys_2.pdf [FileDeduplicator.py:105]
2025-06-05 17:26:23,178 - file_manager - INFO - Dry run: Would remove duplicate: C:\Users\terti\OneDrive\pdf\AccountAgreement_3003061610_1.PDF [FileDeduplicator.py:105]
2025-06-05 17:26:23,178 - file_manager - INFO - Dry run: Would remove duplicate: C:\Users\terti\OneDrive\pdf\account_1.pdf [FileDeduplicator.py:105]
2025-06-05 17:26:23,178 - file_manager - INFO - Dry run: Would remove duplicate: C:\Users\terti\OneDrive\pdf\ACCOUNT_ARREARS_NOTICE_123543202 1_1.pdf [FileDeduplicator.py:105]
2025-06-05 17:26:23,178 - file_manager - INFO - Dry run: Would remove duplicate: C:\Users\terti\OneDrive\pdf\ACCOUNT_ARREARS_NOTICE_123543202 2.pdf [FileDeduplicator.py:105]
2025-06-05 17:26:23,178 - file_manager - INFO - Dry run: Would remove duplicate: C:\Users\terti\OneDrive\pdf\ACCOUNT_ARREARS_NOTICE_123543202 2_1.pdf [FileDeduplicator.py:105]
2025-06-05 17:26:23,178 - file_manager - INFO - Dry run: Would remove duplicate: C:\Users\terti\OneDrive\pdf\ACCOUNT_ARREARS_NOTICE_123543202.pdf [FileDeduplicator.py:105]
2025-06-05 17:26:23,178 - file_manager - INFO - Dry run: Would remove duplicate: C:\Users\terti\OneDrive\pdf\ACCOUNT_ARREARS_NOTICE_123543202_1.pdf [FileDeduplicator.py:105]
2025-06-05 17:26:23,178 - file_manager - INFO - Dry run: Would remove duplicate: C:\Users\terti\OneDrive\pdf\Acrobat-for-Chrome.pdf [FileDeduplicator.py:105]
2025-06-05 17:26:23,178 - file_manager - INFO - Dry run: Would remove duplicate: C:\Users\terti\OneDrive\pdf\Active Directory Enumaration with Powershell_1.pdf [FileDeduplicator.py:105]
2025-06-05 17:26:23,178 - file_manager - INFO - Dry run: Would remove duplicate: C:\Users\terti\OneDrive\pdf\Adobe Scan 09 Mar 2021(1)_1.pdf [FileDeduplicator.py:105]
2025-06-05 17:26:23,193 - file_manager - INFO - Dry run: Would remove duplicate: C:\Users\terti\OneDrive\pdf\Adobe Scan 09 Mar 2021.pdf [FileDeduplicator.py:105]
2025-06-05 17:26:23,193 - file_manager - INFO - Dry run: Would remove duplicate: C:\Users\terti\OneDrive\pdf\Adobe Scan 09 Mar 2021_1.pdf [FileDeduplicator.py:105]
2025-06-05 17:26:23,193 - file_manager - INFO - Dry run: Would remove duplicate: C:\Users\terti\OneDrive\pdf\advanced-linux-commands-cheat-sheet-red-hat-developer.pdf [FileDeduplicator.py:105]
2025-06-05 17:26:23,193 - file_manager - INFO - Dry run: Would remove duplicate: C:\Users\terti\OneDrive\pdf\Agent_B  ER  SJP2003 RSB_1.pdf [FileDeduplicator.py:105]
2025-06-05 17:26:23,193 - file_manager - INFO - Dry run: Would remove duplicate: C:\Users\terti\OneDrive\pdf\Annual_Policy 1_1.pdf [FileDeduplicator.py:105]
2025-06-05 17:26:23,193 - file_manager - INFO - Dry run: Would remove duplicate: C:\Users\terti\OneDrive\pdf\Annual_Policy 2.pdf [FileDeduplicator.py:105]
2025-06-05 17:26:23,193 - file_manager - INFO - Dry run: Would remove duplicate: C:\Users\terti\OneDrive\pdf\Annual_Policy 2_1.pdf [FileDeduplicator.py:105]
2025-06-05 17:26:23,193 - file_manager - INFO - Dry run: Would remove duplicate: C:\Users\terti\OneDrive\pdf\Annual_Policy.pdf [FileDeduplicator.py:105]
2025-06-05 17:26:23,193 - file_manager - INFO - Dry run: Would remove duplicate: C:\Users\terti\OneDrive\pdf\Annual_Policy_1.pdf [FileDeduplicator.py:105]
2025-06-05 17:26:23,193 - file_manager - INFO - Dry run: Would remove duplicate: C:\Users\terti\OneDrive\pdf\Application to join Vitality or KeyFIT or both 1_1.pdf [FileDeduplicator.py:105]
2025-06-05 17:26:23,193 - file_manager - INFO - Dry run: Would remove duplicate: C:\Users\terti\OneDrive\pdf\Application to join Vitality or KeyFIT or both.pdf [FileDeduplicator.py:105]
2025-06-05 17:26:23,193 - file_manager - INFO - Dry run: Would remove duplicate: C:\Users\terti\OneDrive\pdf\Application to join Vitality or KeyFIT or both_1.pdf [FileDeduplicator.py:105]
2025-06-05 17:26:23,193 - file_manager - INFO - Dry run: Would remove duplicate: C:\Users\terti\OneDrive\pdf\April-2017 1_1.pdf [FileDeduplicator.py:105]
2025-06-05 17:26:23,193 - file_manager - INFO - Dry run: Would remove duplicate: C:\Users\terti\OneDrive\pdf\April-2017 2.pdf [FileDeduplicator.py:105]
2025-06-05 17:26:23,193 - file_manager - INFO - Dry run: Would remove duplicate: C:\Users\terti\OneDrive\pdf\April-2017 2_1.pdf [FileDeduplicator.py:105]
2025-06-05 17:26:23,193 - file_manager - INFO - Dry run: Would remove duplicate: C:\Users\terti\OneDrive\pdf\April-2017.pdf [FileDeduplicator.py:105]
2025-06-05 17:26:23,193 - file_manager - INFO - Dry run: Would remove duplicate: C:\Users\terti\OneDrive\pdf\April-2017_1.pdf [FileDeduplicator.py:105]
2025-06-05 17:26:23,193 - file_manager - INFO - Dry run: Would remove duplicate: C:\Users\terti\OneDrive\pdf\ATS Best Practices_1.pdf [FileDeduplicator.py:105]
2025-06-05 17:26:23,193 - file_manager - INFO - Dry run: Would remove duplicate: C:\Users\terti\OneDrive\pdf\attachment_1_1.pdf [FileDeduplicator.py:105]
2025-06-05 17:26:23,193 - file_manager - INFO - Dry run: Would remove duplicate: C:\Users\terti\OneDrive\pdf\AUDI A4 2.0 TDI SE - 20170817_1.pdf [FileDeduplicator.py:105]
2025-06-05 17:26:23,193 - file_manager - INFO - Dry run: Would remove duplicate: C:\Users\terti\OneDrive\pdf\AUDI GELDENHUYS(1)_1.pdf [FileDeduplicator.py:105]
2025-06-05 17:26:23,193 - file_manager - INFO - Dry run: Would remove duplicate: C:\Users\terti\OneDrive\pdf\AUDI GELDENHUYS(1)_2.pdf [FileDeduplicator.py:105]
2025-06-05 17:26:23,193 - file_manager - INFO - Dry run: Would remove duplicate: C:\Users\terti\OneDrive\pdf\AUDI GELDENHUYS_1.pdf [FileDeduplicator.py:105]
2025-06-05 17:26:23,193 - file_manager - INFO - Dry run: Would remove duplicate: C:\Users\terti\OneDrive\pdf\AUDI GELDENHUYS_2.pdf [FileDeduplicator.py:105]
2025-06-05 17:26:23,193 - file_manager - INFO - Dry run: Would remove duplicate: C:\Users\terti\OneDrive\pdf\AUDI_GELDENHUYS.pdf [FileDeduplicator.py:105]
2025-06-05 17:26:23,193 - file_manager - INFO - Dry run: Would remove duplicate: C:\Users\terti\OneDrive\pdf\Automated Priv Esc cheatsheet_1.pdf [FileDeduplicator.py:105]
2025-06-05 17:26:23,194 - file_manager - INFO - Dry run: Would remove duplicate: C:\Users\terti\OneDrive\pdf\Automater Release Management(1)_1.pdf [FileDeduplicator.py:105]
2025-06-05 17:26:23,209 - file_manager - INFO - Dry run: Would remove duplicate: C:\Users\terti\OneDrive\pdf\Automater Release Management(1)_2.pdf [FileDeduplicator.py:105]
2025-06-05 17:26:23,209 - file_manager - INFO - Dry run: Would remove duplicate: C:\Users\terti\OneDrive\pdf\Automater Release Management_1.pdf [FileDeduplicator.py:105]
2025-06-05 17:26:23,209 - file_manager - INFO - Dry run: Would remove duplicate: C:\Users\terti\OneDrive\pdf\Automater Release Management_1_1.pdf [FileDeduplicator.py:105]
2025-06-05 17:26:23,209 - file_manager - INFO - Dry run: Would remove duplicate: C:\Users\terti\OneDrive\pdf\Automater Release Management_2.pdf [FileDeduplicator.py:105]
2025-06-05 17:26:23,209 - file_manager - INFO - Dry run: Would remove duplicate: C:\Users\terti\OneDrive\pdf\Automater Release Management_3.pdf [FileDeduplicator.py:105]
2025-06-05 17:26:23,209 - file_manager - INFO - Dry run: Would remove duplicate: C:\Users\terti\OneDrive\pdf\AutoRABIT DevOps CICD Platform _1.pdf [FileDeduplicator.py:105]
2025-06-05 17:26:23,209 - file_manager - INFO - Dry run: Would remove duplicate: C:\Users\terti\OneDrive\pdf\AutoRABIT_Persona based_1.pdf [FileDeduplicator.py:105]
2025-06-05 17:26:23,209 - file_manager - INFO - Dry run: Would remove duplicate: C:\Users\terti\OneDrive\pdf\AWS Activate_1.pdf [FileDeduplicator.py:105]
2025-06-05 17:26:23,209 - file_manager - INFO - Dry run: Would remove duplicate: C:\Users\terti\OneDrive\pdf\aws-cloud9-ug_1.pdf [FileDeduplicator.py:105]
2025-06-05 17:26:23,209 - file_manager - INFO - Dry run: Would remove duplicate: C:\Users\terti\OneDrive\pdf\AWS-Cost-Optimization-Pillar_1.pdf [FileDeduplicator.py:105]
2025-06-05 17:26:23,209 - file_manager - INFO - Dry run: Would remove duplicate: C:\Users\terti\OneDrive\pdf\AWS-Operational-Excellence-Pillar_1.pdf [FileDeduplicator.py:105]
2025-06-05 17:26:23,209 - file_manager - INFO - Dry run: Would remove duplicate: C:\Users\terti\OneDrive\pdf\AWS-Performance-Efficiency-Pillar_1.pdf [FileDeduplicator.py:105]
2025-06-05 17:26:23,209 - file_manager - INFO - Dry run: Would remove duplicate: C:\Users\terti\OneDrive\pdf\AWS-Reliability-Pillar_1.pdf [FileDeduplicator.py:105]
2025-06-05 17:26:23,209 - file_manager - INFO - Dry run: Would remove duplicate: C:\Users\terti\OneDrive\pdf\AWS-Security-Pillar_1.pdf [FileDeduplicator.py:105]
2025-06-05 17:26:23,209 - file_manager - INFO - Dry run: Would remove duplicate: C:\Users\terti\OneDrive\pdf\aws-tc-security-b2i-ebook_1.pdf [FileDeduplicator.py:105]
2025-06-05 17:26:23,209 - file_manager - INFO - Dry run: Would remove duplicate: C:\Users\terti\OneDrive\pdf\AWS_Well-Architected_Framework.pdf [FileDeduplicator.py:105]
2025-06-05 17:26:23,209 - file_manager - INFO - Dry run: Would remove duplicate: C:\Users\terti\OneDrive\pdf\AWS_Well-Architected_Framework_1.pdf [FileDeduplicator.py:105]
2025-06-05 17:26:23,209 - file_manager - INFO - Dry run: Would remove duplicate: C:\Users\terti\OneDrive\pdf\AWS_Well-Architected_Framework_2.pdf [FileDeduplicator.py:105]
2025-06-05 17:26:23,209 - file_manager - INFO - Dry run: Would remove duplicate: C:\Users\terti\OneDrive\pdf\Azure SQL Managed Database Admini_1.pdf [FileDeduplicator.py:105]
2025-06-05 17:26:23,209 - file_manager - INFO - Dry run: Would remove duplicate: C:\Users\terti\OneDrive\pdf\a_ListTheTasks_1.pdf [FileDeduplicator.py:105]
2025-06-05 17:26:23,209 - file_manager - INFO - Dry run: Would remove duplicate: C:\Users\terti\OneDrive\pdf\Bash-commands-cheat-sheet-Red-Hat-Developer.pdf [FileDeduplicator.py:105]
2025-06-05 17:26:23,209 - file_manager - INFO - Dry run: Would remove duplicate: C:\Users\terti\OneDrive\pdf\BBD-benefits.-2020.-Pretoria-2_1.pdf [FileDeduplicator.py:105]
2025-06-05 17:26:23,209 - file_manager - INFO - Dry run: Would remove duplicate: C:\Users\terti\OneDrive\pdf\Behavioral Questions(1)_1.pdf [FileDeduplicator.py:105]
2025-06-05 17:26:23,209 - file_manager - INFO - Dry run: Would remove duplicate: C:\Users\terti\OneDrive\pdf\Behavioral Questions(1)_2.pdf [FileDeduplicator.py:105]
2025-06-05 17:26:23,209 - file_manager - INFO - Dry run: Would remove duplicate: C:\Users\terti\OneDrive\pdf\Behavioral Questions_1.pdf [FileDeduplicator.py:105]
2025-06-05 17:26:23,225 - file_manager - INFO - Dry run: Would remove duplicate: C:\Users\terti\OneDrive\pdf\Behavioral Questions_2.pdf [FileDeduplicator.py:105]
2025-06-05 17:26:23,225 - file_manager - INFO - Dry run: Would remove duplicate: C:\Users\terti\OneDrive\pdf\Bekendstellingsbrief Steve (2).pdf [FileDeduplicator.py:105]
2025-06-05 17:26:23,225 - file_manager - INFO - Dry run: Would remove duplicate: C:\Users\terti\OneDrive\pdf\Bekendstellingsbrief Steve(1).pdf [FileDeduplicator.py:105]
2025-06-05 17:26:23,225 - file_manager - INFO - Dry run: Would remove duplicate: C:\Users\terti\OneDrive\pdf\Bekendstellingsbrief Steve(2).pdf [FileDeduplicator.py:105]
2025-06-05 17:26:23,225 - file_manager - INFO - Dry run: Would remove duplicate: C:\Users\terti\OneDrive\pdf\Bekendstellingsbrief Steve.pdf [FileDeduplicator.py:105]
2025-06-05 17:26:23,225 - file_manager - INFO - Dry run: Would remove duplicate: C:\Users\terti\OneDrive\pdf\Bekendstellingsbrief Steve_1.pdf [FileDeduplicator.py:105]
2025-06-05 17:26:23,225 - file_manager - INFO - Dry run: Would remove duplicate: C:\Users\terti\OneDrive\pdf\Best Practices How to prepare for interview_1.pdf [FileDeduplicator.py:105]
2025-06-05 17:26:23,225 - file_manager - INFO - Dry run: Would remove duplicate: C:\Users\terti\OneDrive\pdf\Bid Invitation RFB2462-2021_1.pdf [FileDeduplicator.py:105]
2025-06-05 17:26:23,225 - file_manager - INFO - Dry run: Would remove duplicate: C:\Users\terti\OneDrive\pdf\BillingsfromWIPinvoices-JUANITA (2).PDF [FileDeduplicator.py:105]
2025-06-05 17:26:23,225 - file_manager - INFO - Dry run: Would remove duplicate: C:\Users\terti\OneDrive\pdf\BillingsfromWIPinvoices-JUANITA(1).PDF [FileDeduplicator.py:105]
2025-06-05 17:26:23,226 - file_manager - INFO - Dry run: Would remove duplicate: C:\Users\terti\OneDrive\pdf\BillingsfromWIPinvoices-JUANITA(2).PDF [FileDeduplicator.py:105]
2025-06-05 17:26:23,226 - file_manager - INFO - Dry run: Would remove duplicate: C:\Users\terti\OneDrive\pdf\BillingsfromWIPinvoices-JUANITA.PDF [FileDeduplicator.py:105]
2025-06-05 17:26:23,226 - file_manager - INFO - Dry run: Would remove duplicate: C:\Users\terti\OneDrive\pdf\BillingsfromWIPinvoices-JUANITA_1.PDF [FileDeduplicator.py:105]
2025-06-05 17:26:23,226 - file_manager - INFO - Dry run: Would remove duplicate: C:\Users\terti\OneDrive\pdf\BMW Declaration_of_Interest latest version.pdf [FileDeduplicator.py:105]
2025-06-05 17:26:23,226 - file_manager - INFO - Dry run: Would remove duplicate: C:\Users\terti\OneDrive\pdf\Breakthrough for LinkedIn Company Pages-1-1_1.pdf [FileDeduplicator.py:105]
2025-06-05 17:26:23,226 - file_manager - INFO - Dry run: Would remove duplicate: C:\Users\terti\OneDrive\pdf\BTL1Syllabus.pdf [FileDeduplicator.py:105]
2025-06-05 17:26:23,226 - file_manager - INFO - Dry run: Would remove duplicate: C:\Users\terti\OneDrive\pdf\BTL1Syllabus_1.pdf [FileDeduplicator.py:105]
2025-06-05 17:26:23,226 - file_manager - INFO - Dry run: Would remove duplicate: C:\Users\terti\OneDrive\pdf\Business Card - FactorySpec - Eddie -Sample 1.pdf [FileDeduplicator.py:105]
2025-06-05 17:26:23,226 - file_manager - INFO - Dry run: Would remove duplicate: C:\Users\terti\OneDrive\pdf\busroutemapwierdaparkc3_1.pdf [FileDeduplicator.py:105]
2025-06-05 17:26:23,226 - file_manager - INFO - Dry run: Would remove duplicate: C:\Users\terti\OneDrive\pdf\b_PostIt_1.pdf [FileDeduplicator.py:105]
2025-06-05 17:26:23,226 - file_manager - INFO - Dry run: Would remove duplicate: C:\Users\terti\OneDrive\pdf\c02441315.pdf [FileDeduplicator.py:105]
2025-06-05 17:26:23,226 - file_manager - INFO - Dry run: Would remove duplicate: C:\Users\terti\OneDrive\pdf\c06472592_1.pdf [FileDeduplicator.py:105]
2025-06-05 17:26:23,226 - file_manager - INFO - Dry run: Would remove duplicate: C:\Users\terti\OneDrive\pdf\C76D8406-D253-4473-9853-2321CCC4E6EA 1_1.pdf [FileDeduplicator.py:105]
2025-06-05 17:26:23,226 - file_manager - INFO - Dry run: Would remove duplicate: C:\Users\terti\OneDrive\pdf\C76D8406-D253-4473-9853-2321CCC4E6EA 2.pdf [FileDeduplicator.py:105]
2025-06-05 17:26:23,226 - file_manager - INFO - Dry run: Would remove duplicate: C:\Users\terti\OneDrive\pdf\C76D8406-D253-4473-9853-2321CCC4E6EA 2_1.pdf [FileDeduplicator.py:105]
2025-06-05 17:26:23,240 - file_manager - INFO - Dry run: Would remove duplicate: C:\Users\terti\OneDrive\pdf\C76D8406-D253-4473-9853-2321CCC4E6EA.pdf [FileDeduplicator.py:105]
2025-06-05 17:26:23,241 - file_manager - INFO - Dry run: Would remove duplicate: C:\Users\terti\OneDrive\pdf\C76D8406-D253-4473-9853-2321CCC4E6EA_1.pdf [FileDeduplicator.py:105]
2025-06-05 17:26:23,241 - file_manager - INFO - Dry run: Would remove duplicate: C:\Users\terti\OneDrive\pdf\c84d95d4-a01d-4aa5-9cf2-79f14ae8a4a3(1)_1.pdf [FileDeduplicator.py:105]
2025-06-05 17:26:23,241 - file_manager - INFO - Dry run: Would remove duplicate: C:\Users\terti\OneDrive\pdf\c84d95d4-a01d-4aa5-9cf2-79f14ae8a4a3(1)_2.pdf [FileDeduplicator.py:105]
2025-06-05 17:26:23,241 - file_manager - INFO - Dry run: Would remove duplicate: C:\Users\terti\OneDrive\pdf\c84d95d4-a01d-4aa5-9cf2-79f14ae8a4a3_1.pdf [FileDeduplicator.py:105]
2025-06-05 17:26:23,241 - file_manager - INFO - Dry run: Would remove duplicate: C:\Users\terti\OneDrive\pdf\c84d95d4-a01d-4aa5-9cf2-79f14ae8a4a3_2.pdf [FileDeduplicator.py:105]
2025-06-05 17:26:23,241 - file_manager - INFO - Dry run: Would remove duplicate: C:\Users\terti\OneDrive\pdf\CADL_ICB_ad_flyer 1_1.pdf [FileDeduplicator.py:105]
2025-06-05 17:26:23,241 - file_manager - INFO - Dry run: Would remove duplicate: C:\Users\terti\OneDrive\pdf\CADL_ICB_ad_flyer.pdf [FileDeduplicator.py:105]
2025-06-05 17:26:23,241 - file_manager - INFO - Dry run: Would remove duplicate: C:\Users\terti\OneDrive\pdf\CADL_ICB_ad_flyer_1.pdf [FileDeduplicator.py:105]
2025-06-05 17:26:23,241 - file_manager - INFO - Dry run: Would remove duplicate: C:\Users\terti\OneDrive\pdf\camm_scanned _1.pdf [FileDeduplicator.py:105]
2025-06-05 17:26:23,241 - file_manager - INFO - Dry run: Would remove duplicate: C:\Users\terti\OneDrive\pdf\Candidate Questionnaire.pdf [FileDeduplicator.py:105]
2025-06-05 17:26:23,241 - file_manager - INFO - Dry run: Would remove duplicate: C:\Users\terti\OneDrive\pdf\Candidate Questionnaire_done.pdf [FileDeduplicator.py:105]
2025-06-05 17:26:23,241 - file_manager - INFO - Dry run: Would remove duplicate: C:\Users\terti\OneDrive\pdf\Capital Software Internal Telephone List_1.pdf [FileDeduplicator.py:105]
2025-06-05 17:26:23,242 - file_manager - INFO - Dry run: Would remove duplicate: C:\Users\terti\OneDrive\pdf\Careers24-cv-Tertius-Geldenhuys_1.pdf [FileDeduplicator.py:105]
2025-06-05 17:26:23,242 - file_manager - INFO - Dry run: Would remove duplicate: C:\Users\terti\OneDrive\pdf\cbdc-tracker-whitepaper_1.pdf [FileDeduplicator.py:105]
2025-06-05 17:26:23,242 - file_manager - INFO - Dry run: Would remove duplicate: C:\Users\terti\OneDrive\pdf\CCE04252017_0005 1_1.pdf [FileDeduplicator.py:105]
2025-06-05 17:26:23,242 - file_manager - INFO - Dry run: Would remove duplicate: C:\Users\terti\OneDrive\pdf\CCE04252017_0005 2.pdf [FileDeduplicator.py:105]
2025-06-05 17:26:23,242 - file_manager - INFO - Dry run: Would remove duplicate: C:\Users\terti\OneDrive\pdf\CCE04252017_0005 2_1.pdf [FileDeduplicator.py:105]
2025-06-05 17:26:23,242 - file_manager - INFO - Dry run: Would remove duplicate: C:\Users\terti\OneDrive\pdf\CCE04252017_0005.pdf [FileDeduplicator.py:105]
2025-06-05 17:26:23,242 - file_manager - INFO - Dry run: Would remove duplicate: C:\Users\terti\OneDrive\pdf\CCE04252017_0005_1.pdf [FileDeduplicator.py:105]
2025-06-05 17:26:23,242 - file_manager - INFO - Dry run: Would remove duplicate: C:\Users\terti\OneDrive\pdf\CCF20170413 1_1.pdf [FileDeduplicator.py:105]
2025-06-05 17:26:23,242 - file_manager - INFO - Dry run: Would remove duplicate: C:\Users\terti\OneDrive\pdf\CCF20170413 2.pdf [FileDeduplicator.py:105]
2025-06-05 17:26:23,242 - file_manager - INFO - Dry run: Would remove duplicate: C:\Users\terti\OneDrive\pdf\CCF20170413 2_1.pdf [FileDeduplicator.py:105]
2025-06-05 17:26:23,242 - file_manager - INFO - Dry run: Would remove duplicate: C:\Users\terti\OneDrive\pdf\CCF20170413.pdf [FileDeduplicator.py:105]
2025-06-05 17:26:23,242 - file_manager - INFO - Dry run: Would remove duplicate: C:\Users\terti\OneDrive\pdf\CCF20170413_1.pdf [FileDeduplicator.py:105]
2025-06-05 17:26:23,255 - file_manager - INFO - Dry run: Would remove duplicate: C:\Users\terti\OneDrive\pdf\CCF20170621_1.pdf [FileDeduplicator.py:105]
2025-06-05 17:26:23,255 - file_manager - INFO - Dry run: Would remove duplicate: C:\Users\terti\OneDrive\pdf\CCF20170702_0001_1.pdf [FileDeduplicator.py:105]
2025-06-05 17:26:23,255 - file_manager - INFO - Dry run: Would remove duplicate: C:\Users\terti\OneDrive\pdf\CCF20170702_1.pdf [FileDeduplicator.py:105]
2025-06-05 17:26:23,255 - file_manager - INFO - Dry run: Would remove duplicate: C:\Users\terti\OneDrive\pdf\CCF20170704_1.pdf [FileDeduplicator.py:105]
2025-06-05 17:26:23,255 - file_manager - INFO - Dry run: Would remove duplicate: C:\Users\terti\OneDrive\pdf\CCF20170710_0001_1.pdf [FileDeduplicator.py:105]
2025-06-05 17:26:23,255 - file_manager - INFO - Dry run: Would remove duplicate: C:\Users\terti\OneDrive\pdf\CCF20170710_0002_1.pdf [FileDeduplicator.py:105]
2025-06-05 17:26:23,255 - file_manager - INFO - Dry run: Would remove duplicate: C:\Users\terti\OneDrive\pdf\CCF20170710_0003_1.pdf [FileDeduplicator.py:105]
2025-06-05 17:26:23,255 - file_manager - INFO - Dry run: Would remove duplicate: C:\Users\terti\OneDrive\pdf\CCF20170710_0004_1.pdf [FileDeduplicator.py:105]
2025-06-05 17:26:23,255 - file_manager - INFO - Dry run: Would remove duplicate: C:\Users\terti\OneDrive\pdf\CCF20170710_0005_1.pdf [FileDeduplicator.py:105]
2025-06-05 17:26:23,255 - file_manager - INFO - Dry run: Would remove duplicate: C:\Users\terti\OneDrive\pdf\CCF20170710_0006_1.pdf [FileDeduplicator.py:105]
2025-06-05 17:26:23,255 - file_manager - INFO - Dry run: Would remove duplicate: C:\Users\terti\OneDrive\pdf\CCF20170710_0007_1.pdf [FileDeduplicator.py:105]
2025-06-05 17:26:23,255 - file_manager - INFO - Dry run: Would remove duplicate: C:\Users\terti\OneDrive\pdf\CCF20170710_0008_1.pdf [FileDeduplicator.py:105]
2025-06-05 17:26:23,256 - file_manager - INFO - Dry run: Would remove duplicate: C:\Users\terti\OneDrive\pdf\CCF20170710_0009_1.pdf [FileDeduplicator.py:105]
2025-06-05 17:26:23,256 - file_manager - INFO - Dry run: Would remove duplicate: C:\Users\terti\OneDrive\pdf\CCF20170710_0010_1.pdf [FileDeduplicator.py:105]
2025-06-05 17:26:23,256 - file_manager - INFO - Dry run: Would remove duplicate: C:\Users\terti\OneDrive\pdf\CCF20170710_0011_1.pdf [FileDeduplicator.py:105]
2025-06-05 17:26:23,256 - file_manager - INFO - Dry run: Would remove duplicate: C:\Users\terti\OneDrive\pdf\CCF20170710_0012_1.pdf [FileDeduplicator.py:105]
2025-06-05 17:26:23,256 - file_manager - INFO - Dry run: Would remove duplicate: C:\Users\terti\OneDrive\pdf\CCF20170710_1.pdf [FileDeduplicator.py:105]
2025-06-05 17:26:23,256 - file_manager - INFO - Dry run: Would remove duplicate: C:\Users\terti\OneDrive\pdf\CCF20170716_1.pdf [FileDeduplicator.py:105]
2025-06-05 17:26:23,256 - file_manager - INFO - Dry run: Would remove duplicate: C:\Users\terti\OneDrive\pdf\CCF20170721_0001_1.pdf [FileDeduplicator.py:105]
2025-06-05 17:26:23,256 - file_manager - INFO - Dry run: Would remove duplicate: C:\Users\terti\OneDrive\pdf\CCF20170721_0002_1.pdf [FileDeduplicator.py:105]
2025-06-05 17:26:23,256 - file_manager - INFO - Dry run: Would remove duplicate: C:\Users\terti\OneDrive\pdf\CCF20170721_0003_1.pdf [FileDeduplicator.py:105]
2025-06-05 17:26:23,256 - file_manager - INFO - Dry run: Would remove duplicate: C:\Users\terti\OneDrive\pdf\CCF20170721_0004_1.pdf [FileDeduplicator.py:105]
2025-06-05 17:26:23,256 - file_manager - INFO - Dry run: Would remove duplicate: C:\Users\terti\OneDrive\pdf\CCF20170721_0005_1.pdf [FileDeduplicator.py:105]
2025-06-05 17:26:23,256 - file_manager - INFO - Dry run: Would remove duplicate: C:\Users\terti\OneDrive\pdf\CCF20170721_0006_1.pdf [FileDeduplicator.py:105]
2025-06-05 17:26:23,256 - file_manager - INFO - Dry run: Would remove duplicate: C:\Users\terti\OneDrive\pdf\CCF20170721_0007_1.pdf [FileDeduplicator.py:105]
2025-06-05 17:26:23,256 - file_manager - INFO - Dry run: Would remove duplicate: C:\Users\terti\OneDrive\pdf\CCF20170721_1.pdf [FileDeduplicator.py:105]
2025-06-05 17:26:23,256 - file_manager - INFO - Dry run: Would remove duplicate: C:\Users\terti\OneDrive\pdf\CCF_000002_1.pdf [FileDeduplicator.py:105]
2025-06-05 17:26:23,271 - file_manager - INFO - Dry run: Would remove duplicate: C:\Users\terti\OneDrive\pdf\CCF_000011_1.pdf [FileDeduplicator.py:105]
2025-06-05 17:26:23,271 - file_manager - INFO - Dry run: Would remove duplicate: C:\Users\terti\OneDrive\pdf\CCF_000012_1.pdf [FileDeduplicator.py:105]
2025-06-05 17:26:23,271 - file_manager - INFO - Dry run: Would remove duplicate: C:\Users\terti\OneDrive\pdf\CCF_000019_1.pdf [FileDeduplicator.py:105]
2025-06-05 17:26:23,271 - file_manager - INFO - Dry run: Would remove duplicate: C:\Users\terti\OneDrive\pdf\CENTRALONERESTAURANTSQUARE030718_VrOZsg2I_1.pdf [FileDeduplicator.py:105]
2025-06-05 17:26:23,271 - file_manager - INFO - Dry run: Would remove duplicate: C:\Users\terti\OneDrive\pdf\cert-1165-11700274.pdf [FileDeduplicator.py:105]
2025-06-05 17:26:23,271 - file_manager - INFO - Dry run: Would remove duplicate: C:\Users\terti\OneDrive\pdf\Certificate(s) 1_1.pdf [FileDeduplicator.py:105]
2025-06-05 17:26:23,272 - file_manager - INFO - Dry run: Would remove duplicate: C:\Users\terti\OneDrive\pdf\Certificate(s).pdf [FileDeduplicator.py:105]
2025-06-05 17:26:23,272 - file_manager - INFO - Dry run: Would remove duplicate: C:\Users\terti\OneDrive\pdf\Certificate(s)_1.pdf [FileDeduplicator.py:105]
2025-06-05 17:26:23,272 - file_manager - INFO - Dry run: Would remove duplicate: C:\Users\terti\OneDrive\pdf\Certificate(s)_2.pdf [FileDeduplicator.py:105]
2025-06-05 17:26:23,272 - file_manager - INFO - Dry run: Would remove duplicate: C:\Users\terti\OneDrive\pdf\Certified_Copy_of_ID_Document_1.pdf [FileDeduplicator.py:105]
2025-06-05 17:26:23,272 - file_manager - INFO - Dry run: Would remove duplicate: C:\Users\terti\OneDrive\pdf\Certified_Copy_of_ID_Document_2.pdf [FileDeduplicator.py:105]
2025-06-05 17:26:23,272 - file_manager - INFO - Dry run: Would remove duplicate: C:\Users\terti\OneDrive\pdf\Change of directors information sheet and Power of Attorney (2).pdf [FileDeduplicator.py:105]
2025-06-05 17:26:23,272 - file_manager - INFO - Dry run: Would remove duplicate: C:\Users\terti\OneDrive\pdf\Change of directors information sheet and Power of Attorney (3).pdf [FileDeduplicator.py:105]
2025-06-05 17:26:23,272 - file_manager - INFO - Dry run: Would remove duplicate: C:\Users\terti\OneDrive\pdf\Change of directors information sheet and Power of Attorney.pdf [FileDeduplicator.py:105]
2025-06-05 17:26:23,272 - file_manager - INFO - Dry run: Would remove duplicate: C:\Users\terti\OneDrive\pdf\Chromebooks Are The Next Best Thin Client - Par(1)_1.pdf [FileDeduplicator.py:105]
2025-06-05 17:26:23,272 - file_manager - INFO - Dry run: Would remove duplicate: C:\Users\terti\OneDrive\pdf\Chromebooks Are The Next Best Thin Client - Par(1)_2.pdf [FileDeduplicator.py:105]
2025-06-05 17:26:23,272 - file_manager - INFO - Dry run: Would remove duplicate: C:\Users\terti\OneDrive\pdf\Chromebooks Are The Next Best Thin Client - Par_1.pdf [FileDeduplicator.py:105]
2025-06-05 17:26:23,273 - file_manager - INFO - Dry run: Would remove duplicate: C:\Users\terti\OneDrive\pdf\Chromebooks Are The Next Best Thin Client - Par_2.pdf [FileDeduplicator.py:105]
2025-06-05 17:26:23,273 - file_manager - INFO - Dry run: Would remove duplicate: C:\Users\terti\OneDrive\pdf\CIPC_PUBLICATION_201612_1.pdf [FileDeduplicator.py:105]
2025-06-05 17:26:23,273 - file_manager - INFO - Dry run: Would remove duplicate: C:\Users\terti\OneDrive\pdf\Claim for sickness Benefits - Declaration by doctor SA (ENG) 1_1.pdf [FileDeduplicator.py:105]
2025-06-05 17:26:23,273 - file_manager - INFO - Dry run: Would remove duplicate: C:\Users\terti\OneDrive\pdf\Claim for sickness Benefits - Declaration by doctor SA (ENG).pdf [FileDeduplicator.py:105]
2025-06-05 17:26:23,273 - file_manager - INFO - Dry run: Would remove duplicate: C:\Users\terti\OneDrive\pdf\Claim for sickness Benefits - Declaration by doctor SA (ENG)_1.pdf [FileDeduplicator.py:105]
2025-06-05 17:26:23,273 - file_manager - INFO - Dry run: Would remove duplicate: C:\Users\terti\OneDrive\pdf\Claim for Sickness Benefits - Declaration by member SA (ENG) 1_1.pdf [FileDeduplicator.py:105]
2025-06-05 17:26:23,286 - file_manager - INFO - Dry run: Would remove duplicate: C:\Users\terti\OneDrive\pdf\Claim for Sickness Benefits - Declaration by member SA (ENG).pdf [FileDeduplicator.py:105]
2025-06-05 17:26:23,286 - file_manager - INFO - Dry run: Would remove duplicate: C:\Users\terti\OneDrive\pdf\Claim for Sickness Benefits - Declaration by member SA (ENG)_1.pdf [FileDeduplicator.py:105]
2025-06-05 17:26:23,286 - file_manager - INFO - Dry run: Would remove duplicate: C:\Users\terti\OneDrive\pdf\Claren 1_1.PDF [FileDeduplicator.py:105]
2025-06-05 17:26:23,286 - file_manager - INFO - Dry run: Would remove duplicate: C:\Users\terti\OneDrive\pdf\Claren 2.PDF [FileDeduplicator.py:105]
2025-06-05 17:26:23,286 - file_manager - INFO - Dry run: Would remove duplicate: C:\Users\terti\OneDrive\pdf\Claren 2_1.PDF [FileDeduplicator.py:105]
2025-06-05 17:26:23,286 - file_manager - INFO - Dry run: Would remove duplicate: C:\Users\terti\OneDrive\pdf\Claren 3_1.PDF [FileDeduplicator.py:105]
2025-06-05 17:26:23,286 - file_manager - INFO - Dry run: Would remove duplicate: C:\Users\terti\OneDrive\pdf\Claren 4.PDF [FileDeduplicator.py:105]
2025-06-05 17:26:23,287 - file_manager - INFO - Dry run: Would remove duplicate: C:\Users\terti\OneDrive\pdf\Claren 4_1.PDF [FileDeduplicator.py:105]
2025-06-05 17:26:23,287 - file_manager - INFO - Dry run: Would remove duplicate: C:\Users\terti\OneDrive\pdf\claren aug 1_1.PDF [FileDeduplicator.py:105]
2025-06-05 17:26:23,287 - file_manager - INFO - Dry run: Would remove duplicate: C:\Users\terti\OneDrive\pdf\claren aug 2.PDF [FileDeduplicator.py:105]
2025-06-05 17:26:23,287 - file_manager - INFO - Dry run: Would remove duplicate: C:\Users\terti\OneDrive\pdf\claren aug 2_1.PDF [FileDeduplicator.py:105]
2025-06-05 17:26:23,287 - file_manager - INFO - Dry run: Would remove duplicate: C:\Users\terti\OneDrive\pdf\claren aug.PDF [FileDeduplicator.py:105]
2025-06-05 17:26:23,287 - file_manager - INFO - Dry run: Would remove duplicate: C:\Users\terti\OneDrive\pdf\claren aug_1.PDF [FileDeduplicator.py:105]
2025-06-05 17:26:23,287 - file_manager - INFO - Dry run: Would remove duplicate: C:\Users\terti\OneDrive\pdf\claren jun 1_1.PDF [FileDeduplicator.py:105]
2025-06-05 17:26:23,287 - file_manager - INFO - Dry run: Would remove duplicate: C:\Users\terti\OneDrive\pdf\claren jun 2.PDF [FileDeduplicator.py:105]
2025-06-05 17:26:23,287 - file_manager - INFO - Dry run: Would remove duplicate: C:\Users\terti\OneDrive\pdf\claren jun 2_1.PDF [FileDeduplicator.py:105]
2025-06-05 17:26:23,287 - file_manager - INFO - Dry run: Would remove duplicate: C:\Users\terti\OneDrive\pdf\claren jun.PDF [FileDeduplicator.py:105]
2025-06-05 17:26:23,287 - file_manager - INFO - Dry run: Would remove duplicate: C:\Users\terti\OneDrive\pdf\claren jun_1.PDF [FileDeduplicator.py:105]
2025-06-05 17:26:23,288 - file_manager - INFO - Dry run: Would remove duplicate: C:\Users\terti\OneDrive\pdf\Claren nov_1.PDF [FileDeduplicator.py:105]
2025-06-05 17:26:23,288 - file_manager - INFO - Dry run: Would remove duplicate: C:\Users\terti\OneDrive\pdf\Claren.PDF [FileDeduplicator.py:105]
2025-06-05 17:26:23,288 - file_manager - INFO - Dry run: Would remove duplicate: C:\Users\terti\OneDrive\pdf\Claren_1.PDF [FileDeduplicator.py:105]
2025-06-05 17:26:23,288 - file_manager - INFO - Dry run: Would remove duplicate: C:\Users\terti\OneDrive\pdf\CLEARANCE CERTIFICATE # 16285(1)_1.pdf [FileDeduplicator.py:105]
2025-06-05 17:26:23,288 - file_manager - INFO - Dry run: Would remove duplicate: C:\Users\terti\OneDrive\pdf\CLEARANCE CERTIFICATE # 16285(1)_2.pdf [FileDeduplicator.py:105]
2025-06-05 17:26:23,288 - file_manager - INFO - Dry run: Would remove duplicate: C:\Users\terti\OneDrive\pdf\CLEARANCE CERTIFICATE # 16285_1.pdf [FileDeduplicator.py:105]
2025-06-05 17:26:23,288 - file_manager - INFO - Dry run: Would remove duplicate: C:\Users\terti\OneDrive\pdf\CLEARANCE CERTIFICATE # 16285_2.pdf [FileDeduplicator.py:105]
2025-06-05 17:26:23,288 - file_manager - INFO - Dry run: Would remove duplicate: C:\Users\terti\OneDrive\pdf\Clodagh Daly_1.pdf [FileDeduplicator.py:105]
2025-06-05 17:26:23,301 - file_manager - INFO - Dry run: Would remove duplicate: C:\Users\terti\OneDrive\pdf\cloud-strategy-infographic(1)_1.pdf [FileDeduplicator.py:105]
2025-06-05 17:26:23,302 - file_manager - INFO - Dry run: Would remove duplicate: C:\Users\terti\OneDrive\pdf\cloud-strategy-infographic(1)_2.pdf [FileDeduplicator.py:105]
2025-06-05 17:26:23,302 - file_manager - INFO - Dry run: Would remove duplicate: C:\Users\terti\OneDrive\pdf\cloud-strategy-infographic_1.pdf [FileDeduplicator.py:105]
2025-06-05 17:26:23,302 - file_manager - INFO - Dry run: Would remove duplicate: C:\Users\terti\OneDrive\pdf\cloud-strategy-infographic_2.pdf [FileDeduplicator.py:105]
2025-06-05 17:26:23,302 - file_manager - INFO - Dry run: Would remove duplicate: C:\Users\terti\OneDrive\pdf\CMA17 (2).pdf [FileDeduplicator.py:105]
2025-06-05 17:26:23,302 - file_manager - INFO - Dry run: Would remove duplicate: C:\Users\terti\OneDrive\pdf\CMA17 (4).pdf [FileDeduplicator.py:105]
2025-06-05 17:26:23,302 - file_manager - INFO - Dry run: Would remove duplicate: C:\Users\terti\OneDrive\pdf\CMA17 (5).pdf [FileDeduplicator.py:105]
2025-06-05 17:26:23,302 - file_manager - INFO - Dry run: Would remove duplicate: C:\Users\terti\OneDrive\pdf\CMA17 10_1.pdf [FileDeduplicator.py:105]
2025-06-05 17:26:23,302 - file_manager - INFO - Dry run: Would remove duplicate: C:\Users\terti\OneDrive\pdf\CMA17 11_1.pdf [FileDeduplicator.py:105]
2025-06-05 17:26:23,302 - file_manager - INFO - Dry run: Would remove duplicate: C:\Users\terti\OneDrive\pdf\CMA17 12.pdf [FileDeduplicator.py:105]
2025-06-05 17:26:23,302 - file_manager - INFO - Dry run: Would remove duplicate: C:\Users\terti\OneDrive\pdf\CMA17 12_1.pdf [FileDeduplicator.py:105]
2025-06-05 17:26:23,302 - file_manager - INFO - Dry run: Would remove duplicate: C:\Users\terti\OneDrive\pdf\CMA17 13_1.pdf [FileDeduplicator.py:105]
2025-06-05 17:26:23,302 - file_manager - INFO - Dry run: Would remove duplicate: C:\Users\terti\OneDrive\pdf\CMA17 14.pdf [FileDeduplicator.py:105]
2025-06-05 17:26:23,303 - file_manager - INFO - Dry run: Would remove duplicate: C:\Users\terti\OneDrive\pdf\CMA17 14_1.pdf [FileDeduplicator.py:105]
2025-06-05 17:26:23,303 - file_manager - INFO - Dry run: Would remove duplicate: C:\Users\terti\OneDrive\pdf\CMA17 15_1.pdf [FileDeduplicator.py:105]
2025-06-05 17:26:23,303 - file_manager - INFO - Dry run: Would remove duplicate: C:\Users\terti\OneDrive\pdf\CMA17 16.pdf [FileDeduplicator.py:105]
2025-06-05 17:26:23,303 - file_manager - INFO - Dry run: Would remove duplicate: C:\Users\terti\OneDrive\pdf\CMA17 16_1.pdf [FileDeduplicator.py:105]
2025-06-05 17:26:23,303 - file_manager - INFO - Dry run: Would remove duplicate: C:\Users\terti\OneDrive\pdf\CMA17 17_1.pdf [FileDeduplicator.py:105]
2025-06-05 17:26:23,303 - file_manager - INFO - Dry run: Would remove duplicate: C:\Users\terti\OneDrive\pdf\CMA17 18.pdf [FileDeduplicator.py:105]
2025-06-05 17:26:23,303 - file_manager - INFO - Dry run: Would remove duplicate: C:\Users\terti\OneDrive\pdf\CMA17 18_1.pdf [FileDeduplicator.py:105]
2025-06-05 17:26:23,303 - file_manager - INFO - Dry run: Would remove duplicate: C:\Users\terti\OneDrive\pdf\CMA17 1_1.pdf [FileDeduplicator.py:105]
2025-06-05 17:26:23,303 - file_manager - INFO - Dry run: Would remove duplicate: C:\Users\terti\OneDrive\pdf\CMA17 2.pdf [FileDeduplicator.py:105]
2025-06-05 17:26:23,303 - file_manager - INFO - Dry run: Would remove duplicate: C:\Users\terti\OneDrive\pdf\CMA17 2_1.pdf [FileDeduplicator.py:105]
2025-06-05 17:26:23,303 - file_manager - INFO - Dry run: Would remove duplicate: C:\Users\terti\OneDrive\pdf\CMA17 3_1.pdf [FileDeduplicator.py:105]
2025-06-05 17:26:23,303 - file_manager - INFO - Dry run: Would remove duplicate: C:\Users\terti\OneDrive\pdf\CMA17 4.pdf [FileDeduplicator.py:105]
2025-06-05 17:26:23,303 - file_manager - INFO - Dry run: Would remove duplicate: C:\Users\terti\OneDrive\pdf\CMA17 4_1.pdf [FileDeduplicator.py:105]
2025-06-05 17:26:23,303 - file_manager - INFO - Dry run: Would remove duplicate: C:\Users\terti\OneDrive\pdf\CMA17 5_1.pdf [FileDeduplicator.py:105]
2025-06-05 17:26:23,316 - file_manager - INFO - Dry run: Would remove duplicate: C:\Users\terti\OneDrive\pdf\CMA17 6.pdf [FileDeduplicator.py:105]
2025-06-05 17:26:23,316 - file_manager - INFO - Dry run: Would remove duplicate: C:\Users\terti\OneDrive\pdf\CMA17 6_1.pdf [FileDeduplicator.py:105]
2025-06-05 17:26:23,316 - file_manager - INFO - Dry run: Would remove duplicate: C:\Users\terti\OneDrive\pdf\CMA17 7_1.pdf [FileDeduplicator.py:105]
2025-06-05 17:26:23,316 - file_manager - INFO - Dry run: Would remove duplicate: C:\Users\terti\OneDrive\pdf\CMA17 8.pdf [FileDeduplicator.py:105]
2025-06-05 17:26:23,316 - file_manager - INFO - Dry run: Would remove duplicate: C:\Users\terti\OneDrive\pdf\CMA17 8_1.pdf [FileDeduplicator.py:105]
2025-06-05 17:26:23,316 - file_manager - INFO - Dry run: Would remove duplicate: C:\Users\terti\OneDrive\pdf\CMA17 9.pdf [FileDeduplicator.py:105]
2025-06-05 17:26:23,316 - file_manager - INFO - Dry run: Would remove duplicate: C:\Users\terti\OneDrive\pdf\CMA17 9_1.pdf [FileDeduplicator.py:105]
2025-06-05 17:26:23,316 - file_manager - INFO - Dry run: Would remove duplicate: C:\Users\terti\OneDrive\pdf\CMA17(1).pdf [FileDeduplicator.py:105]
2025-06-05 17:26:23,316 - file_manager - INFO - Dry run: Would remove duplicate: C:\Users\terti\OneDrive\pdf\CMA17(2).pdf [FileDeduplicator.py:105]
2025-06-05 17:26:23,316 - file_manager - INFO - Dry run: Would remove duplicate: C:\Users\terti\OneDrive\pdf\CMA17(3).pdf [FileDeduplicator.py:105]
2025-06-05 17:26:23,316 - file_manager - INFO - Dry run: Would remove duplicate: C:\Users\terti\OneDrive\pdf\CMA17(4).pdf [FileDeduplicator.py:105]
2025-06-05 17:26:23,316 - file_manager - INFO - Dry run: Would remove duplicate: C:\Users\terti\OneDrive\pdf\CMA17(5).pdf [FileDeduplicator.py:105]
2025-06-05 17:26:23,316 - file_manager - INFO - Dry run: Would remove duplicate: C:\Users\terti\OneDrive\pdf\CMA17.pdf [FileDeduplicator.py:105]
2025-06-05 17:26:23,316 - file_manager - INFO - Dry run: Would remove duplicate: C:\Users\terti\OneDrive\pdf\CMA17_1.pdf [FileDeduplicator.py:105]
2025-06-05 17:26:23,316 - file_manager - INFO - Dry run: Would remove duplicate: C:\Users\terti\OneDrive\pdf\CMA17_1_1.pdf [FileDeduplicator.py:105]
2025-06-05 17:26:23,317 - file_manager - INFO - Dry run: Would remove duplicate: C:\Users\terti\OneDrive\pdf\CMA17_2.pdf [FileDeduplicator.py:105]
2025-06-05 17:26:23,317 - file_manager - INFO - Dry run: Would remove duplicate: C:\Users\terti\OneDrive\pdf\CN52KCGP_EXCESS_POP(1)_1.pdf [FileDeduplicator.py:105]
2025-06-05 17:26:23,317 - file_manager - INFO - Dry run: Would remove duplicate: C:\Users\terti\OneDrive\pdf\CN52KCGP_EXCESS_POP(1)_2.pdf [FileDeduplicator.py:105]
2025-06-05 17:26:23,317 - file_manager - INFO - Dry run: Would remove duplicate: C:\Users\terti\OneDrive\pdf\CN52KCGP_EXCESS_POP_1.pdf [FileDeduplicator.py:105]
2025-06-05 17:26:23,317 - file_manager - INFO - Dry run: Would remove duplicate: C:\Users\terti\OneDrive\pdf\CN52KCGP_EXCESS_POP_2.pdf [FileDeduplicator.py:105]
2025-06-05 17:26:23,317 - file_manager - INFO - Dry run: Would remove duplicate: C:\Users\terti\OneDrive\pdf\CN52KCGP_PVT_REPAIR_POP(1)_1.pdf [FileDeduplicator.py:105]
2025-06-05 17:26:23,317 - file_manager - INFO - Dry run: Would remove duplicate: C:\Users\terti\OneDrive\pdf\CN52KCGP_PVT_REPAIR_POP(1)_2.pdf [FileDeduplicator.py:105]
2025-06-05 17:26:23,317 - file_manager - INFO - Dry run: Would remove duplicate: C:\Users\terti\OneDrive\pdf\CN52KCGP_PVT_REPAIR_POP_1.pdf [FileDeduplicator.py:105]
2025-06-05 17:26:23,317 - file_manager - INFO - Dry run: Would remove duplicate: C:\Users\terti\OneDrive\pdf\CN52KCGP_PVT_REPAIR_POP_2.pdf [FileDeduplicator.py:105]
2025-06-05 17:26:23,317 - file_manager - INFO - Dry run: Would remove duplicate: C:\Users\terti\OneDrive\pdf\code-complete-2nd-edition-v413hav(1)_1.pdf [FileDeduplicator.py:105]
2025-06-05 17:26:23,317 - file_manager - INFO - Dry run: Would remove duplicate: C:\Users\terti\OneDrive\pdf\code-complete-2nd-edition-v413hav(1)_2.pdf [FileDeduplicator.py:105]
2025-06-05 17:26:23,317 - file_manager - INFO - Dry run: Would remove duplicate: C:\Users\terti\OneDrive\pdf\code-complete-2nd-edition-v413hav_1.pdf [FileDeduplicator.py:105]
2025-06-05 17:26:23,332 - file_manager - INFO - Dry run: Would remove duplicate: C:\Users\terti\OneDrive\pdf\code-complete-2nd-edition-v413hav_2.pdf [FileDeduplicator.py:105]
2025-06-05 17:26:23,332 - file_manager - INFO - Dry run: Would remove duplicate: C:\Users\terti\OneDrive\pdf\Code42-6-Unusual-Data-Behaviors-That-Indicate-Insider-Threat.pdf [FileDeduplicator.py:105]
2025-06-05 17:26:23,332 - file_manager - INFO - Dry run: Would remove duplicate: C:\Users\terti\OneDrive\pdf\code42-incydr-proof-of-value-pov-overview.pdf [FileDeduplicator.py:105]
2025-06-05 17:26:23,333 - file_manager - INFO - Dry run: Would remove duplicate: C:\Users\terti\OneDrive\pdf\codestar-ug_1.pdf [FileDeduplicator.py:105]
2025-06-05 17:26:23,333 - file_manager - INFO - Dry run: Would remove duplicate: C:\Users\terti\OneDrive\pdf\coding-with-replit-export.pdf [FileDeduplicator.py:105]
2025-06-05 17:26:23,333 - file_manager - INFO - Dry run: Would remove duplicate: C:\Users\terti\OneDrive\pdf\Colum Sisk_1.pdf [FileDeduplicator.py:105]
2025-06-05 17:26:23,333 - file_manager - INFO - Dry run: Would remove duplicate: C:\Users\terti\OneDrive\pdf\Command & Control Understanding, Denying and Detecting_1.pdf [FileDeduplicator.py:105]
2025-06-05 17:26:23,333 - file_manager - INFO - Dry run: Would remove duplicate: C:\Users\terti\OneDrive\pdf\Comparisons_TeamCity_1.pdf [FileDeduplicator.py:105]
2025-06-05 17:26:23,333 - file_manager - INFO - Dry run: Would remove duplicate: C:\Users\terti\OneDrive\pdf\Completing_your_Declaration_of_Interest_Form (2) (1).pdf [FileDeduplicator.py:105]
2025-06-05 17:26:23,333 - file_manager - INFO - Dry run: Would remove duplicate: C:\Users\terti\OneDrive\pdf\CompTIA_Exam_voucher_instructions(1).pdf [FileDeduplicator.py:105]
2025-06-05 17:26:23,333 - file_manager - INFO - Dry run: Would remove duplicate: C:\Users\terti\OneDrive\pdf\CompTIA_Exam_voucher_instructions-1.pdf [FileDeduplicator.py:105]
2025-06-05 17:26:23,333 - file_manager - INFO - Dry run: Would remove duplicate: C:\Users\terti\OneDrive\pdf\CompTIA_Exam_voucher_instructions.pdf [FileDeduplicator.py:105]
2025-06-05 17:26:23,333 - file_manager - INFO - Dry run: Would remove duplicate: C:\Users\terti\OneDrive\pdf\computer_programming_concepts_and_visual_basic.pdf [FileDeduplicator.py:105]
2025-06-05 17:26:23,333 - file_manager - INFO - Dry run: Would remove duplicate: C:\Users\terti\OneDrive\pdf\computer_programming_concepts_and_visual_basic_1.pdf [FileDeduplicator.py:105]
2025-06-05 17:26:23,333 - file_manager - INFO - Dry run: Would remove duplicate: C:\Users\terti\OneDrive\pdf\Configuring automatic code review by Copilot_1.pdf [FileDeduplicator.py:105]
2025-06-05 17:26:23,333 - file_manager - INFO - Dry run: Would remove duplicate: C:\Users\terti\OneDrive\pdf\Consent and Indemnity Form LexisNexis[14](1)_1.pdf [FileDeduplicator.py:105]
2025-06-05 17:26:23,334 - file_manager - INFO - Dry run: Would remove duplicate: C:\Users\terti\OneDrive\pdf\Consent and Indemnity Form LexisNexis[14].pdf [FileDeduplicator.py:105]
2025-06-05 17:26:23,334 - file_manager - INFO - Dry run: Would remove duplicate: C:\Users\terti\OneDrive\pdf\Consent and Indemnity Form LexisNexis[14]_1.pdf [FileDeduplicator.py:105]
2025-06-05 17:26:23,334 - file_manager - INFO - Dry run: Would remove duplicate: C:\Users\terti\OneDrive\pdf\Consultancy Agreement for review and signature._encrypted_.pdf [FileDeduplicator.py:105]
2025-06-05 17:26:23,334 - file_manager - INFO - Dry run: Would remove duplicate: C:\Users\terti\OneDrive\pdf\Consultancy Agreement for review and signature._encrypted__1.pdf [FileDeduplicator.py:105]
2025-06-05 17:26:23,334 - file_manager - INFO - Dry run: Would remove duplicate: C:\Users\terti\OneDrive\pdf\Contractor Information Request_1.pdf [FileDeduplicator.py:105]
2025-06-05 17:26:23,334 - file_manager - INFO - Dry run: Would remove duplicate: C:\Users\terti\OneDrive\pdf\Contractor Information Request_2.pdf [FileDeduplicator.py:105]
2025-06-05 17:26:23,334 - file_manager - INFO - Dry run: Would remove duplicate: C:\Users\terti\OneDrive\pdf\Contract__Service_Cancellation_form 1_1.PDF [FileDeduplicator.py:105]
2025-06-05 17:26:23,347 - file_manager - INFO - Dry run: Would remove duplicate: C:\Users\terti\OneDrive\pdf\Contract__Service_Cancellation_form 2.PDF [FileDeduplicator.py:105]
2025-06-05 17:26:23,347 - file_manager - INFO - Dry run: Would remove duplicate: C:\Users\terti\OneDrive\pdf\Contract__Service_Cancellation_form 2_1.PDF [FileDeduplicator.py:105]
2025-06-05 17:26:23,348 - file_manager - INFO - Dry run: Would remove duplicate: C:\Users\terti\OneDrive\pdf\Contract__Service_Cancellation_form.PDF [FileDeduplicator.py:105]
2025-06-05 17:26:23,348 - file_manager - INFO - Dry run: Would remove duplicate: C:\Users\terti\OneDrive\pdf\Contract__Service_Cancellation_form_1.PDF [FileDeduplicator.py:105]
2025-06-05 17:26:23,348 - file_manager - INFO - Dry run: Would remove duplicate: C:\Users\terti\OneDrive\pdf\Copy_of_Google_Surveys_Report_-_28_03_2021,_3_05_pm(1)_1.pdf [FileDeduplicator.py:105]
2025-06-05 17:26:23,348 - file_manager - INFO - Dry run: Would remove duplicate: C:\Users\terti\OneDrive\pdf\Copy_of_Google_Surveys_Report_-_28_03_2021,_3_05_pm.pdf [FileDeduplicator.py:105]
2025-06-05 17:26:23,348 - file_manager - INFO - Dry run: Would remove duplicate: C:\Users\terti\OneDrive\pdf\Copy_of_Google_Surveys_Report_-_28_03_2021,_3_05_pm_1.pdf [FileDeduplicator.py:105]
2025-06-05 17:26:23,348 - file_manager - INFO - Dry run: Would remove duplicate: C:\Users\terti\OneDrive\pdf\CoR14_3_K2013065985_1.pdf [FileDeduplicator.py:105]
2025-06-05 17:26:23,348 - file_manager - INFO - Dry run: Would remove duplicate: C:\Users\terti\OneDrive\pdf\CoR14_3_K2013065985_2.pdf [FileDeduplicator.py:105]
2025-06-05 17:26:23,348 - file_manager - INFO - Dry run: Would remove duplicate: C:\Users\terti\OneDrive\pdf\corporatespec-nightwatch-keywords-20220521_1.pdf [FileDeduplicator.py:105]
2025-06-05 17:26:23,348 - file_manager - INFO - Dry run: Would remove duplicate: C:\Users\terti\OneDrive\pdf\corporatespec-nightwatch-site-audit-20220521_1.pdf [FileDeduplicator.py:105]
2025-06-05 17:26:23,348 - file_manager - INFO - Dry run: Would remove duplicate: C:\Users\terti\OneDrive\pdf\Cover Letter Samples_1.pdf [FileDeduplicator.py:105]
2025-06-05 17:26:23,348 - file_manager - INFO - Dry run: Would remove duplicate: C:\Users\terti\OneDrive\pdf\coverletter(1)_1.pdf [FileDeduplicator.py:105]
2025-06-05 17:26:23,348 - file_manager - INFO - Dry run: Would remove duplicate: C:\Users\terti\OneDrive\pdf\coverletter(1)_2.pdf [FileDeduplicator.py:105]
2025-06-05 17:26:23,348 - file_manager - INFO - Dry run: Would remove duplicate: C:\Users\terti\OneDrive\pdf\coverletter(2)_1.pdf [FileDeduplicator.py:105]
2025-06-05 17:26:23,348 - file_manager - INFO - Dry run: Would remove duplicate: C:\Users\terti\OneDrive\pdf\coverletter(2)_2.pdf [FileDeduplicator.py:105]
2025-06-05 17:26:23,349 - file_manager - INFO - Dry run: Would remove duplicate: C:\Users\terti\OneDrive\pdf\coverletter(3)_1.pdf [FileDeduplicator.py:105]
2025-06-05 17:26:23,349 - file_manager - INFO - Dry run: Would remove duplicate: C:\Users\terti\OneDrive\pdf\coverletter(3)_2.pdf [FileDeduplicator.py:105]
2025-06-05 17:26:23,349 - file_manager - INFO - Dry run: Would remove duplicate: C:\Users\terti\OneDrive\pdf\coverletter.pdf [FileDeduplicator.py:105]
2025-06-05 17:26:23,349 - file_manager - INFO - Dry run: Would remove duplicate: C:\Users\terti\OneDrive\pdf\coverletter_1.pdf [FileDeduplicator.py:105]
2025-06-05 17:26:23,349 - file_manager - INFO - Dry run: Would remove duplicate: C:\Users\terti\OneDrive\pdf\coverletter_2.pdf [FileDeduplicator.py:105]
2025-06-05 17:26:23,349 - file_manager - INFO - Dry run: Would remove duplicate: C:\Users\terti\OneDrive\pdf\CR0D08052017063401_1.PDF [FileDeduplicator.py:105]
2025-06-05 17:26:23,349 - file_manager - INFO - Dry run: Would remove duplicate: C:\Users\terti\OneDrive\pdf\CR0D08052017064509 1_1.PDF [FileDeduplicator.py:105]
2025-06-05 17:26:23,349 - file_manager - INFO - Dry run: Would remove duplicate: C:\Users\terti\OneDrive\pdf\CR0D08052017064509.PDF [FileDeduplicator.py:105]
2025-06-05 17:26:23,350 - file_manager - INFO - Dry run: Would remove duplicate: C:\Users\terti\OneDrive\pdf\CR0D08052017064509_1.PDF [FileDeduplicator.py:105]
2025-06-05 17:26:23,362 - file_manager - INFO - Dry run: Would remove duplicate: C:\Users\terti\OneDrive\pdf\CR2618827491D06042017051005 (1)_1.PDF [FileDeduplicator.py:105]
2025-06-05 17:26:23,362 - file_manager - INFO - Dry run: Would remove duplicate: C:\Users\terti\OneDrive\pdf\CR2618827491D06042017051005 1.PDF [FileDeduplicator.py:105]
2025-06-05 17:26:23,362 - file_manager - INFO - Dry run: Would remove duplicate: C:\Users\terti\OneDrive\pdf\CR2618827491D06042017051005 1_1.PDF [FileDeduplicator.py:105]
2025-06-05 17:26:23,362 - file_manager - INFO - Dry run: Would remove duplicate: C:\Users\terti\OneDrive\pdf\CR2618827491D06042017051005.PDF [FileDeduplicator.py:105]
2025-06-05 17:26:23,362 - file_manager - INFO - Dry run: Would remove duplicate: C:\Users\terti\OneDrive\pdf\CR2618827491D06042017051005_1.PDF [FileDeduplicator.py:105]
2025-06-05 17:26:23,363 - file_manager - INFO - Dry run: Would remove duplicate: C:\Users\terti\OneDrive\pdf\CR2618827491D08032017103053 (2).PDF [FileDeduplicator.py:105]
2025-06-05 17:26:23,363 - file_manager - INFO - Dry run: Would remove duplicate: C:\Users\terti\OneDrive\pdf\CR2618827491D08032017103053(1).PDF [FileDeduplicator.py:105]
2025-06-05 17:26:23,363 - file_manager - INFO - Dry run: Would remove duplicate: C:\Users\terti\OneDrive\pdf\CR2618827491D08032017103053(2).PDF [FileDeduplicator.py:105]
2025-06-05 17:26:23,363 - file_manager - INFO - Dry run: Would remove duplicate: C:\Users\terti\OneDrive\pdf\CR2618827491D08032017103053.PDF [FileDeduplicator.py:105]
2025-06-05 17:26:23,363 - file_manager - INFO - Dry run: Would remove duplicate: C:\Users\terti\OneDrive\pdf\CR2618827491D08032017103053_1.PDF [FileDeduplicator.py:105]
2025-06-05 17:26:23,363 - file_manager - INFO - Dry run: Would remove duplicate: C:\Users\terti\OneDrive\pdf\cracking_the_coding_skills_-_v6_1.pdf [FileDeduplicator.py:105]
2025-06-05 17:26:23,363 - file_manager - INFO - Dry run: Would remove duplicate: C:\Users\terti\OneDrive\pdf\Credential Dumping_1.pdf [FileDeduplicator.py:105]
2025-06-05 17:26:23,363 - file_manager - INFO - Dry run: Would remove duplicate: C:\Users\terti\OneDrive\pdf\Cryptography_1.pdf [FileDeduplicator.py:105]
2025-06-05 17:26:23,363 - file_manager - INFO - Dry run: Would remove duplicate: C:\Users\terti\OneDrive\pdf\cs-email-templates.pdf [FileDeduplicator.py:105]
2025-06-05 17:26:23,363 - file_manager - INFO - Dry run: Would remove duplicate: C:\Users\terti\OneDrive\pdf\CSharpNotesForProfessionals_1.pdf [FileDeduplicator.py:105]
2025-06-05 17:26:23,363 - file_manager - INFO - Dry run: Would remove duplicate: C:\Users\terti\OneDrive\pdf\CV-Tertius-Geldenhuys (1).pdf [FileDeduplicator.py:105]
2025-06-05 17:26:23,363 - file_manager - INFO - Dry run: Would remove duplicate: C:\Users\terti\OneDrive\pdf\CV-Tertius-Geldenhuys-1 (1).pdf [FileDeduplicator.py:105]
2025-06-05 17:26:23,363 - file_manager - INFO - Dry run: Would remove duplicate: C:\Users\terti\OneDrive\pdf\CV-Tertius-Geldenhuys-1.pdf [FileDeduplicator.py:105]
2025-06-05 17:26:23,363 - file_manager - INFO - Dry run: Would remove duplicate: C:\Users\terti\OneDrive\pdf\CV-Tertius-Geldenhuys-2 (1).pdf [FileDeduplicator.py:105]
2025-06-05 17:26:23,363 - file_manager - INFO - Dry run: Would remove duplicate: C:\Users\terti\OneDrive\pdf\CV-Tertius-Geldenhuys-2.pdf [FileDeduplicator.py:105]
2025-06-05 17:26:23,363 - file_manager - INFO - Dry run: Would remove duplicate: C:\Users\terti\OneDrive\pdf\CV-Tertius-Geldenhuys.pdf [FileDeduplicator.py:105]
2025-06-05 17:26:23,363 - file_manager - INFO - Dry run: Would remove duplicate: C:\Users\terti\OneDrive\pdf\CV_Tertius_Geldenhuys (2).pdf [FileDeduplicator.py:105]
2025-06-05 17:26:23,363 - file_manager - INFO - Dry run: Would remove duplicate: C:\Users\terti\OneDrive\pdf\CV_Tertius_Geldenhuys (3).pdf [FileDeduplicator.py:105]
2025-06-05 17:26:23,363 - file_manager - INFO - Dry run: Would remove duplicate: C:\Users\terti\OneDrive\pdf\CV_Tertius_Geldenhuys_1.pdf [FileDeduplicator.py:105]
2025-06-05 17:26:23,364 - file_manager - INFO - Dry run: Would remove duplicate: C:\Users\terti\OneDrive\pdf\CY37NRGP(1)_1.pdf [FileDeduplicator.py:105]
2025-06-05 17:26:23,377 - file_manager - INFO - Dry run: Would remove duplicate: C:\Users\terti\OneDrive\pdf\CY37NRGP(1)_2.pdf [FileDeduplicator.py:105]
2025-06-05 17:26:23,377 - file_manager - INFO - Dry run: Would remove duplicate: C:\Users\terti\OneDrive\pdf\CY37NRGP(2)_1.pdf [FileDeduplicator.py:105]
2025-06-05 17:26:23,377 - file_manager - INFO - Dry run: Would remove duplicate: C:\Users\terti\OneDrive\pdf\CY37NRGP(2)_2.pdf [FileDeduplicator.py:105]
2025-06-05 17:26:23,377 - file_manager - INFO - Dry run: Would remove duplicate: C:\Users\terti\OneDrive\pdf\CY37NRGP(3)_1.pdf [FileDeduplicator.py:105]
2025-06-05 17:26:23,377 - file_manager - INFO - Dry run: Would remove duplicate: C:\Users\terti\OneDrive\pdf\CY37NRGP(3)_2.pdf [FileDeduplicator.py:105]
2025-06-05 17:26:23,377 - file_manager - INFO - Dry run: Would remove duplicate: C:\Users\terti\OneDrive\pdf\CY37NRGP(4).pdf [FileDeduplicator.py:105]
2025-06-05 17:26:23,377 - file_manager - INFO - Dry run: Would remove duplicate: C:\Users\terti\OneDrive\pdf\CY37NRGP(4)_1.pdf [FileDeduplicator.py:105]
2025-06-05 17:26:23,377 - file_manager - INFO - Dry run: Would remove duplicate: C:\Users\terti\OneDrive\pdf\CY37NRGP(4)_2.pdf [FileDeduplicator.py:105]
2025-06-05 17:26:23,377 - file_manager - INFO - Dry run: Would remove duplicate: C:\Users\terti\OneDrive\pdf\CY37NRGP(5)_1.pdf [FileDeduplicator.py:105]
2025-06-05 17:26:23,377 - file_manager - INFO - Dry run: Would remove duplicate: C:\Users\terti\OneDrive\pdf\CY37NRGP(5)_2.pdf [FileDeduplicator.py:105]
2025-06-05 17:26:23,377 - file_manager - INFO - Dry run: Would remove duplicate: C:\Users\terti\OneDrive\pdf\CY37NRGP(6).pdf [FileDeduplicator.py:105]
2025-06-05 17:26:23,377 - file_manager - INFO - Dry run: Would remove duplicate: C:\Users\terti\OneDrive\pdf\CY37NRGP(6)_1.pdf [FileDeduplicator.py:105]
2025-06-05 17:26:23,377 - file_manager - INFO - Dry run: Would remove duplicate: C:\Users\terti\OneDrive\pdf\CY37NRGP(6)_2.pdf [FileDeduplicator.py:105]
2025-06-05 17:26:23,377 - file_manager - INFO - Dry run: Would remove duplicate: C:\Users\terti\OneDrive\pdf\CY37NRGP(7)_1.pdf [FileDeduplicator.py:105]
2025-06-05 17:26:23,377 - file_manager - INFO - Dry run: Would remove duplicate: C:\Users\terti\OneDrive\pdf\CY37NRGP(7)_2.pdf [FileDeduplicator.py:105]
2025-06-05 17:26:23,377 - file_manager - INFO - Dry run: Would remove duplicate: C:\Users\terti\OneDrive\pdf\CY37NRGP.pdf [FileDeduplicator.py:105]
2025-06-05 17:26:23,377 - file_manager - INFO - Dry run: Would remove duplicate: C:\Users\terti\OneDrive\pdf\CY37NRGP_1.pdf [FileDeduplicator.py:105]
2025-06-05 17:26:23,377 - file_manager - INFO - Dry run: Would remove duplicate: C:\Users\terti\OneDrive\pdf\CY37NRGP_2.pdf [FileDeduplicator.py:105]
2025-06-05 17:26:23,377 - file_manager - INFO - Dry run: Would remove duplicate: C:\Users\terti\OneDrive\pdf\c_GanttCharts_1.pdf [FileDeduplicator.py:105]
2025-06-05 17:26:23,377 - file_manager - INFO - Dry run: Would remove duplicate: C:\Users\terti\OneDrive\pdf\C__7.3_PROGRAMMING(1)_1.PDF [FileDeduplicator.py:105]
2025-06-05 17:26:23,377 - file_manager - INFO - Dry run: Would remove duplicate: C:\Users\terti\OneDrive\pdf\C__7.3_PROGRAMMING.PDF [FileDeduplicator.py:105]
2025-06-05 17:26:23,377 - file_manager - INFO - Dry run: Would remove duplicate: C:\Users\terti\OneDrive\pdf\C__7.3_PROGRAMMING_1.PDF [FileDeduplicator.py:105]
2025-06-05 17:26:23,377 - file_manager - INFO - Dry run: Would remove duplicate: C:\Users\terti\OneDrive\pdf\D8954963 1_1.PDF [FileDeduplicator.py:105]
2025-06-05 17:26:23,378 - file_manager - INFO - Dry run: Would remove duplicate: C:\Users\terti\OneDrive\pdf\D8954963.PDF [FileDeduplicator.py:105]
2025-06-05 17:26:23,378 - file_manager - INFO - Dry run: Would remove duplicate: C:\Users\terti\OneDrive\pdf\D8954963_1.PDF [FileDeduplicator.py:105]
2025-06-05 17:26:23,378 - file_manager - INFO - Dry run: Would remove duplicate: C:\Users\terti\OneDrive\pdf\DEB1442607 1_1.pdf [FileDeduplicator.py:105]
2025-06-05 17:26:23,378 - file_manager - INFO - Dry run: Would remove duplicate: C:\Users\terti\OneDrive\pdf\DEB1442607 2.pdf [FileDeduplicator.py:105]
2025-06-05 17:26:23,393 - file_manager - INFO - Dry run: Would remove duplicate: C:\Users\terti\OneDrive\pdf\DEB1442607 2_1.pdf [FileDeduplicator.py:105]
2025-06-05 17:26:23,393 - file_manager - INFO - Dry run: Would remove duplicate: C:\Users\terti\OneDrive\pdf\DEB1442607_1.pdf [FileDeduplicator.py:105]
2025-06-05 17:26:23,393 - file_manager - INFO - Dry run: Would remove duplicate: C:\Users\terti\OneDrive\pdf\DEB1442607_1_1.pdf [FileDeduplicator.py:105]
2025-06-05 17:26:23,393 - file_manager - INFO - Dry run: Would remove duplicate: C:\Users\terti\OneDrive\pdf\DEB1442607_2.pdf [FileDeduplicator.py:105]
2025-06-05 17:26:23,393 - file_manager - INFO - Dry run: Would remove duplicate: C:\Users\terti\OneDrive\pdf\DEB1849063 T Geldenhuys 1_1.pdf [FileDeduplicator.py:105]
2025-06-05 17:26:23,393 - file_manager - INFO - Dry run: Would remove duplicate: C:\Users\terti\OneDrive\pdf\DEB1849063 T Geldenhuys 2.pdf [FileDeduplicator.py:105]
2025-06-05 17:26:23,393 - file_manager - INFO - Dry run: Would remove duplicate: C:\Users\terti\OneDrive\pdf\DEB1849063 T Geldenhuys 2_1.pdf [FileDeduplicator.py:105]
2025-06-05 17:26:23,393 - file_manager - INFO - Dry run: Would remove duplicate: C:\Users\terti\OneDrive\pdf\DEB1849063 T Geldenhuys.pdf [FileDeduplicator.py:105]
2025-06-05 17:26:23,393 - file_manager - INFO - Dry run: Would remove duplicate: C:\Users\terti\OneDrive\pdf\DEB1849063 T Geldenhuys_1.pdf [FileDeduplicator.py:105]
2025-06-05 17:26:23,393 - file_manager - INFO - Dry run: Would remove duplicate: C:\Users\terti\OneDrive\pdf\Debugging · React Native.pdf [FileDeduplicator.py:105]
2025-06-05 17:26:23,393 - file_manager - INFO - Dry run: Would remove duplicate: C:\Users\terti\OneDrive\pdf\Debugging · React Native_1.pdf [FileDeduplicator.py:105]
2025-06-05 17:26:23,393 - file_manager - INFO - Dry run: Would remove duplicate: C:\Users\terti\OneDrive\pdf\default_location_1.pdf [FileDeduplicator.py:105]
2025-06-05 17:26:23,393 - file_manager - INFO - Dry run: Would remove duplicate: C:\Users\terti\OneDrive\pdf\Detecting the Unknown_1.pdf [FileDeduplicator.py:105]
2025-06-05 17:26:23,393 - file_manager - INFO - Dry run: Would remove duplicate: C:\Users\terti\OneDrive\pdf\DevelopingYourEmotionalIntelligence_AdditionalResources_1.pdf [FileDeduplicator.py:105]
2025-06-05 17:26:23,393 - file_manager - INFO - Dry run: Would remove duplicate: C:\Users\terti\OneDrive\pdf\DevelopingYourEmotionalIntelligence_AdditionalResources_2.pdf [FileDeduplicator.py:105]
2025-06-05 17:26:23,393 - file_manager - INFO - Dry run: Would remove duplicate: C:\Users\terti\OneDrive\pdf\DevelopingYourEmotionalIntelligence_AdditionalResources_3.pdf [FileDeduplicator.py:105]
2025-06-05 17:26:23,393 - file_manager - INFO - Dry run: Would remove duplicate: C:\Users\terti\OneDrive\pdf\DevelopingYourEmotionalIntelligence_DisruptingThinkingTool_2.pdf [FileDeduplicator.py:105]
2025-06-05 17:26:23,393 - file_manager - INFO - Dry run: Would remove duplicate: C:\Users\terti\OneDrive\pdf\DevelopingYourEmotionalIntelligence_DisruptingThinkingTool_3.pdf [FileDeduplicator.py:105]
2025-06-05 17:26:23,393 - file_manager - INFO - Dry run: Would remove duplicate: C:\Users\terti\OneDrive\pdf\DevelopingYourEmotionalIntelligence_PersonalReflectionTool_1.pdf [FileDeduplicator.py:105]
2025-06-05 17:26:23,393 - file_manager - INFO - Dry run: Would remove duplicate: C:\Users\terti\OneDrive\pdf\DevelopingYourEmotionalIntelligence_PersonalReflectionTool_2.pdf [FileDeduplicator.py:105]
2025-06-05 17:26:23,393 - file_manager - INFO - Dry run: Would remove duplicate: C:\Users\terti\OneDrive\pdf\DevelopingYourEmotionalIntelligence_PersonalReflectionTool_3.pdf [FileDeduplicator.py:105]
2025-06-05 17:26:23,393 - file_manager - INFO - Dry run: Would remove duplicate: C:\Users\terti\OneDrive\pdf\DevOps-Industry-Report-–-Salesforce-Data-Security-in-an-Evolving-Landscape_1.pdf [FileDeduplicator.py:105]
2025-06-05 17:26:23,393 - file_manager - INFO - Dry run: Would remove duplicate: C:\Users\terti\OneDrive\pdf\Digital-currencies-A-question-of-trust-1_1.pdf [FileDeduplicator.py:105]
2025-06-05 17:26:23,393 - file_manager - INFO - Dry run: Would remove duplicate: C:\Users\terti\OneDrive\pdf\Digital-Upgrade-Achieves-Significant-Fuel-Savin(1)_1.pdf [FileDeduplicator.py:105]
2025-06-05 17:26:23,409 - file_manager - INFO - Dry run: Would remove duplicate: C:\Users\terti\OneDrive\pdf\Digital-Upgrade-Achieves-Significant-Fuel-Savin(1)_2.pdf [FileDeduplicator.py:105]
2025-06-05 17:26:23,409 - file_manager - INFO - Dry run: Would remove duplicate: C:\Users\terti\OneDrive\pdf\Digital-Upgrade-Achieves-Significant-Fuel-Savin_1.pdf [FileDeduplicator.py:105]
2025-06-05 17:26:23,409 - file_manager - INFO - Dry run: Would remove duplicate: C:\Users\terti\OneDrive\pdf\Digital-Upgrade-Achieves-Significant-Fuel-Savin_2.pdf [FileDeduplicator.py:105]
2025-06-05 17:26:23,410 - file_manager - INFO - Dry run: Would remove duplicate: C:\Users\terti\OneDrive\pdf\djQ6OTEzMDM0OTY1MDMzNjYzNjovdHJhbnNhY3Rpb25zL1RyYW5zYWN0aW9uOg_1_1.pdf [FileDeduplicator.py:105]
2025-06-05 17:26:23,410 - file_manager - INFO - Dry run: Would remove duplicate: C:\Users\terti\OneDrive\pdf\doag-regio-n-17-09---robert-marz---scripting-with-sqlcl_1.pdf [FileDeduplicator.py:105]
2025-06-05 17:26:23,410 - file_manager - INFO - Dry run: Would remove duplicate: C:\Users\terti\OneDrive\pdf\DOC005.PDF [FileDeduplicator.py:105]
2025-06-05 17:26:23,410 - file_manager - INFO - Dry run: Would remove duplicate: C:\Users\terti\OneDrive\pdf\document_scanning_1.pdf [FileDeduplicator.py:105]
2025-06-05 17:26:23,410 - file_manager - INFO - Dry run: Would remove duplicate: C:\Users\terti\OneDrive\pdf\dotnet_cheatsheet_r5v1-1.pdf [FileDeduplicator.py:105]
2025-06-05 17:26:23,410 - file_manager - INFO - Dry run: Would remove duplicate: C:\Users\terti\OneDrive\pdf\dotnet_cheatsheet_r5v1.pdf [FileDeduplicator.py:105]
2025-06-05 17:26:23,410 - file_manager - INFO - Dry run: Would remove duplicate: C:\Users\terti\OneDrive\pdf\DRAFT-snyk-ebook-6-best-practices-dev-sec-in-growing-tech (2).pdf [FileDeduplicator.py:105]
2025-06-05 17:26:23,410 - file_manager - INFO - Dry run: Would remove duplicate: C:\Users\terti\OneDrive\pdf\DRAFT-snyk-ebook-6-best-practices-dev-sec-in-growing-tech (3).pdf [FileDeduplicator.py:105]
2025-06-05 17:26:23,410 - file_manager - INFO - Dry run: Would remove duplicate: C:\Users\terti\OneDrive\pdf\DRAFT-snyk-ebook-6-best-practices-dev-sec-in-growing-tech.pdf [FileDeduplicator.py:105]
2025-06-05 17:26:23,410 - file_manager - INFO - Dry run: Would remove duplicate: C:\Users\terti\OneDrive\pdf\DR_03_08_17(144831) 1_1.pdf [FileDeduplicator.py:105]
2025-06-05 17:26:23,410 - file_manager - INFO - Dry run: Would remove duplicate: C:\Users\terti\OneDrive\pdf\DR_03_08_17(144831) 2.pdf [FileDeduplicator.py:105]
2025-06-05 17:26:23,411 - file_manager - INFO - Dry run: Would remove duplicate: C:\Users\terti\OneDrive\pdf\DR_03_08_17(144831) 2_1.pdf [FileDeduplicator.py:105]
2025-06-05 17:26:23,411 - file_manager - INFO - Dry run: Would remove duplicate: C:\Users\terti\OneDrive\pdf\DR_03_08_17(144831).pdf [FileDeduplicator.py:105]
2025-06-05 17:26:23,411 - file_manager - INFO - Dry run: Would remove duplicate: C:\Users\terti\OneDrive\pdf\DR_03_08_17(144831)_1.pdf [FileDeduplicator.py:105]
2025-06-05 17:26:23,411 - file_manager - INFO - Dry run: Would remove duplicate: C:\Users\terti\OneDrive\pdf\d_Review_1.pdf [FileDeduplicator.py:105]
2025-06-05 17:26:23,411 - file_manager - INFO - Dry run: Would remove duplicate: C:\Users\terti\OneDrive\pdf\E-Commerce Strategy Poster(1)_1.pdf [FileDeduplicator.py:105]
2025-06-05 17:26:23,411 - file_manager - INFO - Dry run: Would remove duplicate: C:\Users\terti\OneDrive\pdf\E-Commerce Strategy Poster.pdf [FileDeduplicator.py:105]
2025-06-05 17:26:23,411 - file_manager - INFO - Dry run: Would remove duplicate: C:\Users\terti\OneDrive\pdf\E-Commerce Strategy Poster_1.pdf [FileDeduplicator.py:105]
2025-06-05 17:26:23,411 - file_manager - INFO - Dry run: Would remove duplicate: C:\Users\terti\OneDrive\pdf\E-Commerce_1.pdf [FileDeduplicator.py:105]
2025-06-05 17:26:23,411 - file_manager - INFO - Dry run: Would remove duplicate: C:\Users\terti\OneDrive\pdf\e2ff40cb996b864ec12c311be48a41fd.pdf [FileDeduplicator.py:105]
2025-06-05 17:26:23,411 - file_manager - INFO - Dry run: Would remove duplicate: C:\Users\terti\OneDrive\pdf\eBucks Rewards Statement (2).pdf [FileDeduplicator.py:105]
2025-06-05 17:26:23,424 - file_manager - INFO - Dry run: Would remove duplicate: C:\Users\terti\OneDrive\pdf\eBucks Rewards Statement 1_1.pdf [FileDeduplicator.py:105]
2025-06-05 17:26:23,425 - file_manager - INFO - Dry run: Would remove duplicate: C:\Users\terti\OneDrive\pdf\eBucks Rewards Statement 2.pdf [FileDeduplicator.py:105]
2025-06-05 17:26:23,425 - file_manager - INFO - Dry run: Would remove duplicate: C:\Users\terti\OneDrive\pdf\eBucks Rewards Statement 2_1.pdf [FileDeduplicator.py:105]
2025-06-05 17:26:23,425 - file_manager - INFO - Dry run: Would remove duplicate: C:\Users\terti\OneDrive\pdf\eBucks Rewards Statement 3_1.pdf [FileDeduplicator.py:105]
2025-06-05 17:26:23,425 - file_manager - INFO - Dry run: Would remove duplicate: C:\Users\terti\OneDrive\pdf\eBucks Rewards Statement(1).pdf [FileDeduplicator.py:105]
2025-06-05 17:26:23,425 - file_manager - INFO - Dry run: Would remove duplicate: C:\Users\terti\OneDrive\pdf\eBucks Rewards Statement(2).pdf [FileDeduplicator.py:105]
2025-06-05 17:26:23,425 - file_manager - INFO - Dry run: Would remove duplicate: C:\Users\terti\OneDrive\pdf\eBucks Rewards Statement.pdf [FileDeduplicator.py:105]
2025-06-05 17:26:23,425 - file_manager - INFO - Dry run: Would remove duplicate: C:\Users\terti\OneDrive\pdf\eBucks Rewards Statement_1.pdf [FileDeduplicator.py:105]
2025-06-05 17:26:23,425 - file_manager - INFO - Dry run: Would remove duplicate: C:\Users\terti\OneDrive\pdf\eBucks Rewards Statement_1_1.pdf [FileDeduplicator.py:105]
2025-06-05 17:26:23,425 - file_manager - INFO - Dry run: Would remove duplicate: C:\Users\terti\OneDrive\pdf\eBucks Rewards Statement_2.pdf [FileDeduplicator.py:105]
2025-06-05 17:26:23,425 - file_manager - INFO - Dry run: Would remove duplicate: C:\Users\terti\OneDrive\pdf\Eddie -Sample 2.pdf [FileDeduplicator.py:105]
2025-06-05 17:26:23,425 - file_manager - INFO - Dry run: Would remove duplicate: C:\Users\terti\OneDrive\pdf\Effective Resume Writing(1)_1.pdf [FileDeduplicator.py:105]
2025-06-05 17:26:23,425 - file_manager - INFO - Dry run: Would remove duplicate: C:\Users\terti\OneDrive\pdf\Effective Resume Writing(1)_2.pdf [FileDeduplicator.py:105]
2025-06-05 17:26:23,425 - file_manager - INFO - Dry run: Would remove duplicate: C:\Users\terti\OneDrive\pdf\Effective Resume Writing_1.pdf [FileDeduplicator.py:105]
2025-06-05 17:26:23,425 - file_manager - INFO - Dry run: Would remove duplicate: C:\Users\terti\OneDrive\pdf\Effective Resume Writing_2.pdf [FileDeduplicator.py:105]
2025-06-05 17:26:23,425 - file_manager - INFO - Dry run: Would remove duplicate: C:\Users\terti\OneDrive\pdf\EL AD Geldenhuys Source Docs (1)_1.pdf [FileDeduplicator.py:105]
2025-06-05 17:26:23,425 - file_manager - INFO - Dry run: Would remove duplicate: C:\Users\terti\OneDrive\pdf\Electrical Technologist_1.pdf [FileDeduplicator.py:105]
2025-06-05 17:26:23,425 - file_manager - INFO - Dry run: Would remove duplicate: C:\Users\terti\OneDrive\pdf\Elevate_Your_2IC_1702549075.pdf [FileDeduplicator.py:105]
2025-06-05 17:26:23,425 - file_manager - INFO - Dry run: Would remove duplicate: C:\Users\terti\OneDrive\pdf\Empathy First - Remote Users.pdf [FileDeduplicator.py:105]
2025-06-05 17:26:23,425 - file_manager - INFO - Dry run: Would remove duplicate: C:\Users\terti\OneDrive\pdf\Enterprise-IT-Growth-and-Digital-Transformation-Trends-2018-19_1.pdf [FileDeduplicator.py:105]
2025-06-05 17:26:23,425 - file_manager - INFO - Dry run: Would remove duplicate: C:\Users\terti\OneDrive\pdf\ESET Report on GELSEMIUM-1_1.pdf [FileDeduplicator.py:105]
2025-06-05 17:26:23,425 - file_manager - INFO - Dry run: Would remove duplicate: C:\Users\terti\OneDrive\pdf\ESET Report on GELSEMIUM.pdf [FileDeduplicator.py:105]
2025-06-05 17:26:23,425 - file_manager - INFO - Dry run: Would remove duplicate: C:\Users\terti\OneDrive\pdf\ESET Report on GELSEMIUM_1.pdf [FileDeduplicator.py:105]
2025-06-05 17:26:23,425 - file_manager - INFO - Dry run: Would remove duplicate: C:\Users\terti\OneDrive\pdf\Essential Canva Tools(1)_1.pdf [FileDeduplicator.py:105]
2025-06-05 17:26:23,425 - file_manager - INFO - Dry run: Would remove duplicate: C:\Users\terti\OneDrive\pdf\Essential Canva Tools(1)_2.pdf [FileDeduplicator.py:105]
2025-06-05 17:26:23,440 - file_manager - INFO - Dry run: Would remove duplicate: C:\Users\terti\OneDrive\pdf\Essential Canva Tools_1.pdf [FileDeduplicator.py:105]
2025-06-05 17:26:23,440 - file_manager - INFO - Dry run: Would remove duplicate: C:\Users\terti\OneDrive\pdf\Essential Canva Tools_2.pdf [FileDeduplicator.py:105]
2025-06-05 17:26:23,440 - file_manager - INFO - Dry run: Would remove duplicate: C:\Users\terti\OneDrive\pdf\Ethical Hacking - Cryptography_1.pdf [FileDeduplicator.py:105]
2025-06-05 17:26:23,440 - file_manager - INFO - Dry run: Would remove duplicate: C:\Users\terti\OneDrive\pdf\Ethical Hacking - Denial of Service_1.pdf [FileDeduplicator.py:105]
2025-06-05 17:26:23,440 - file_manager - INFO - Dry run: Would remove duplicate: C:\Users\terti\OneDrive\pdf\Ethical Hacking - Hacking Web Applications_1.pdf [FileDeduplicator.py:105]
2025-06-05 17:26:23,440 - file_manager - INFO - Dry run: Would remove duplicate: C:\Users\terti\OneDrive\pdf\Ethical Hacking - Hacking Web Servers_1.pdf [FileDeduplicator.py:105]
2025-06-05 17:26:23,440 - file_manager - INFO - Dry run: Would remove duplicate: C:\Users\terti\OneDrive\pdf\Ethical Hacking - Session Hijacking_1.pdf [FileDeduplicator.py:105]
2025-06-05 17:26:23,440 - file_manager - INFO - Dry run: Would remove duplicate: C:\Users\terti\OneDrive\pdf\Ethical Hacking - SQL Injection_1.pdf [FileDeduplicator.py:105]
2025-06-05 17:26:23,440 - file_manager - INFO - Dry run: Would remove duplicate: C:\Users\terti\OneDrive\pdf\event_1.pdf [FileDeduplicator.py:105]
2025-06-05 17:26:23,440 - file_manager - INFO - Dry run: Would remove duplicate: C:\Users\terti\OneDrive\pdf\f1aee8bc7d50f7bbffed15f28cc03fec_1.pdf [FileDeduplicator.py:105]
2025-06-05 17:26:23,440 - file_manager - INFO - Dry run: Would remove duplicate: C:\Users\terti\OneDrive\pdf\f339901503428_f33730B1NL1 (2).pdf [FileDeduplicator.py:105]
2025-06-05 17:26:23,440 - file_manager - INFO - Dry run: Would remove duplicate: C:\Users\terti\OneDrive\pdf\f339901503428_f33730B1NL1(1).pdf [FileDeduplicator.py:105]
2025-06-05 17:26:23,440 - file_manager - INFO - Dry run: Would remove duplicate: C:\Users\terti\OneDrive\pdf\f339901503428_f33730B1NL1(2).pdf [FileDeduplicator.py:105]
2025-06-05 17:26:23,440 - file_manager - INFO - Dry run: Would remove duplicate: C:\Users\terti\OneDrive\pdf\f339901503428_f33730B1NL1.pdf [FileDeduplicator.py:105]
2025-06-05 17:26:23,440 - file_manager - INFO - Dry run: Would remove duplicate: C:\Users\terti\OneDrive\pdf\f339901503428_f33730B1NL1_1.pdf [FileDeduplicator.py:105]
2025-06-05 17:26:23,440 - file_manager - INFO - Dry run: Would remove duplicate: C:\Users\terti\OneDrive\pdf\f339901503428_f33740B1NL1 1_1.pdf [FileDeduplicator.py:105]
2025-06-05 17:26:23,440 - file_manager - INFO - Dry run: Would remove duplicate: C:\Users\terti\OneDrive\pdf\f339901503428_f33740B1NL1 2.pdf [FileDeduplicator.py:105]
2025-06-05 17:26:23,441 - file_manager - INFO - Dry run: Would remove duplicate: C:\Users\terti\OneDrive\pdf\f339901503428_f33740B1NL1 2_1.pdf [FileDeduplicator.py:105]
2025-06-05 17:26:23,441 - file_manager - INFO - Dry run: Would remove duplicate: C:\Users\terti\OneDrive\pdf\f339901503428_f33740B1NL1.pdf [FileDeduplicator.py:105]
2025-06-05 17:26:23,441 - file_manager - INFO - Dry run: Would remove duplicate: C:\Users\terti\OneDrive\pdf\f339901503428_f33740B1NL1_1.pdf [FileDeduplicator.py:105]
2025-06-05 17:26:23,441 - file_manager - INFO - Dry run: Would remove duplicate: C:\Users\terti\OneDrive\pdf\f339901503428_f33750B1NL1 1_1.pdf [FileDeduplicator.py:105]
2025-06-05 17:26:23,441 - file_manager - INFO - Dry run: Would remove duplicate: C:\Users\terti\OneDrive\pdf\f339901503428_f33750B1NL1 2.pdf [FileDeduplicator.py:105]
2025-06-05 17:26:23,441 - file_manager - INFO - Dry run: Would remove duplicate: C:\Users\terti\OneDrive\pdf\f339901503428_f33750B1NL1 2_1.pdf [FileDeduplicator.py:105]
2025-06-05 17:26:23,441 - file_manager - INFO - Dry run: Would remove duplicate: C:\Users\terti\OneDrive\pdf\f339901503428_f33750B1NL1.pdf [FileDeduplicator.py:105]
2025-06-05 17:26:23,441 - file_manager - INFO - Dry run: Would remove duplicate: C:\Users\terti\OneDrive\pdf\f339901503428_f33750B1NL1_1.pdf [FileDeduplicator.py:105]
2025-06-05 17:26:23,455 - file_manager - INFO - Dry run: Would remove duplicate: C:\Users\terti\OneDrive\pdf\f339901503428_f33760B1NL1 1_1.pdf [FileDeduplicator.py:105]
2025-06-05 17:26:23,455 - file_manager - INFO - Dry run: Would remove duplicate: C:\Users\terti\OneDrive\pdf\f339901503428_f33760B1NL1 2.pdf [FileDeduplicator.py:105]
2025-06-05 17:26:23,455 - file_manager - INFO - Dry run: Would remove duplicate: C:\Users\terti\OneDrive\pdf\f339901503428_f33760B1NL1 2_1.pdf [FileDeduplicator.py:105]
2025-06-05 17:26:23,455 - file_manager - INFO - Dry run: Would remove duplicate: C:\Users\terti\OneDrive\pdf\f339901503428_f33760B1NL1.pdf [FileDeduplicator.py:105]
2025-06-05 17:26:23,455 - file_manager - INFO - Dry run: Would remove duplicate: C:\Users\terti\OneDrive\pdf\f339901503428_f33760B1NL1_1.pdf [FileDeduplicator.py:105]
2025-06-05 17:26:23,455 - file_manager - INFO - Dry run: Would remove duplicate: C:\Users\terti\OneDrive\pdf\f339901503428_f33770B1NL1 1_1.pdf [FileDeduplicator.py:105]
2025-06-05 17:26:23,455 - file_manager - INFO - Dry run: Would remove duplicate: C:\Users\terti\OneDrive\pdf\f339901503428_f33770B1NL1 2.pdf [FileDeduplicator.py:105]
2025-06-05 17:26:23,455 - file_manager - INFO - Dry run: Would remove duplicate: C:\Users\terti\OneDrive\pdf\f339901503428_f33770B1NL1 2_1.pdf [FileDeduplicator.py:105]
2025-06-05 17:26:23,455 - file_manager - INFO - Dry run: Would remove duplicate: C:\Users\terti\OneDrive\pdf\f339901503428_f33770B1NL1.pdf [FileDeduplicator.py:105]
2025-06-05 17:26:23,455 - file_manager - INFO - Dry run: Would remove duplicate: C:\Users\terti\OneDrive\pdf\f339901503428_f33770B1NL1_1.pdf [FileDeduplicator.py:105]
2025-06-05 17:26:23,455 - file_manager - INFO - Dry run: Would remove duplicate: C:\Users\terti\OneDrive\pdf\FAST_TRACK_GEYSER_CLAIM_FORM_1 1_1.pdf [FileDeduplicator.py:105]
2025-06-05 17:26:23,456 - file_manager - INFO - Dry run: Would remove duplicate: C:\Users\terti\OneDrive\pdf\FAST_TRACK_GEYSER_CLAIM_FORM_1 2.pdf [FileDeduplicator.py:105]
2025-06-05 17:26:23,456 - file_manager - INFO - Dry run: Would remove duplicate: C:\Users\terti\OneDrive\pdf\FAST_TRACK_GEYSER_CLAIM_FORM_1 2_1.pdf [FileDeduplicator.py:105]
2025-06-05 17:26:23,456 - file_manager - INFO - Dry run: Would remove duplicate: C:\Users\terti\OneDrive\pdf\FAST_TRACK_GEYSER_CLAIM_FORM_1 3.pdf [FileDeduplicator.py:105]
2025-06-05 17:26:23,456 - file_manager - INFO - Dry run: Would remove duplicate: C:\Users\terti\OneDrive\pdf\FAST_TRACK_GEYSER_CLAIM_FORM_1 3_1.pdf [FileDeduplicator.py:105]
2025-06-05 17:26:23,456 - file_manager - INFO - Dry run: Would remove duplicate: C:\Users\terti\OneDrive\pdf\FAST_TRACK_GEYSER_CLAIM_FORM_1 4.pdf [FileDeduplicator.py:105]
2025-06-05 17:26:23,456 - file_manager - INFO - Dry run: Would remove duplicate: C:\Users\terti\OneDrive\pdf\FAST_TRACK_GEYSER_CLAIM_FORM_1 4_1.pdf [FileDeduplicator.py:105]
2025-06-05 17:26:23,456 - file_manager - INFO - Dry run: Would remove duplicate: C:\Users\terti\OneDrive\pdf\FAST_TRACK_GEYSER_CLAIM_FORM_1.pdf [FileDeduplicator.py:105]
2025-06-05 17:26:23,456 - file_manager - INFO - Dry run: Would remove duplicate: C:\Users\terti\OneDrive\pdf\FAST_TRACK_GEYSER_CLAIM_FORM_1_1.pdf [FileDeduplicator.py:105]
2025-06-05 17:26:23,456 - file_manager - INFO - Dry run: Would remove duplicate: C:\Users\terti\OneDrive\pdf\fear-unknown-meta-analysis-insecure-object-deserialization-vulnerabilities-39920_1.pdf [FileDeduplicator.py:105]
2025-06-05 17:26:23,456 - file_manager - INFO - Dry run: Would remove duplicate: C:\Users\terti\OneDrive\pdf\February-2017 (2).pdf [FileDeduplicator.py:105]
2025-06-05 17:26:23,456 - file_manager - INFO - Dry run: Would remove duplicate: C:\Users\terti\OneDrive\pdf\February-2017(1).pdf [FileDeduplicator.py:105]
2025-06-05 17:26:23,456 - file_manager - INFO - Dry run: Would remove duplicate: C:\Users\terti\OneDrive\pdf\February-2017(2).pdf [FileDeduplicator.py:105]
2025-06-05 17:26:23,456 - file_manager - INFO - Dry run: Would remove duplicate: C:\Users\terti\OneDrive\pdf\February-2017.pdf [FileDeduplicator.py:105]
2025-06-05 17:26:23,456 - file_manager - INFO - Dry run: Would remove duplicate: C:\Users\terti\OneDrive\pdf\February-2017_1.pdf [FileDeduplicator.py:105]
2025-06-05 17:26:23,471 - file_manager - INFO - Dry run: Would remove duplicate: C:\Users\terti\OneDrive\pdf\find-your-essential-the-2021-ceo-study_40037540USEN_1.pdf [FileDeduplicator.py:105]
2025-06-05 17:26:23,471 - file_manager - INFO - Dry run: Would remove duplicate: C:\Users\terti\OneDrive\pdf\Florance - Sectional Scheme Report - 20181101011448_1.pdf [FileDeduplicator.py:105]
2025-06-05 17:26:23,471 - file_manager - INFO - Dry run: Would remove duplicate: C:\Users\terti\OneDrive\pdf\FNB tax information 2017 1_1.pdf [FileDeduplicator.py:105]
2025-06-05 17:26:23,471 - file_manager - INFO - Dry run: Would remove duplicate: C:\Users\terti\OneDrive\pdf\FNB tax information 2017 2.pdf [FileDeduplicator.py:105]
2025-06-05 17:26:23,471 - file_manager - INFO - Dry run: Would remove duplicate: C:\Users\terti\OneDrive\pdf\FNB tax information 2017 2_1.pdf [FileDeduplicator.py:105]
2025-06-05 17:26:23,471 - file_manager - INFO - Dry run: Would remove duplicate: C:\Users\terti\OneDrive\pdf\FNB tax information 2017 3.pdf [FileDeduplicator.py:105]
2025-06-05 17:26:23,471 - file_manager - INFO - Dry run: Would remove duplicate: C:\Users\terti\OneDrive\pdf\FNB tax information 2017 3_1.pdf [FileDeduplicator.py:105]
2025-06-05 17:26:23,471 - file_manager - INFO - Dry run: Would remove duplicate: C:\Users\terti\OneDrive\pdf\FNB tax information 2017 4.pdf [FileDeduplicator.py:105]
2025-06-05 17:26:23,471 - file_manager - INFO - Dry run: Would remove duplicate: C:\Users\terti\OneDrive\pdf\FNB tax information 2017 4_1.pdf [FileDeduplicator.py:105]
2025-06-05 17:26:23,471 - file_manager - INFO - Dry run: Would remove duplicate: C:\Users\terti\OneDrive\pdf\FNB tax information 2017.pdf [FileDeduplicator.py:105]
2025-06-05 17:26:23,471 - file_manager - INFO - Dry run: Would remove duplicate: C:\Users\terti\OneDrive\pdf\FNB tax information 2017_1.pdf [FileDeduplicator.py:105]
2025-06-05 17:26:23,472 - file_manager - INFO - Dry run: Would remove duplicate: C:\Users\terti\OneDrive\pdf\forrester-report-dissonance-in-data-security-code42.pdf [FileDeduplicator.py:105]
2025-06-05 17:26:23,472 - file_manager - INFO - Dry run: Would remove duplicate: C:\Users\terti\OneDrive\pdf\Fraud  Corruption awareness to bidders_1.pdf [FileDeduplicator.py:105]
2025-06-05 17:26:23,472 - file_manager - INFO - Dry run: Would remove duplicate: C:\Users\terti\OneDrive\pdf\Free-CV-Export-LinkedIn.pdf [FileDeduplicator.py:105]
2025-06-05 17:26:23,472 - file_manager - INFO - Dry run: Would remove duplicate: C:\Users\terti\OneDrive\pdf\Front End-Mobile Developer with React - Sept 2022.pdf [FileDeduplicator.py:105]
2025-06-05 17:26:23,472 - file_manager - INFO - Dry run: Would remove duplicate: C:\Users\terti\OneDrive\pdf\Full Stack Developer Job Spec  V2(1).pdf [FileDeduplicator.py:105]
2025-06-05 17:26:23,472 - file_manager - INFO - Dry run: Would remove duplicate: C:\Users\terti\OneDrive\pdf\Full Stack Developer Job Spec  V2(1)_1.pdf [FileDeduplicator.py:105]
2025-06-05 17:26:23,472 - file_manager - INFO - Dry run: Would remove duplicate: C:\Users\terti\OneDrive\pdf\Full Stack Developer Job Spec  V2.pdf [FileDeduplicator.py:105]
2025-06-05 17:26:23,472 - file_manager - INFO - Dry run: Would remove duplicate: C:\Users\terti\OneDrive\pdf\Full Stack Developer Job Spec  V2_1.pdf [FileDeduplicator.py:105]
2025-06-05 17:26:23,472 - file_manager - INFO - Dry run: Would remove duplicate: C:\Users\terti\OneDrive\pdf\Fundamentals of Creating a Great UI_UX - preview book.pdf [FileDeduplicator.py:105]
2025-06-05 17:26:23,472 - file_manager - INFO - Dry run: Would remove duplicate: C:\Users\terti\OneDrive\pdf\gartner_report_1.pdf [FileDeduplicator.py:105]
2025-06-05 17:26:23,472 - file_manager - INFO - Dry run: Would remove duplicate: C:\Users\terti\OneDrive\pdf\Gautrain_bus_route_guides_1.pdf [FileDeduplicator.py:105]
2025-06-05 17:26:23,472 - file_manager - INFO - Dry run: Would remove duplicate: C:\Users\terti\OneDrive\pdf\GELDENHU1_80857589 1_1.pdf [FileDeduplicator.py:105]
2025-06-05 17:26:23,472 - file_manager - INFO - Dry run: Would remove duplicate: C:\Users\terti\OneDrive\pdf\GELDENHU1_80857589 2.pdf [FileDeduplicator.py:105]
2025-06-05 17:26:23,487 - file_manager - INFO - Dry run: Would remove duplicate: C:\Users\terti\OneDrive\pdf\GELDENHU1_80857589 2_1.pdf [FileDeduplicator.py:105]
2025-06-05 17:26:23,487 - file_manager - INFO - Dry run: Would remove duplicate: C:\Users\terti\OneDrive\pdf\GELDENHU1_80857589.pdf [FileDeduplicator.py:105]
2025-06-05 17:26:23,487 - file_manager - INFO - Dry run: Would remove duplicate: C:\Users\terti\OneDrive\pdf\GELDENHU1_80857589_1.pdf [FileDeduplicator.py:105]
2025-06-05 17:26:23,487 - file_manager - INFO - Dry run: Would remove duplicate: C:\Users\terti\OneDrive\pdf\geldenhuys 3 april 17 (2).pdf [FileDeduplicator.py:105]
2025-06-05 17:26:23,487 - file_manager - INFO - Dry run: Would remove duplicate: C:\Users\terti\OneDrive\pdf\geldenhuys 3 april 17(1).pdf [FileDeduplicator.py:105]
2025-06-05 17:26:23,487 - file_manager - INFO - Dry run: Would remove duplicate: C:\Users\terti\OneDrive\pdf\geldenhuys 3 april 17(2).pdf [FileDeduplicator.py:105]
2025-06-05 17:26:23,487 - file_manager - INFO - Dry run: Would remove duplicate: C:\Users\terti\OneDrive\pdf\geldenhuys 3 april 17.pdf [FileDeduplicator.py:105]
2025-06-05 17:26:23,487 - file_manager - INFO - Dry run: Would remove duplicate: C:\Users\terti\OneDrive\pdf\geldenhuys 3 april 17_1.pdf [FileDeduplicator.py:105]
2025-06-05 17:26:23,487 - file_manager - INFO - Dry run: Would remove duplicate: C:\Users\terti\OneDrive\pdf\GELDENHUYS 70317 (2).pdf [FileDeduplicator.py:105]
2025-06-05 17:26:23,487 - file_manager - INFO - Dry run: Would remove duplicate: C:\Users\terti\OneDrive\pdf\GELDENHUYS 70317(1).pdf [FileDeduplicator.py:105]
2025-06-05 17:26:23,487 - file_manager - INFO - Dry run: Would remove duplicate: C:\Users\terti\OneDrive\pdf\GELDENHUYS 70317(2).pdf [FileDeduplicator.py:105]
2025-06-05 17:26:23,487 - file_manager - INFO - Dry run: Would remove duplicate: C:\Users\terti\OneDrive\pdf\GELDENHUYS 70317.pdf [FileDeduplicator.py:105]
2025-06-05 17:26:23,487 - file_manager - INFO - Dry run: Would remove duplicate: C:\Users\terti\OneDrive\pdf\GELDENHUYS 70317_1.pdf [FileDeduplicator.py:105]
2025-06-05 17:26:23,488 - file_manager - INFO - Dry run: Would remove duplicate: C:\Users\terti\OneDrive\pdf\Geldenhuys Clearance Certificate_1.pdf [FileDeduplicator.py:105]
2025-06-05 17:26:23,488 - file_manager - INFO - Dry run: Would remove duplicate: C:\Users\terti\OneDrive\pdf\Geldenhuys Clearance Certificate_2.pdf [FileDeduplicator.py:105]
2025-06-05 17:26:23,488 - file_manager - INFO - Dry run: Would remove duplicate: C:\Users\terti\OneDrive\pdf\Geldenhuys Tertius - 8002135104(1)_1.pdf [FileDeduplicator.py:105]
2025-06-05 17:26:23,488 - file_manager - INFO - Dry run: Would remove duplicate: C:\Users\terti\OneDrive\pdf\Geldenhuys Tertius - 8002135104(1)_2.pdf [FileDeduplicator.py:105]
2025-06-05 17:26:23,488 - file_manager - INFO - Dry run: Would remove duplicate: C:\Users\terti\OneDrive\pdf\Geldenhuys Tertius - 8002135104_1.pdf [FileDeduplicator.py:105]
2025-06-05 17:26:23,488 - file_manager - INFO - Dry run: Would remove duplicate: C:\Users\terti\OneDrive\pdf\Geldenhuys Tertius - 8002135104_2.pdf [FileDeduplicator.py:105]
2025-06-05 17:26:23,488 - file_manager - INFO - Dry run: Would remove duplicate: C:\Users\terti\OneDrive\pdf\General Interview Questions(1)_1.pdf [FileDeduplicator.py:105]
2025-06-05 17:26:23,488 - file_manager - INFO - Dry run: Would remove duplicate: C:\Users\terti\OneDrive\pdf\General Interview Questions(1)_2.pdf [FileDeduplicator.py:105]
2025-06-05 17:26:23,488 - file_manager - INFO - Dry run: Would remove duplicate: C:\Users\terti\OneDrive\pdf\General Interview Questions_1.pdf [FileDeduplicator.py:105]
2025-06-05 17:26:23,488 - file_manager - INFO - Dry run: Would remove duplicate: C:\Users\terti\OneDrive\pdf\General Interview Questions_2.pdf [FileDeduplicator.py:105]
2025-06-05 17:26:23,488 - file_manager - INFO - Dry run: Would remove duplicate: C:\Users\terti\OneDrive\pdf\gepf0120170426(2).pdf [FileDeduplicator.py:105]
2025-06-05 17:26:23,488 - file_manager - INFO - Dry run: Would remove duplicate: C:\Users\terti\OneDrive\pdf\gepf0120170426.pdf [FileDeduplicator.py:105]
2025-06-05 17:26:23,503 - file_manager - INFO - Dry run: Would remove duplicate: C:\Users\terti\OneDrive\pdf\gepf0120170426_1.pdf [FileDeduplicator.py:105]
2025-06-05 17:26:23,503 - file_manager - INFO - Dry run: Would remove duplicate: C:\Users\terti\OneDrive\pdf\GfK Online Behavior Report_updated_1.pdf [FileDeduplicator.py:105]
2025-06-05 17:26:23,503 - file_manager - INFO - Dry run: Would remove duplicate: C:\Users\terti\OneDrive\pdf\GitHub - Microsoft_azure-devops-dotnet-samples_ .NET_C# samples for integrating with Azure DevOps Services and Azure DevOps Server_1.pdf [FileDeduplicator.py:105]
2025-06-05 17:26:23,503 - file_manager - INFO - Dry run: Would remove duplicate: C:\Users\terti\OneDrive\pdf\Glasscoe_Anne_Elizabeth_2020_1.pdf [FileDeduplicator.py:105]
2025-06-05 17:26:23,503 - file_manager - INFO - Dry run: Would remove duplicate: C:\Users\terti\OneDrive\pdf\Global Cyber Security Index 2020_1.pdf [FileDeduplicator.py:105]
2025-06-05 17:26:23,503 - file_manager - INFO - Dry run: Would remove duplicate: C:\Users\terti\OneDrive\pdf\GlobalSign-Remote-Work-Infographic_1.pdf [FileDeduplicator.py:105]
2025-06-05 17:26:23,503 - file_manager - INFO - Dry run: Would remove duplicate: C:\Users\terti\OneDrive\pdf\Global_Crypto_Index_2021_1.pdf [FileDeduplicator.py:105]
2025-06-05 17:26:23,503 - file_manager - INFO - Dry run: Would remove duplicate: C:\Users\terti\OneDrive\pdf\Glossary_AgileFoundations_1.pdf [FileDeduplicator.py:105]
2025-06-05 17:26:23,503 - file_manager - INFO - Dry run: Would remove duplicate: C:\Users\terti\OneDrive\pdf\Glossary_Project_Management_Simplified_1.pdf [FileDeduplicator.py:105]
2025-06-05 17:26:23,503 - file_manager - INFO - Dry run: Would remove duplicate: C:\Users\terti\OneDrive\pdf\Gmail - Blockchain = Food ValueHow the technology innovation is transforming food traceability_1.PDF [FileDeduplicator.py:105]
2025-06-05 17:26:23,503 - file_manager - INFO - Dry run: Would remove duplicate: C:\Users\terti\OneDrive\pdf\Gmail - Hi from Amazon Recruitment!_1.pdf [FileDeduplicator.py:105]
2025-06-05 17:26:23,503 - file_manager - INFO - Dry run: Would remove duplicate: C:\Users\terti\OneDrive\pdf\Gmail - Loved your profile, Tertius - Quick Que(1)_1.PDF [FileDeduplicator.py:105]
2025-06-05 17:26:23,503 - file_manager - INFO - Dry run: Would remove duplicate: C:\Users\terti\OneDrive\pdf\Gmail - Loved your profile, Tertius - Quick Que(1)_2.PDF [FileDeduplicator.py:105]
2025-06-05 17:26:23,503 - file_manager - INFO - Dry run: Would remove duplicate: C:\Users\terti\OneDrive\pdf\Gmail - Loved your profile, Tertius - Quick Que_1.PDF [FileDeduplicator.py:105]
2025-06-05 17:26:23,504 - file_manager - INFO - Dry run: Would remove duplicate: C:\Users\terti\OneDrive\pdf\Gmail - Loved your profile, Tertius - Quick Que_2.PDF [FileDeduplicator.py:105]
2025-06-05 17:26:23,504 - file_manager - INFO - Dry run: Would remove duplicate: C:\Users\terti\OneDrive\pdf\Gmail - Test invitation_ Role - Software Developer - v1.0_1.PDF [FileDeduplicator.py:105]
2025-06-05 17:26:23,504 - file_manager - INFO - Dry run: Would remove duplicate: C:\Users\terti\OneDrive\pdf\Gmail - Vodacom New Deal Request_1.pdf [FileDeduplicator.py:105]
2025-06-05 17:26:23,504 - file_manager - INFO - Dry run: Would remove duplicate: C:\Users\terti\OneDrive\pdf\Gmail - Vodacom New Deal Request_2.pdf [FileDeduplicator.py:105]
2025-06-05 17:26:23,504 - file_manager - INFO - Dry run: Would remove duplicate: C:\Users\terti\OneDrive\pdf\GoodQuestionsToAskaProjectManager_1.pdf [FileDeduplicator.py:105]
2025-06-05 17:26:23,504 - file_manager - INFO - Dry run: Would remove duplicate: C:\Users\terti\OneDrive\pdf\Google Cloud EMEA Limited Apr 2022 (1).pdf [FileDeduplicator.py:105]
2025-06-05 17:26:23,504 - file_manager - INFO - Dry run: Would remove duplicate: C:\Users\terti\OneDrive\pdf\Google Cloud EMEA Limited Apr 2022 (2).pdf [FileDeduplicator.py:105]
2025-06-05 17:26:23,504 - file_manager - INFO - Dry run: Would remove duplicate: C:\Users\terti\OneDrive\pdf\Google Cloud EMEA Limited Apr 2022.pdf [FileDeduplicator.py:105]
2025-06-05 17:26:23,504 - file_manager - INFO - Dry run: Would remove duplicate: C:\Users\terti\OneDrive\pdf\GQ0301_190717_1135309 1_1.pdf [FileDeduplicator.py:105]
2025-06-05 17:26:23,519 - file_manager - INFO - Dry run: Would remove duplicate: C:\Users\terti\OneDrive\pdf\GQ0301_190717_1135309.pdf [FileDeduplicator.py:105]
2025-06-05 17:26:23,519 - file_manager - INFO - Dry run: Would remove duplicate: C:\Users\terti\OneDrive\pdf\GQ0301_190717_1135309_1.pdf [FileDeduplicator.py:105]
2025-06-05 17:26:23,519 - file_manager - INFO - Dry run: Would remove duplicate: C:\Users\terti\OneDrive\pdf\GQ0301_240617_691845 (2).pdf [FileDeduplicator.py:105]
2025-06-05 17:26:23,519 - file_manager - INFO - Dry run: Would remove duplicate: C:\Users\terti\OneDrive\pdf\GQ0301_240617_691845(1).pdf [FileDeduplicator.py:105]
2025-06-05 17:26:23,519 - file_manager - INFO - Dry run: Would remove duplicate: C:\Users\terti\OneDrive\pdf\GQ0301_240617_691845(1)_1_1.pdf [FileDeduplicator.py:105]
2025-06-05 17:26:23,519 - file_manager - INFO - Dry run: Would remove duplicate: C:\Users\terti\OneDrive\pdf\GQ0301_240617_691845(1)_2.pdf [FileDeduplicator.py:105]
2025-06-05 17:26:23,519 - file_manager - INFO - Dry run: Would remove duplicate: C:\Users\terti\OneDrive\pdf\GQ0301_240617_691845(2).pdf [FileDeduplicator.py:105]
2025-06-05 17:26:23,519 - file_manager - INFO - Dry run: Would remove duplicate: C:\Users\terti\OneDrive\pdf\GQ0301_240617_691845.pdf [FileDeduplicator.py:105]
2025-06-05 17:26:23,519 - file_manager - INFO - Dry run: Would remove duplicate: C:\Users\terti\OneDrive\pdf\GQ0301_240617_691845_1.pdf [FileDeduplicator.py:105]
2025-06-05 17:26:23,519 - file_manager - INFO - Dry run: Would remove duplicate: C:\Users\terti\OneDrive\pdf\GQ0301_240617_691845_1_1.pdf [FileDeduplicator.py:105]
2025-06-05 17:26:23,519 - file_manager - INFO - Dry run: Would remove duplicate: C:\Users\terti\OneDrive\pdf\GQ0301_240617_691845_2.pdf [FileDeduplicator.py:105]
2025-06-05 17:26:23,519 - file_manager - INFO - Dry run: Would remove duplicate: C:\Users\terti\OneDrive\pdf\GQ0301_240617_691845_3.pdf [FileDeduplicator.py:105]
2025-06-05 17:26:23,519 - file_manager - INFO - Dry run: Would remove duplicate: C:\Users\terti\OneDrive\pdf\GS_ManagedCare 1_1.pdf [FileDeduplicator.py:105]
2025-06-05 17:26:23,519 - file_manager - INFO - Dry run: Would remove duplicate: C:\Users\terti\OneDrive\pdf\GS_ManagedCare 2.pdf [FileDeduplicator.py:105]
2025-06-05 17:26:23,519 - file_manager - INFO - Dry run: Would remove duplicate: C:\Users\terti\OneDrive\pdf\GS_ManagedCare 2_1.pdf [FileDeduplicator.py:105]
2025-06-05 17:26:23,519 - file_manager - INFO - Dry run: Would remove duplicate: C:\Users\terti\OneDrive\pdf\GS_ManagedCare.pdf [FileDeduplicator.py:105]
2025-06-05 17:26:23,519 - file_manager - INFO - Dry run: Would remove duplicate: C:\Users\terti\OneDrive\pdf\GS_ManagedCare_1.pdf [FileDeduplicator.py:105]
2025-06-05 17:26:23,519 - file_manager - INFO - Dry run: Would remove duplicate: C:\Users\terti\OneDrive\pdf\Guide to PMB 2017_DHMS 1_1.pdf [FileDeduplicator.py:105]
2025-06-05 17:26:23,519 - file_manager - INFO - Dry run: Would remove duplicate: C:\Users\terti\OneDrive\pdf\Guide to PMB 2017_DHMS 2.pdf [FileDeduplicator.py:105]
2025-06-05 17:26:23,519 - file_manager - INFO - Dry run: Would remove duplicate: C:\Users\terti\OneDrive\pdf\Guide to PMB 2017_DHMS 2_1.pdf [FileDeduplicator.py:105]
2025-06-05 17:26:23,519 - file_manager - INFO - Dry run: Would remove duplicate: C:\Users\terti\OneDrive\pdf\Guide to PMB 2017_DHMS 3.pdf [FileDeduplicator.py:105]
2025-06-05 17:26:23,519 - file_manager - INFO - Dry run: Would remove duplicate: C:\Users\terti\OneDrive\pdf\Guide to PMB 2017_DHMS 3_1.pdf [FileDeduplicator.py:105]
2025-06-05 17:26:23,519 - file_manager - INFO - Dry run: Would remove duplicate: C:\Users\terti\OneDrive\pdf\Guide to PMB 2017_DHMS.pdf [FileDeduplicator.py:105]
2025-06-05 17:26:23,519 - file_manager - INFO - Dry run: Would remove duplicate: C:\Users\terti\OneDrive\pdf\Guide to PMB 2017_DHMS_1.pdf [FileDeduplicator.py:105]
2025-06-05 17:26:23,519 - file_manager - INFO - Dry run: Would remove duplicate: C:\Users\terti\OneDrive\pdf\Guide to Threat Hunting_1.pdf [FileDeduplicator.py:105]
2025-06-05 17:26:23,519 - file_manager - INFO - Dry run: Would remove duplicate: C:\Users\terti\OneDrive\pdf\Gursewak Singh Ghumman-CV_1.pdf [FileDeduplicator.py:105]
2025-06-05 17:26:23,534 - file_manager - INFO - Dry run: Would remove duplicate: C:\Users\terti\OneDrive\pdf\Hall of fame - Tekst aangepast_1.pdf [FileDeduplicator.py:105]
2025-06-05 17:26:23,534 - file_manager - INFO - Dry run: Would remove duplicate: C:\Users\terti\OneDrive\pdf\HD_350BT_Manual_EN_1.pdf [FileDeduplicator.py:105]
2025-06-05 17:26:23,534 - file_manager - INFO - Dry run: Would remove duplicate: C:\Users\terti\OneDrive\pdf\HD_350BT_QG_587112_1019_A02_INT_1.pdf [FileDeduplicator.py:105]
2025-06-05 17:26:23,534 - file_manager - INFO - Dry run: Would remove duplicate: C:\Users\terti\OneDrive\pdf\HHP-GALAXYNOTE10DSHT-AUG19T_Final_8-15-19_1.pdf [FileDeduplicator.py:105]
2025-06-05 17:26:23,534 - file_manager - INFO - Dry run: Would remove duplicate: C:\Users\terti\OneDrive\pdf\Highlights of the Discovery Health Medical Scheme Financial Results for 2016 1_1.pdf [FileDeduplicator.py:105]
2025-06-05 17:26:23,534 - file_manager - INFO - Dry run: Would remove duplicate: C:\Users\terti\OneDrive\pdf\Highlights of the Discovery Health Medical Scheme Financial Results for 2016 2.pdf [FileDeduplicator.py:105]
2025-06-05 17:26:23,534 - file_manager - INFO - Dry run: Would remove duplicate: C:\Users\terti\OneDrive\pdf\Highlights of the Discovery Health Medical Scheme Financial Results for 2016 2_1.pdf [FileDeduplicator.py:105]
2025-06-05 17:26:23,534 - file_manager - INFO - Dry run: Would remove duplicate: C:\Users\terti\OneDrive\pdf\Highlights of the Discovery Health Medical Scheme Financial Results for 2016.pdf [FileDeduplicator.py:105]
2025-06-05 17:26:23,534 - file_manager - INFO - Dry run: Would remove duplicate: C:\Users\terti\OneDrive\pdf\Highlights of the Discovery Health Medical Scheme Financial Results for 2016_1.pdf [FileDeduplicator.py:105]
2025-06-05 17:26:23,534 - file_manager - INFO - Dry run: Would remove duplicate: C:\Users\terti\OneDrive\pdf\How long can one use a fresh Windows 10 install without product key_ - Super User.pdf [FileDeduplicator.py:105]
2025-06-05 17:26:23,534 - file_manager - INFO - Dry run: Would remove duplicate: C:\Users\terti\OneDrive\pdf\How long can one use a fresh Windows 10 install without product key_ - Super User_1.pdf [FileDeduplicator.py:105]
2025-06-05 17:26:23,534 - file_manager - INFO - Dry run: Would remove duplicate: C:\Users\terti\OneDrive\pdf\How To Ace A Paired Programming Interview (1)(1)_1.pdf [FileDeduplicator.py:105]
2025-06-05 17:26:23,535 - file_manager - INFO - Dry run: Would remove duplicate: C:\Users\terti\OneDrive\pdf\How To Ace A Paired Programming Interview (1)(2).pdf [FileDeduplicator.py:105]
2025-06-05 17:26:23,535 - file_manager - INFO - Dry run: Would remove duplicate: C:\Users\terti\OneDrive\pdf\How To Ace A Paired Programming Interview (1)(2)_1.pdf [FileDeduplicator.py:105]
2025-06-05 17:26:23,535 - file_manager - INFO - Dry run: Would remove duplicate: C:\Users\terti\OneDrive\pdf\How To Ace A Paired Programming Interview.pdf [FileDeduplicator.py:105]
2025-06-05 17:26:23,535 - file_manager - INFO - Dry run: Would remove duplicate: C:\Users\terti\OneDrive\pdf\How To Ace A Paired Programming Interview_1.pdf [FileDeduplicator.py:105]
2025-06-05 17:26:23,535 - file_manager - INFO - Dry run: Would remove duplicate: C:\Users\terti\OneDrive\pdf\How to create an electronic signature on Adobe Acrobat Reader_1.pdf [FileDeduplicator.py:105]
2025-06-05 17:26:23,535 - file_manager - INFO - Dry run: Would remove duplicate: C:\Users\terti\OneDrive\pdf\How to Describe Skills on a Resume_1.pdf [FileDeduplicator.py:105]
2025-06-05 17:26:23,535 - file_manager - INFO - Dry run: Would remove duplicate: C:\Users\terti\OneDrive\pdf\How to earn $10,000 while learning to code (Full) 2.0_1.pdf [FileDeduplicator.py:105]
2025-06-05 17:26:23,535 - file_manager - INFO - Dry run: Would remove duplicate: C:\Users\terti\OneDrive\pdf\How to Make A Good First Impression With These 17 Simple Tips.pdf [FileDeduplicator.py:105]
2025-06-05 17:26:23,535 - file_manager - INFO - Dry run: Would remove duplicate: C:\Users\terti\OneDrive\pdf\How to Make A Good First Impression With These 17 Simple Tips_1.pdf [FileDeduplicator.py:105]
2025-06-05 17:26:23,535 - file_manager - INFO - Dry run: Would remove duplicate: C:\Users\terti\OneDrive\pdf\How To Make a Good Resume_1.pdf [FileDeduplicator.py:105]
2025-06-05 17:26:23,535 - file_manager - INFO - Dry run: Would remove duplicate: C:\Users\terti\OneDrive\pdf\hp elitebook 8560w(1)_1.pdf [FileDeduplicator.py:105]
2025-06-05 17:26:23,535 - file_manager - INFO - Dry run: Would remove duplicate: C:\Users\terti\OneDrive\pdf\hp elitebook 8560w(1)_2.pdf [FileDeduplicator.py:105]
2025-06-05 17:26:23,535 - file_manager - INFO - Dry run: Would remove duplicate: C:\Users\terti\OneDrive\pdf\hp elitebook 8560w_1.pdf [FileDeduplicator.py:105]
2025-06-05 17:26:23,535 - file_manager - INFO - Dry run: Would remove duplicate: C:\Users\terti\OneDrive\pdf\hp elitebook 8560w_2.pdf [FileDeduplicator.py:105]
2025-06-05 17:26:23,535 - file_manager - INFO - Dry run: Would remove duplicate: C:\Users\terti\OneDrive\pdf\https___raw.githubusercontent.com_Microsoft_vscode_master_README.md_1.pdf [FileDeduplicator.py:105]
2025-06-05 17:26:23,535 - file_manager - INFO - Dry run: Would remove duplicate: C:\Users\terti\OneDrive\pdf\Huurkor_2016_10_24_Unit_238_90_02_Hamerkop_Street (1)_1.pdf [FileDeduplicator.py:105]
2025-06-05 17:26:23,549 - file_manager - INFO - Dry run: Would remove duplicate: C:\Users\terti\OneDrive\pdf\Huurkor_2016_10_24_Unit_238_90_02_Hamerkop_Street (2).pdf [FileDeduplicator.py:105]
2025-06-05 17:26:23,549 - file_manager - INFO - Dry run: Would remove duplicate: C:\Users\terti\OneDrive\pdf\Huurkor_2016_10_24_Unit_238_90_02_Hamerkop_Street (2)_1.pdf [FileDeduplicator.py:105]
2025-06-05 17:26:23,549 - file_manager - INFO - Dry run: Would remove duplicate: C:\Users\terti\OneDrive\pdf\Huurkor_2016_10_24_Unit_238_90_02_Hamerkop_Street 1.pdf [FileDeduplicator.py:105]
2025-06-05 17:26:23,549 - file_manager - INFO - Dry run: Would remove duplicate: C:\Users\terti\OneDrive\pdf\Huurkor_2016_10_24_Unit_238_90_02_Hamerkop_Street 1_1.pdf [FileDeduplicator.py:105]
2025-06-05 17:26:23,549 - file_manager - INFO - Dry run: Would remove duplicate: C:\Users\terti\OneDrive\pdf\Huurkor_2016_10_24_Unit_238_90_02_Hamerkop_Street.pdf [FileDeduplicator.py:105]
2025-06-05 17:26:23,549 - file_manager - INFO - Dry run: Would remove duplicate: C:\Users\terti\OneDrive\pdf\Huurkor_2016_10_24_Unit_238_90_02_Hamerkop_Street_1.pdf [FileDeduplicator.py:105]
2025-06-05 17:26:23,549 - file_manager - INFO - Dry run: Would remove duplicate: C:\Users\terti\OneDrive\pdf\Huurkor_2016_11_28_Unit_238_90_02_Hamerkop_Street (1)_1.pdf [FileDeduplicator.py:105]
2025-06-05 17:26:23,549 - file_manager - INFO - Dry run: Would remove duplicate: C:\Users\terti\OneDrive\pdf\Huurkor_2016_11_28_Unit_238_90_02_Hamerkop_Street (2).pdf [FileDeduplicator.py:105]
2025-06-05 17:26:23,549 - file_manager - INFO - Dry run: Would remove duplicate: C:\Users\terti\OneDrive\pdf\Huurkor_2016_11_28_Unit_238_90_02_Hamerkop_Street (2)_1.pdf [FileDeduplicator.py:105]
2025-06-05 17:26:23,549 - file_manager - INFO - Dry run: Would remove duplicate: C:\Users\terti\OneDrive\pdf\Huurkor_2016_11_28_Unit_238_90_02_Hamerkop_Street 1.pdf [FileDeduplicator.py:105]
2025-06-05 17:26:23,550 - file_manager - INFO - Dry run: Would remove duplicate: C:\Users\terti\OneDrive\pdf\Huurkor_2016_11_28_Unit_238_90_02_Hamerkop_Street 1_1.pdf [FileDeduplicator.py:105]
2025-06-05 17:26:23,550 - file_manager - INFO - Dry run: Would remove duplicate: C:\Users\terti\OneDrive\pdf\Huurkor_2016_11_28_Unit_238_90_02_Hamerkop_Street.pdf [FileDeduplicator.py:105]
2025-06-05 17:26:23,550 - file_manager - INFO - Dry run: Would remove duplicate: C:\Users\terti\OneDrive\pdf\Huurkor_2016_11_28_Unit_238_90_02_Hamerkop_Street_1.pdf [FileDeduplicator.py:105]
2025-06-05 17:26:23,550 - file_manager - INFO - Dry run: Would remove duplicate: C:\Users\terti\OneDrive\pdf\hwi-I0620189-4-K0155558 (2).pdf [FileDeduplicator.py:105]
2025-06-05 17:26:23,550 - file_manager - INFO - Dry run: Would remove duplicate: C:\Users\terti\OneDrive\pdf\hwi-I0620189-4-K0155558(1).pdf [FileDeduplicator.py:105]
2025-06-05 17:26:23,550 - file_manager - INFO - Dry run: Would remove duplicate: C:\Users\terti\OneDrive\pdf\hwi-I0620189-4-K0155558(2).pdf [FileDeduplicator.py:105]
2025-06-05 17:26:23,550 - file_manager - INFO - Dry run: Would remove duplicate: C:\Users\terti\OneDrive\pdf\hwi-I0620189-4-K0155558.pdf [FileDeduplicator.py:105]
2025-06-05 17:26:23,550 - file_manager - INFO - Dry run: Would remove duplicate: C:\Users\terti\OneDrive\pdf\hwi-I0620189-4-K0155558_1.pdf [FileDeduplicator.py:105]
2025-06-05 17:26:23,550 - file_manager - INFO - Dry run: Would remove duplicate: C:\Users\terti\OneDrive\pdf\I Almost Got Fired for Choosing React in Our Enterprise App_1.pdf [FileDeduplicator.py:105]
2025-06-05 17:26:23,550 - file_manager - INFO - Dry run: Would remove duplicate: C:\Users\terti\OneDrive\pdf\i02274 1_1.pdf [FileDeduplicator.py:105]
2025-06-05 17:26:23,550 - file_manager - INFO - Dry run: Would remove duplicate: C:\Users\terti\OneDrive\pdf\i02274 2.pdf [FileDeduplicator.py:105]
2025-06-05 17:26:23,550 - file_manager - INFO - Dry run: Would remove duplicate: C:\Users\terti\OneDrive\pdf\i02274 2_1.pdf [FileDeduplicator.py:105]
2025-06-05 17:26:23,550 - file_manager - INFO - Dry run: Would remove duplicate: C:\Users\terti\OneDrive\pdf\i02274.pdf [FileDeduplicator.py:105]
2025-06-05 17:26:23,565 - file_manager - INFO - Dry run: Would remove duplicate: C:\Users\terti\OneDrive\pdf\i02274_1.pdf [FileDeduplicator.py:105]
2025-06-05 17:26:23,565 - file_manager - INFO - Dry run: Would remove duplicate: C:\Users\terti\OneDrive\pdf\IDF16_TBT3_SF16_CONBZ03_102f_1.pdf [FileDeduplicator.py:105]
2025-06-05 17:26:23,565 - file_manager - INFO - Dry run: Would remove duplicate: C:\Users\terti\OneDrive\pdf\IG_Empathic-Investigations-remote-users_Code42.pdf [FileDeduplicator.py:105]
2025-06-05 17:26:23,565 - file_manager - INFO - Dry run: Would remove duplicate: C:\Users\terti\OneDrive\pdf\Implementing Quantcast Measure with WordPress – Quantcast Support_1.pdf [FileDeduplicator.py:105]
2025-06-05 17:26:23,565 - file_manager - INFO - Dry run: Would remove duplicate: C:\Users\terti\OneDrive\pdf\In-person & Culture Fit Interview(1)_1.pdf [FileDeduplicator.py:105]
2025-06-05 17:26:23,565 - file_manager - INFO - Dry run: Would remove duplicate: C:\Users\terti\OneDrive\pdf\In-person & Culture Fit Interview.pdf [FileDeduplicator.py:105]
2025-06-05 17:26:23,565 - file_manager - INFO - Dry run: Would remove duplicate: C:\Users\terti\OneDrive\pdf\In-person & Culture Fit Interview_1.pdf [FileDeduplicator.py:105]
2025-06-05 17:26:23,565 - file_manager - INFO - Dry run: Would remove duplicate: C:\Users\terti\OneDrive\pdf\IN13606737_1.pdf [FileDeduplicator.py:105]
2025-06-05 17:26:23,565 - file_manager - INFO - Dry run: Would remove duplicate: C:\Users\terti\OneDrive\pdf\IN30436595(1)_1.pdf [FileDeduplicator.py:105]
2025-06-05 17:26:23,565 - file_manager - INFO - Dry run: Would remove duplicate: C:\Users\terti\OneDrive\pdf\IN30436595(1)_2.pdf [FileDeduplicator.py:105]
2025-06-05 17:26:23,566 - file_manager - INFO - Dry run: Would remove duplicate: C:\Users\terti\OneDrive\pdf\IN30436595_1.pdf [FileDeduplicator.py:105]
2025-06-05 17:26:23,566 - file_manager - INFO - Dry run: Would remove duplicate: C:\Users\terti\OneDrive\pdf\IN30436595_2.pdf [FileDeduplicator.py:105]
2025-06-05 17:26:23,566 - file_manager - INFO - Dry run: Would remove duplicate: C:\Users\terti\OneDrive\pdf\IN30449518(1)_1.pdf [FileDeduplicator.py:105]
2025-06-05 17:26:23,566 - file_manager - INFO - Dry run: Would remove duplicate: C:\Users\terti\OneDrive\pdf\IN30449518(1)_2.pdf [FileDeduplicator.py:105]
2025-06-05 17:26:23,566 - file_manager - INFO - Dry run: Would remove duplicate: C:\Users\terti\OneDrive\pdf\IN30449518_1.pdf [FileDeduplicator.py:105]
2025-06-05 17:26:23,566 - file_manager - INFO - Dry run: Would remove duplicate: C:\Users\terti\OneDrive\pdf\IN30449518_2.pdf [FileDeduplicator.py:105]
2025-06-05 17:26:23,566 - file_manager - INFO - Dry run: Would remove duplicate: C:\Users\terti\OneDrive\pdf\Income Expenditure (2).pdf [FileDeduplicator.py:105]
2025-06-05 17:26:23,566 - file_manager - INFO - Dry run: Would remove duplicate: C:\Users\terti\OneDrive\pdf\Income Expenditure Template (1).pdf [FileDeduplicator.py:105]
2025-06-05 17:26:23,566 - file_manager - INFO - Dry run: Would remove duplicate: C:\Users\terti\OneDrive\pdf\Income Expenditure Template (2).pdf [FileDeduplicator.py:105]
2025-06-05 17:26:23,566 - file_manager - INFO - Dry run: Would remove duplicate: C:\Users\terti\OneDrive\pdf\Income Expenditure Template 1.pdf [FileDeduplicator.py:105]
2025-06-05 17:26:23,566 - file_manager - INFO - Dry run: Would remove duplicate: C:\Users\terti\OneDrive\pdf\Income Expenditure Template 1_1.pdf [FileDeduplicator.py:105]
2025-06-05 17:26:23,566 - file_manager - INFO - Dry run: Would remove duplicate: C:\Users\terti\OneDrive\pdf\Income Expenditure Template 2.pdf [FileDeduplicator.py:105]
2025-06-05 17:26:23,566 - file_manager - INFO - Dry run: Would remove duplicate: C:\Users\terti\OneDrive\pdf\Income Expenditure Template 2_1.pdf [FileDeduplicator.py:105]
2025-06-05 17:26:23,566 - file_manager - INFO - Dry run: Would remove duplicate: C:\Users\terti\OneDrive\pdf\Income Expenditure Template(1).pdf [FileDeduplicator.py:105]
2025-06-05 17:26:23,566 - file_manager - INFO - Dry run: Would remove duplicate: C:\Users\terti\OneDrive\pdf\Income Expenditure Template(2).pdf [FileDeduplicator.py:105]
2025-06-05 17:26:23,580 - file_manager - INFO - Dry run: Would remove duplicate: C:\Users\terti\OneDrive\pdf\Income Expenditure Template.pdf [FileDeduplicator.py:105]
2025-06-05 17:26:23,581 - file_manager - INFO - Dry run: Would remove duplicate: C:\Users\terti\OneDrive\pdf\Income Expenditure Template_1.pdf [FileDeduplicator.py:105]
2025-06-05 17:26:23,581 - file_manager - INFO - Dry run: Would remove duplicate: C:\Users\terti\OneDrive\pdf\Income Expenditure Template_1_1.pdf [FileDeduplicator.py:105]
2025-06-05 17:26:23,581 - file_manager - INFO - Dry run: Would remove duplicate: C:\Users\terti\OneDrive\pdf\Income Expenditure Template_2.pdf [FileDeduplicator.py:105]
2025-06-05 17:26:23,581 - file_manager - INFO - Dry run: Would remove duplicate: C:\Users\terti\OneDrive\pdf\Income Expenditure(1).pdf [FileDeduplicator.py:105]
2025-06-05 17:26:23,581 - file_manager - INFO - Dry run: Would remove duplicate: C:\Users\terti\OneDrive\pdf\Income Expenditure(2).pdf [FileDeduplicator.py:105]
2025-06-05 17:26:23,581 - file_manager - INFO - Dry run: Would remove duplicate: C:\Users\terti\OneDrive\pdf\Income Expenditure.pdf [FileDeduplicator.py:105]
2025-06-05 17:26:23,581 - file_manager - INFO - Dry run: Would remove duplicate: C:\Users\terti\OneDrive\pdf\Income Expenditure_1.pdf [FileDeduplicator.py:105]
2025-06-05 17:26:23,581 - file_manager - INFO - Dry run: Would remove duplicate: C:\Users\terti\OneDrive\pdf\Individual App for Finance - Signed - Copy - Copy - Copy_1.pdf [FileDeduplicator.py:105]
2025-06-05 17:26:23,581 - file_manager - INFO - Dry run: Would remove duplicate: C:\Users\terti\OneDrive\pdf\Individual App for Finance - Signed - Copy - Copy.pdf [FileDeduplicator.py:105]
2025-06-05 17:26:23,581 - file_manager - INFO - Dry run: Would remove duplicate: C:\Users\terti\OneDrive\pdf\Individual App for Finance - Signed - Copy - Copy_1.pdf [FileDeduplicator.py:105]
2025-06-05 17:26:23,581 - file_manager - INFO - Dry run: Would remove duplicate: C:\Users\terti\OneDrive\pdf\Individual App for Finance - Signed - Copy.pdf [FileDeduplicator.py:105]
2025-06-05 17:26:23,581 - file_manager - INFO - Dry run: Would remove duplicate: C:\Users\terti\OneDrive\pdf\Individual App for Finance - Signed - Copy_1.pdf [FileDeduplicator.py:105]
2025-06-05 17:26:23,581 - file_manager - INFO - Dry run: Would remove duplicate: C:\Users\terti\OneDrive\pdf\Individual App for Finance - Signed.pdf [FileDeduplicator.py:105]
2025-06-05 17:26:23,581 - file_manager - INFO - Dry run: Would remove duplicate: C:\Users\terti\OneDrive\pdf\Individual App for Finance - Signed_1.pdf [FileDeduplicator.py:105]
2025-06-05 17:26:23,581 - file_manager - INFO - Dry run: Would remove duplicate: C:\Users\terti\OneDrive\pdf\Individual App for Finance.pdf [FileDeduplicator.py:105]
2025-06-05 17:26:23,581 - file_manager - INFO - Dry run: Would remove duplicate: C:\Users\terti\OneDrive\pdf\Individual App for Finance_1.pdf [FileDeduplicator.py:105]
2025-06-05 17:26:23,581 - file_manager - INFO - Dry run: Would remove duplicate: C:\Users\terti\OneDrive\pdf\insider-risk-management-for-dummies-code42.pdf [FileDeduplicator.py:105]
2025-06-05 17:26:23,581 - file_manager - INFO - Dry run: Would remove duplicate: C:\Users\terti\OneDrive\pdf\Intel® Driver & Support Assistant - Detailed Report.pdf [FileDeduplicator.py:105]
2025-06-05 17:26:23,581 - file_manager - INFO - Dry run: Would remove duplicate: C:\Users\terti\OneDrive\pdf\Intermediate-Linux-commands-cheat-sheet-v2-Red-Hat-Developer.pdf [FileDeduplicator.py:105]
2025-06-05 17:26:23,581 - file_manager - INFO - Dry run: Would remove duplicate: C:\Users\terti\OneDrive\pdf\Interview Preperation.pdf [FileDeduplicator.py:105]
2025-06-05 17:26:23,581 - file_manager - INFO - Dry run: Would remove duplicate: C:\Users\terti\OneDrive\pdf\Interviews - Practice - Arrays_1.pdf [FileDeduplicator.py:105]
2025-06-05 17:26:23,581 - file_manager - INFO - Dry run: Would remove duplicate: C:\Users\terti\OneDrive\pdf\Interviews_Questions_Analysis.pdf [FileDeduplicator.py:105]
2025-06-05 17:26:23,581 - file_manager - INFO - Dry run: Would remove duplicate: C:\Users\terti\OneDrive\pdf\Interviews_Questions_Analysis_1.pdf [FileDeduplicator.py:105]
2025-06-05 17:26:23,596 - file_manager - INFO - Dry run: Would remove duplicate: C:\Users\terti\OneDrive\pdf\Interview_Engineer_Nondisclosure_Agreement_(T_1.pdf [FileDeduplicator.py:105]
2025-06-05 17:26:23,597 - file_manager - INFO - Dry run: Would remove duplicate: C:\Users\terti\OneDrive\pdf\Intro-to-IFFs-Profit-Shfiting-and-The-Bermuda-Connection_1.pdf [FileDeduplicator.py:105]
2025-06-05 17:26:23,597 - file_manager - INFO - Dry run: Would remove duplicate: C:\Users\terti\OneDrive\pdf\Introduction_to_Networking_Basics-_2nd_edtion(1)_1.pdf [FileDeduplicator.py:105]
2025-06-05 17:26:23,597 - file_manager - INFO - Dry run: Would remove duplicate: C:\Users\terti\OneDrive\pdf\Introduction_to_Networking_Basics-_2nd_edtion(1)_2.pdf [FileDeduplicator.py:105]
2025-06-05 17:26:23,597 - file_manager - INFO - Dry run: Would remove duplicate: C:\Users\terti\OneDrive\pdf\Introduction_to_Networking_Basics-_2nd_edtion_1.pdf [FileDeduplicator.py:105]
2025-06-05 17:26:23,597 - file_manager - INFO - Dry run: Would remove duplicate: C:\Users\terti\OneDrive\pdf\Introduction_to_Networking_Basics-_2nd_edtion_2.pdf [FileDeduplicator.py:105]
2025-06-05 17:26:23,597 - file_manager - INFO - Dry run: Would remove duplicate: C:\Users\terti\OneDrive\pdf\inv-I0620189-4-0824995649-2017-03-03 (2).pdf [FileDeduplicator.py:105]
2025-06-05 17:26:23,597 - file_manager - INFO - Dry run: Would remove duplicate: C:\Users\terti\OneDrive\pdf\inv-I0620189-4-0824995649-2017-03-03(1).pdf [FileDeduplicator.py:105]
2025-06-05 17:26:23,597 - file_manager - INFO - Dry run: Would remove duplicate: C:\Users\terti\OneDrive\pdf\inv-I0620189-4-0824995649-2017-03-03(2).pdf [FileDeduplicator.py:105]
2025-06-05 17:26:23,597 - file_manager - INFO - Dry run: Would remove duplicate: C:\Users\terti\OneDrive\pdf\inv-I0620189-4-0824995649-2017-03-03.pdf [FileDeduplicator.py:105]
2025-06-05 17:26:23,597 - file_manager - INFO - Dry run: Would remove duplicate: C:\Users\terti\OneDrive\pdf\inv-I0620189-4-0824995649-2017-03-03_1.pdf [FileDeduplicator.py:105]
2025-06-05 17:26:23,597 - file_manager - INFO - Dry run: Would remove duplicate: C:\Users\terti\OneDrive\pdf\inv-I0620189-4-0824995649-2017-04-03 1_1.pdf [FileDeduplicator.py:105]
2025-06-05 17:26:23,597 - file_manager - INFO - Dry run: Would remove duplicate: C:\Users\terti\OneDrive\pdf\inv-I0620189-4-0824995649-2017-04-03.pdf [FileDeduplicator.py:105]
2025-06-05 17:26:23,597 - file_manager - INFO - Dry run: Would remove duplicate: C:\Users\terti\OneDrive\pdf\inv-I0620189-4-0824995649-2017-04-03_1.pdf [FileDeduplicator.py:105]
2025-06-05 17:26:23,597 - file_manager - INFO - Dry run: Would remove duplicate: C:\Users\terti\OneDrive\pdf\inv-I0620189-4-0824995649-2017-05-03_1.pdf [FileDeduplicator.py:105]
2025-06-05 17:26:23,598 - file_manager - INFO - Dry run: Would remove duplicate: C:\Users\terti\OneDrive\pdf\inv-I0620189-4-0824995649-2017-07-03_1.pdf [FileDeduplicator.py:105]
2025-06-05 17:26:23,598 - file_manager - INFO - Dry run: Would remove duplicate: C:\Users\terti\OneDrive\pdf\inv-I0620189-4-27711137325-2017-03-01 (2).pdf [FileDeduplicator.py:105]
2025-06-05 17:26:23,598 - file_manager - INFO - Dry run: Would remove duplicate: C:\Users\terti\OneDrive\pdf\inv-I0620189-4-27711137325-2017-03-01(1).pdf [FileDeduplicator.py:105]
2025-06-05 17:26:23,598 - file_manager - INFO - Dry run: Would remove duplicate: C:\Users\terti\OneDrive\pdf\inv-I0620189-4-27711137325-2017-03-01(2).pdf [FileDeduplicator.py:105]
2025-06-05 17:26:23,598 - file_manager - INFO - Dry run: Would remove duplicate: C:\Users\terti\OneDrive\pdf\inv-I0620189-4-27711137325-2017-03-01.pdf [FileDeduplicator.py:105]
2025-06-05 17:26:23,598 - file_manager - INFO - Dry run: Would remove duplicate: C:\Users\terti\OneDrive\pdf\inv-I0620189-4-27711137325-2017-03-01_1.pdf [FileDeduplicator.py:105]
2025-06-05 17:26:23,598 - file_manager - INFO - Dry run: Would remove duplicate: C:\Users\terti\OneDrive\pdf\inv-I0620189-4-27711137325-2017-04-01 1_1.pdf [FileDeduplicator.py:105]
2025-06-05 17:26:23,598 - file_manager - INFO - Dry run: Would remove duplicate: C:\Users\terti\OneDrive\pdf\inv-I0620189-4-27711137325-2017-04-01.pdf [FileDeduplicator.py:105]
2025-06-05 17:26:23,611 - file_manager - INFO - Dry run: Would remove duplicate: C:\Users\terti\OneDrive\pdf\inv-I0620189-4-27711137325-2017-04-01_1.pdf [FileDeduplicator.py:105]
2025-06-05 17:26:23,611 - file_manager - INFO - Dry run: Would remove duplicate: C:\Users\terti\OneDrive\pdf\inv-I0620189-4-27711137325-2017-05-01_1.pdf [FileDeduplicator.py:105]
2025-06-05 17:26:23,611 - file_manager - INFO - Dry run: Would remove duplicate: C:\Users\terti\OneDrive\pdf\inv-I0620189-4-27711137325-2017-07-01_1.pdf [FileDeduplicator.py:105]
2025-06-05 17:26:23,611 - file_manager - INFO - Dry run: Would remove duplicate: C:\Users\terti\OneDrive\pdf\inv-I0620189-4-27824995649-2017-03-01 (2).pdf [FileDeduplicator.py:105]
2025-06-05 17:26:23,612 - file_manager - INFO - Dry run: Would remove duplicate: C:\Users\terti\OneDrive\pdf\inv-I0620189-4-27824995649-2017-03-01(1).pdf [FileDeduplicator.py:105]
2025-06-05 17:26:23,612 - file_manager - INFO - Dry run: Would remove duplicate: C:\Users\terti\OneDrive\pdf\inv-I0620189-4-27824995649-2017-03-01(2).pdf [FileDeduplicator.py:105]
2025-06-05 17:26:23,612 - file_manager - INFO - Dry run: Would remove duplicate: C:\Users\terti\OneDrive\pdf\inv-I0620189-4-27824995649-2017-03-01.pdf [FileDeduplicator.py:105]
2025-06-05 17:26:23,612 - file_manager - INFO - Dry run: Would remove duplicate: C:\Users\terti\OneDrive\pdf\inv-I0620189-4-27824995649-2017-03-01_1.pdf [FileDeduplicator.py:105]
2025-06-05 17:26:23,612 - file_manager - INFO - Dry run: Would remove duplicate: C:\Users\terti\OneDrive\pdf\inv-I0620189-4-27824995649-2017-04-01 1_1.pdf [FileDeduplicator.py:105]
2025-06-05 17:26:23,612 - file_manager - INFO - Dry run: Would remove duplicate: C:\Users\terti\OneDrive\pdf\inv-I0620189-4-27824995649-2017-04-01.pdf [FileDeduplicator.py:105]
2025-06-05 17:26:23,612 - file_manager - INFO - Dry run: Would remove duplicate: C:\Users\terti\OneDrive\pdf\inv-I0620189-4-27824995649-2017-04-01_1.pdf [FileDeduplicator.py:105]
2025-06-05 17:26:23,612 - file_manager - INFO - Dry run: Would remove duplicate: C:\Users\terti\OneDrive\pdf\inv-I0620189-4-27824995649-2017-05-01_1.pdf [FileDeduplicator.py:105]
2025-06-05 17:26:23,612 - file_manager - INFO - Dry run: Would remove duplicate: C:\Users\terti\OneDrive\pdf\inv-I0620189-4-27824995649-2017-07-01_1.pdf [FileDeduplicator.py:105]
2025-06-05 17:26:23,612 - file_manager - INFO - Dry run: Would remove duplicate: C:\Users\terti\OneDrive\pdf\inv-I0620189-4-27827183778-2017-03-01 (2).pdf [FileDeduplicator.py:105]
2025-06-05 17:26:23,612 - file_manager - INFO - Dry run: Would remove duplicate: C:\Users\terti\OneDrive\pdf\inv-I0620189-4-27827183778-2017-03-01(1).pdf [FileDeduplicator.py:105]
2025-06-05 17:26:23,612 - file_manager - INFO - Dry run: Would remove duplicate: C:\Users\terti\OneDrive\pdf\inv-I0620189-4-27827183778-2017-03-01(2).pdf [FileDeduplicator.py:105]
2025-06-05 17:26:23,612 - file_manager - INFO - Dry run: Would remove duplicate: C:\Users\terti\OneDrive\pdf\inv-I0620189-4-27827183778-2017-03-01.pdf [FileDeduplicator.py:105]
2025-06-05 17:26:23,612 - file_manager - INFO - Dry run: Would remove duplicate: C:\Users\terti\OneDrive\pdf\inv-I0620189-4-27827183778-2017-03-01_1.pdf [FileDeduplicator.py:105]
2025-06-05 17:26:23,612 - file_manager - INFO - Dry run: Would remove duplicate: C:\Users\terti\OneDrive\pdf\inv-I0620189-4-27827183778-2017-04-01 1_1.pdf [FileDeduplicator.py:105]
2025-06-05 17:26:23,612 - file_manager - INFO - Dry run: Would remove duplicate: C:\Users\terti\OneDrive\pdf\inv-I0620189-4-27827183778-2017-04-01.pdf [FileDeduplicator.py:105]
2025-06-05 17:26:23,612 - file_manager - INFO - Dry run: Would remove duplicate: C:\Users\terti\OneDrive\pdf\inv-I0620189-4-27827183778-2017-04-01_1.pdf [FileDeduplicator.py:105]
2025-06-05 17:26:23,612 - file_manager - INFO - Dry run: Would remove duplicate: C:\Users\terti\OneDrive\pdf\inv-I0620189-4-27827183778-2017-05-01_1.pdf [FileDeduplicator.py:105]
2025-06-05 17:26:23,612 - file_manager - INFO - Dry run: Would remove duplicate: C:\Users\terti\OneDrive\pdf\inv-I0620189-4-27827183778-2017-07-01_1.pdf [FileDeduplicator.py:105]
2025-06-05 17:26:23,627 - file_manager - INFO - Dry run: Would remove duplicate: C:\Users\terti\OneDrive\pdf\inv-I0620189-4-27827183947-2017-03-01 (2).pdf [FileDeduplicator.py:105]
2025-06-05 17:26:23,627 - file_manager - INFO - Dry run: Would remove duplicate: C:\Users\terti\OneDrive\pdf\inv-I0620189-4-27827183947-2017-03-01(1).pdf [FileDeduplicator.py:105]
2025-06-05 17:26:23,627 - file_manager - INFO - Dry run: Would remove duplicate: C:\Users\terti\OneDrive\pdf\inv-I0620189-4-27827183947-2017-03-01(2).pdf [FileDeduplicator.py:105]
2025-06-05 17:26:23,627 - file_manager - INFO - Dry run: Would remove duplicate: C:\Users\terti\OneDrive\pdf\inv-I0620189-4-27827183947-2017-03-01.pdf [FileDeduplicator.py:105]
2025-06-05 17:26:23,627 - file_manager - INFO - Dry run: Would remove duplicate: C:\Users\terti\OneDrive\pdf\inv-I0620189-4-27827183947-2017-03-01_1.pdf [FileDeduplicator.py:105]
2025-06-05 17:26:23,627 - file_manager - INFO - Dry run: Would remove duplicate: C:\Users\terti\OneDrive\pdf\inv-I0620189-4-27827183947-2017-04-01 1_1.pdf [FileDeduplicator.py:105]
2025-06-05 17:26:23,627 - file_manager - INFO - Dry run: Would remove duplicate: C:\Users\terti\OneDrive\pdf\inv-I0620189-4-27827183947-2017-04-01.pdf [FileDeduplicator.py:105]
2025-06-05 17:26:23,627 - file_manager - INFO - Dry run: Would remove duplicate: C:\Users\terti\OneDrive\pdf\inv-I0620189-4-27827183947-2017-04-01_1.pdf [FileDeduplicator.py:105]
2025-06-05 17:26:23,627 - file_manager - INFO - Dry run: Would remove duplicate: C:\Users\terti\OneDrive\pdf\inv-I0620189-4-27827183947-2017-05-01_1.pdf [FileDeduplicator.py:105]
2025-06-05 17:26:23,627 - file_manager - INFO - Dry run: Would remove duplicate: C:\Users\terti\OneDrive\pdf\inv-I0620189-4-27827183947-2017-07-01_1.pdf [FileDeduplicator.py:105]
2025-06-05 17:26:23,627 - file_manager - INFO - Dry run: Would remove duplicate: C:\Users\terti\OneDrive\pdf\inv-I0620189-4-27827789115-2017-03-01 (2).pdf [FileDeduplicator.py:105]
2025-06-05 17:26:23,627 - file_manager - INFO - Dry run: Would remove duplicate: C:\Users\terti\OneDrive\pdf\inv-I0620189-4-27827789115-2017-03-01(1).pdf [FileDeduplicator.py:105]
2025-06-05 17:26:23,627 - file_manager - INFO - Dry run: Would remove duplicate: C:\Users\terti\OneDrive\pdf\inv-I0620189-4-27827789115-2017-03-01(2).pdf [FileDeduplicator.py:105]
2025-06-05 17:26:23,627 - file_manager - INFO - Dry run: Would remove duplicate: C:\Users\terti\OneDrive\pdf\inv-I0620189-4-27827789115-2017-03-01.pdf [FileDeduplicator.py:105]
2025-06-05 17:26:23,627 - file_manager - INFO - Dry run: Would remove duplicate: C:\Users\terti\OneDrive\pdf\inv-I0620189-4-27827789115-2017-03-01_1.pdf [FileDeduplicator.py:105]
2025-06-05 17:26:23,627 - file_manager - INFO - Dry run: Would remove duplicate: C:\Users\terti\OneDrive\pdf\inv-I0620189-4-Combined-2017-04-01 1_1.pdf [FileDeduplicator.py:105]
2025-06-05 17:26:23,628 - file_manager - INFO - Dry run: Would remove duplicate: C:\Users\terti\OneDrive\pdf\inv-I0620189-4-Combined-2017-04-01.pdf [FileDeduplicator.py:105]
2025-06-05 17:26:23,628 - file_manager - INFO - Dry run: Would remove duplicate: C:\Users\terti\OneDrive\pdf\inv-I0620189-4-Combined-2017-04-01_1.pdf [FileDeduplicator.py:105]
2025-06-05 17:26:23,628 - file_manager - INFO - Dry run: Would remove duplicate: C:\Users\terti\OneDrive\pdf\inv-I0620189-4-Combined-2017-05-01_1.pdf [FileDeduplicator.py:105]
2025-06-05 17:26:23,628 - file_manager - INFO - Dry run: Would remove duplicate: C:\Users\terti\OneDrive\pdf\inv-I0620189-4-Combined-2017-07-01_1.pdf [FileDeduplicator.py:105]
2025-06-05 17:26:23,628 - file_manager - INFO - Dry run: Would remove duplicate: C:\Users\terti\OneDrive\pdf\Invoice # 1096(1)_1.pdf [FileDeduplicator.py:105]
2025-06-05 17:26:23,628 - file_manager - INFO - Dry run: Would remove duplicate: C:\Users\terti\OneDrive\pdf\Invoice # 1096(1)_2.pdf [FileDeduplicator.py:105]
2025-06-05 17:26:23,628 - file_manager - INFO - Dry run: Would remove duplicate: C:\Users\terti\OneDrive\pdf\Invoice # 1096(2)_1.pdf [FileDeduplicator.py:105]
2025-06-05 17:26:23,628 - file_manager - INFO - Dry run: Would remove duplicate: C:\Users\terti\OneDrive\pdf\Invoice # 1096(2)_2.pdf [FileDeduplicator.py:105]
2025-06-05 17:26:23,642 - file_manager - INFO - Dry run: Would remove duplicate: C:\Users\terti\OneDrive\pdf\Invoice # 1096(3)_1.pdf [FileDeduplicator.py:105]
2025-06-05 17:26:23,642 - file_manager - INFO - Dry run: Would remove duplicate: C:\Users\terti\OneDrive\pdf\Invoice # 1096(3)_2.pdf [FileDeduplicator.py:105]
2025-06-05 17:26:23,642 - file_manager - INFO - Dry run: Would remove duplicate: C:\Users\terti\OneDrive\pdf\Invoice # 1096.pdf [FileDeduplicator.py:105]
2025-06-05 17:26:23,642 - file_manager - INFO - Dry run: Would remove duplicate: C:\Users\terti\OneDrive\pdf\Invoice # 1096_1.pdf [FileDeduplicator.py:105]
2025-06-05 17:26:23,642 - file_manager - INFO - Dry run: Would remove duplicate: C:\Users\terti\OneDrive\pdf\Invoice # 1096_2.pdf [FileDeduplicator.py:105]
2025-06-05 17:26:23,642 - file_manager - INFO - Dry run: Would remove duplicate: C:\Users\terti\OneDrive\pdf\Invoice (2)_1.pdf [FileDeduplicator.py:105]
2025-06-05 17:26:23,642 - file_manager - INFO - Dry run: Would remove duplicate: C:\Users\terti\OneDrive\pdf\Invoice 0000001_1.pdf [FileDeduplicator.py:105]
2025-06-05 17:26:23,642 - file_manager - INFO - Dry run: Would remove duplicate: C:\Users\terti\OneDrive\pdf\Invoice INV-0137(1).pdf [FileDeduplicator.py:105]
2025-06-05 17:26:23,642 - file_manager - INFO - Dry run: Would remove duplicate: C:\Users\terti\OneDrive\pdf\Invoice INV-0137(1)_1.pdf [FileDeduplicator.py:105]
2025-06-05 17:26:23,642 - file_manager - INFO - Dry run: Would remove duplicate: C:\Users\terti\OneDrive\pdf\Invoice INV-0137.pdf [FileDeduplicator.py:105]
2025-06-05 17:26:23,642 - file_manager - INFO - Dry run: Would remove duplicate: C:\Users\terti\OneDrive\pdf\Invoice INV-0137_1.pdf [FileDeduplicator.py:105]
2025-06-05 17:26:23,643 - file_manager - INFO - Dry run: Would remove duplicate: C:\Users\terti\OneDrive\pdf\Invoice INV-0185 (2).pdf [FileDeduplicator.py:105]
2025-06-05 17:26:23,643 - file_manager - INFO - Dry run: Would remove duplicate: C:\Users\terti\OneDrive\pdf\Invoice INV-0185 (3).pdf [FileDeduplicator.py:105]
2025-06-05 17:26:23,643 - file_manager - INFO - Dry run: Would remove duplicate: C:\Users\terti\OneDrive\pdf\Invoice INV-0185 (4).pdf [FileDeduplicator.py:105]
2025-06-05 17:26:23,643 - file_manager - INFO - Dry run: Would remove duplicate: C:\Users\terti\OneDrive\pdf\Invoice INV-0185 (5).pdf [FileDeduplicator.py:105]
2025-06-05 17:26:23,643 - file_manager - INFO - Dry run: Would remove duplicate: C:\Users\terti\OneDrive\pdf\Invoice INV-0185(1).pdf [FileDeduplicator.py:105]
2025-06-05 17:26:23,643 - file_manager - INFO - Dry run: Would remove duplicate: C:\Users\terti\OneDrive\pdf\Invoice INV-0185(2).pdf [FileDeduplicator.py:105]
2025-06-05 17:26:23,643 - file_manager - INFO - Dry run: Would remove duplicate: C:\Users\terti\OneDrive\pdf\Invoice INV-0185(3).pdf [FileDeduplicator.py:105]
2025-06-05 17:26:23,643 - file_manager - INFO - Dry run: Would remove duplicate: C:\Users\terti\OneDrive\pdf\Invoice INV-0185(4).pdf [FileDeduplicator.py:105]
2025-06-05 17:26:23,643 - file_manager - INFO - Dry run: Would remove duplicate: C:\Users\terti\OneDrive\pdf\Invoice INV-0185(5).pdf [FileDeduplicator.py:105]
2025-06-05 17:26:23,643 - file_manager - INFO - Dry run: Would remove duplicate: C:\Users\terti\OneDrive\pdf\Invoice INV-0185.pdf [FileDeduplicator.py:105]
2025-06-05 17:26:23,643 - file_manager - INFO - Dry run: Would remove duplicate: C:\Users\terti\OneDrive\pdf\Invoice INV-0185_1.pdf [FileDeduplicator.py:105]
2025-06-05 17:26:23,643 - file_manager - INFO - Dry run: Would remove duplicate: C:\Users\terti\OneDrive\pdf\Invoice INV-0186 (1)_1.pdf [FileDeduplicator.py:105]
2025-06-05 17:26:23,643 - file_manager - INFO - Dry run: Would remove duplicate: C:\Users\terti\OneDrive\pdf\Invoice INV-0186 1.pdf [FileDeduplicator.py:105]
2025-06-05 17:26:23,643 - file_manager - INFO - Dry run: Would remove duplicate: C:\Users\terti\OneDrive\pdf\Invoice INV-0186 1_1.pdf [FileDeduplicator.py:105]
2025-06-05 17:26:23,643 - file_manager - INFO - Dry run: Would remove duplicate: C:\Users\terti\OneDrive\pdf\Invoice INV-0186 2.pdf [FileDeduplicator.py:105]
2025-06-05 17:26:23,657 - file_manager - INFO - Dry run: Would remove duplicate: C:\Users\terti\OneDrive\pdf\Invoice INV-0186 2_1.pdf [FileDeduplicator.py:105]
2025-06-05 17:26:23,657 - file_manager - INFO - Dry run: Would remove duplicate: C:\Users\terti\OneDrive\pdf\Invoice INV-0186 3.pdf [FileDeduplicator.py:105]
2025-06-05 17:26:23,657 - file_manager - INFO - Dry run: Would remove duplicate: C:\Users\terti\OneDrive\pdf\Invoice INV-0186 3_1.pdf [FileDeduplicator.py:105]
2025-06-05 17:26:23,657 - file_manager - INFO - Dry run: Would remove duplicate: C:\Users\terti\OneDrive\pdf\Invoice INV-0186 4.pdf [FileDeduplicator.py:105]
2025-06-05 17:26:23,657 - file_manager - INFO - Dry run: Would remove duplicate: C:\Users\terti\OneDrive\pdf\Invoice INV-0186 4_1.pdf [FileDeduplicator.py:105]
2025-06-05 17:26:23,657 - file_manager - INFO - Dry run: Would remove duplicate: C:\Users\terti\OneDrive\pdf\Invoice INV-0186.pdf [FileDeduplicator.py:105]
2025-06-05 17:26:23,657 - file_manager - INFO - Dry run: Would remove duplicate: C:\Users\terti\OneDrive\pdf\Invoice INV-0186_1.pdf [FileDeduplicator.py:105]
2025-06-05 17:26:23,657 - file_manager - INFO - Dry run: Would remove duplicate: C:\Users\terti\OneDrive\pdf\Invoice INV-0187 1_1.pdf [FileDeduplicator.py:105]
2025-06-05 17:26:23,657 - file_manager - INFO - Dry run: Would remove duplicate: C:\Users\terti\OneDrive\pdf\Invoice INV-0187 2.pdf [FileDeduplicator.py:105]
2025-06-05 17:26:23,657 - file_manager - INFO - Dry run: Would remove duplicate: C:\Users\terti\OneDrive\pdf\Invoice INV-0187 2_1.pdf [FileDeduplicator.py:105]
2025-06-05 17:26:23,657 - file_manager - INFO - Dry run: Would remove duplicate: C:\Users\terti\OneDrive\pdf\Invoice INV-0187.pdf [FileDeduplicator.py:105]
2025-06-05 17:26:23,657 - file_manager - INFO - Dry run: Would remove duplicate: C:\Users\terti\OneDrive\pdf\Invoice INV-0187_1.pdf [FileDeduplicator.py:105]
2025-06-05 17:26:23,657 - file_manager - INFO - Dry run: Would remove duplicate: C:\Users\terti\OneDrive\pdf\Invoice INV-0188 1_1.pdf [FileDeduplicator.py:105]
2025-06-05 17:26:23,658 - file_manager - INFO - Dry run: Would remove duplicate: C:\Users\terti\OneDrive\pdf\Invoice INV-0188 2.pdf [FileDeduplicator.py:105]
2025-06-05 17:26:23,658 - file_manager - INFO - Dry run: Would remove duplicate: C:\Users\terti\OneDrive\pdf\Invoice INV-0188 2_1.pdf [FileDeduplicator.py:105]
2025-06-05 17:26:23,658 - file_manager - INFO - Dry run: Would remove duplicate: C:\Users\terti\OneDrive\pdf\Invoice INV-0188.pdf [FileDeduplicator.py:105]
2025-06-05 17:26:23,658 - file_manager - INFO - Dry run: Would remove duplicate: C:\Users\terti\OneDrive\pdf\Invoice INV-0188_1.pdf [FileDeduplicator.py:105]
2025-06-05 17:26:23,658 - file_manager - INFO - Dry run: Would remove duplicate: C:\Users\terti\OneDrive\pdf\Invoice INV-0189 1_1.pdf [FileDeduplicator.py:105]
2025-06-05 17:26:23,658 - file_manager - INFO - Dry run: Would remove duplicate: C:\Users\terti\OneDrive\pdf\Invoice INV-0189 2.pdf [FileDeduplicator.py:105]
2025-06-05 17:26:23,658 - file_manager - INFO - Dry run: Would remove duplicate: C:\Users\terti\OneDrive\pdf\Invoice INV-0189 2_1.pdf [FileDeduplicator.py:105]
2025-06-05 17:26:23,658 - file_manager - INFO - Dry run: Would remove duplicate: C:\Users\terti\OneDrive\pdf\Invoice INV-0189 3.pdf [FileDeduplicator.py:105]
2025-06-05 17:26:23,658 - file_manager - INFO - Dry run: Would remove duplicate: C:\Users\terti\OneDrive\pdf\Invoice INV-0189 3_1.pdf [FileDeduplicator.py:105]
2025-06-05 17:26:23,658 - file_manager - INFO - Dry run: Would remove duplicate: C:\Users\terti\OneDrive\pdf\Invoice INV-0189 4.pdf [FileDeduplicator.py:105]
2025-06-05 17:26:23,658 - file_manager - INFO - Dry run: Would remove duplicate: C:\Users\terti\OneDrive\pdf\Invoice INV-0189 4_1.pdf [FileDeduplicator.py:105]
2025-06-05 17:26:23,658 - file_manager - INFO - Dry run: Would remove duplicate: C:\Users\terti\OneDrive\pdf\Invoice INV-0189 5.pdf [FileDeduplicator.py:105]
2025-06-05 17:26:23,658 - file_manager - INFO - Dry run: Would remove duplicate: C:\Users\terti\OneDrive\pdf\Invoice INV-0189 5_1.pdf [FileDeduplicator.py:105]
2025-06-05 17:26:23,672 - file_manager - INFO - Dry run: Would remove duplicate: C:\Users\terti\OneDrive\pdf\Invoice INV-0189.pdf [FileDeduplicator.py:105]
2025-06-05 17:26:23,673 - file_manager - INFO - Dry run: Would remove duplicate: C:\Users\terti\OneDrive\pdf\Invoice INV-0189_1.pdf [FileDeduplicator.py:105]
2025-06-05 17:26:23,673 - file_manager - INFO - Dry run: Would remove duplicate: C:\Users\terti\OneDrive\pdf\Invoice INV-0190 1_1.pdf [FileDeduplicator.py:105]
2025-06-05 17:26:23,673 - file_manager - INFO - Dry run: Would remove duplicate: C:\Users\terti\OneDrive\pdf\Invoice INV-0190 2.pdf [FileDeduplicator.py:105]
2025-06-05 17:26:23,673 - file_manager - INFO - Dry run: Would remove duplicate: C:\Users\terti\OneDrive\pdf\Invoice INV-0190 2_1.pdf [FileDeduplicator.py:105]
2025-06-05 17:26:23,673 - file_manager - INFO - Dry run: Would remove duplicate: C:\Users\terti\OneDrive\pdf\Invoice INV-0190 3.pdf [FileDeduplicator.py:105]
2025-06-05 17:26:23,673 - file_manager - INFO - Dry run: Would remove duplicate: C:\Users\terti\OneDrive\pdf\Invoice INV-0190 3_1.pdf [FileDeduplicator.py:105]
2025-06-05 17:26:23,673 - file_manager - INFO - Dry run: Would remove duplicate: C:\Users\terti\OneDrive\pdf\Invoice INV-0190 4.pdf [FileDeduplicator.py:105]
2025-06-05 17:26:23,673 - file_manager - INFO - Dry run: Would remove duplicate: C:\Users\terti\OneDrive\pdf\Invoice INV-0190 4_1.pdf [FileDeduplicator.py:105]
2025-06-05 17:26:23,673 - file_manager - INFO - Dry run: Would remove duplicate: C:\Users\terti\OneDrive\pdf\Invoice INV-0190.pdf [FileDeduplicator.py:105]
2025-06-05 17:26:23,673 - file_manager - INFO - Dry run: Would remove duplicate: C:\Users\terti\OneDrive\pdf\Invoice INV-0190_1.pdf [FileDeduplicator.py:105]
2025-06-05 17:26:23,673 - file_manager - INFO - Dry run: Would remove duplicate: C:\Users\terti\OneDrive\pdf\Invoice INV-0192 1_1.pdf [FileDeduplicator.py:105]
2025-06-05 17:26:23,673 - file_manager - INFO - Dry run: Would remove duplicate: C:\Users\terti\OneDrive\pdf\Invoice INV-0192 2.pdf [FileDeduplicator.py:105]
2025-06-05 17:26:23,673 - file_manager - INFO - Dry run: Would remove duplicate: C:\Users\terti\OneDrive\pdf\Invoice INV-0192 2_1.pdf [FileDeduplicator.py:105]
2025-06-05 17:26:23,673 - file_manager - INFO - Dry run: Would remove duplicate: C:\Users\terti\OneDrive\pdf\Invoice INV-0192 3.pdf [FileDeduplicator.py:105]
2025-06-05 17:26:23,673 - file_manager - INFO - Dry run: Would remove duplicate: C:\Users\terti\OneDrive\pdf\Invoice INV-0192 3_1.pdf [FileDeduplicator.py:105]
2025-06-05 17:26:23,673 - file_manager - INFO - Dry run: Would remove duplicate: C:\Users\terti\OneDrive\pdf\Invoice INV-0192 4.pdf [FileDeduplicator.py:105]
2025-06-05 17:26:23,673 - file_manager - INFO - Dry run: Would remove duplicate: C:\Users\terti\OneDrive\pdf\Invoice INV-0192 4_1.pdf [FileDeduplicator.py:105]
2025-06-05 17:26:23,673 - file_manager - INFO - Dry run: Would remove duplicate: C:\Users\terti\OneDrive\pdf\Invoice INV-0192 5.pdf [FileDeduplicator.py:105]
2025-06-05 17:26:23,673 - file_manager - INFO - Dry run: Would remove duplicate: C:\Users\terti\OneDrive\pdf\Invoice INV-0192 5_1.pdf [FileDeduplicator.py:105]
2025-06-05 17:26:23,673 - file_manager - INFO - Dry run: Would remove duplicate: C:\Users\terti\OneDrive\pdf\Invoice INV-0192.pdf [FileDeduplicator.py:105]
2025-06-05 17:26:23,673 - file_manager - INFO - Dry run: Would remove duplicate: C:\Users\terti\OneDrive\pdf\Invoice INV-0192_1.pdf [FileDeduplicator.py:105]
2025-06-05 17:26:23,674 - file_manager - INFO - Dry run: Would remove duplicate: C:\Users\terti\OneDrive\pdf\Invoice(1).pdf [FileDeduplicator.py:105]
2025-06-05 17:26:23,674 - file_manager - INFO - Dry run: Would remove duplicate: C:\Users\terti\OneDrive\pdf\Invoice(2).pdf [FileDeduplicator.py:105]
2025-06-05 17:26:23,674 - file_manager - INFO - Dry run: Would remove duplicate: C:\Users\terti\OneDrive\pdf\Invoice-0000059_1.pdf [FileDeduplicator.py:105]
2025-06-05 17:26:23,674 - file_manager - INFO - Dry run: Would remove duplicate: C:\Users\terti\OneDrive\pdf\Invoice-0000059_2.pdf [FileDeduplicator.py:105]
2025-06-05 17:26:23,687 - file_manager - INFO - Dry run: Would remove duplicate: C:\Users\terti\OneDrive\pdf\Invoice-I222174-2017-07-26_1.pdf [FileDeduplicator.py:105]
2025-06-05 17:26:23,687 - file_manager - INFO - Dry run: Would remove duplicate: C:\Users\terti\OneDrive\pdf\Invoice-I222174-2017-07-26_1_1.pdf [FileDeduplicator.py:105]
2025-06-05 17:26:23,688 - file_manager - INFO - Dry run: Would remove duplicate: C:\Users\terti\OneDrive\pdf\Invoice-I222174-2017-07-26_2.pdf [FileDeduplicator.py:105]
2025-06-05 17:26:23,688 - file_manager - INFO - Dry run: Would remove duplicate: C:\Users\terti\OneDrive\pdf\Invoice-IAB8693179-2017-03-25 (2).pdf [FileDeduplicator.py:105]
2025-06-05 17:26:23,688 - file_manager - INFO - Dry run: Would remove duplicate: C:\Users\terti\OneDrive\pdf\Invoice-IAB8693179-2017-03-25(1).pdf [FileDeduplicator.py:105]
2025-06-05 17:26:23,688 - file_manager - INFO - Dry run: Would remove duplicate: C:\Users\terti\OneDrive\pdf\Invoice-IAB8693179-2017-03-25(2).pdf [FileDeduplicator.py:105]
2025-06-05 17:26:23,688 - file_manager - INFO - Dry run: Would remove duplicate: C:\Users\terti\OneDrive\pdf\Invoice-IAB8693179-2017-03-25.pdf [FileDeduplicator.py:105]
2025-06-05 17:26:23,688 - file_manager - INFO - Dry run: Would remove duplicate: C:\Users\terti\OneDrive\pdf\Invoice-IAB8693179-2017-03-25_1.pdf [FileDeduplicator.py:105]
2025-06-05 17:26:23,688 - file_manager - INFO - Dry run: Would remove duplicate: C:\Users\terti\OneDrive\pdf\Invoice-IAB8829560-2017-04-25 1_1.pdf [FileDeduplicator.py:105]
2025-06-05 17:26:23,688 - file_manager - INFO - Dry run: Would remove duplicate: C:\Users\terti\OneDrive\pdf\Invoice-IAB8829560-2017-04-25 2.pdf [FileDeduplicator.py:105]
2025-06-05 17:26:23,688 - file_manager - INFO - Dry run: Would remove duplicate: C:\Users\terti\OneDrive\pdf\Invoice-IAB8829560-2017-04-25 2_1.pdf [FileDeduplicator.py:105]
2025-06-05 17:26:23,688 - file_manager - INFO - Dry run: Would remove duplicate: C:\Users\terti\OneDrive\pdf\Invoice-IAB8829560-2017-04-25.pdf [FileDeduplicator.py:105]
2025-06-05 17:26:23,688 - file_manager - INFO - Dry run: Would remove duplicate: C:\Users\terti\OneDrive\pdf\Invoice-IAB8829560-2017-04-25_1.pdf [FileDeduplicator.py:105]
2025-06-05 17:26:23,689 - file_manager - INFO - Dry run: Would remove duplicate: C:\Users\terti\OneDrive\pdf\Invoice-IAB8973976-2017-05-24 1_1.pdf [FileDeduplicator.py:105]
2025-06-05 17:26:23,689 - file_manager - INFO - Dry run: Would remove duplicate: C:\Users\terti\OneDrive\pdf\Invoice-IAB8973976-2017-05-24 2.pdf [FileDeduplicator.py:105]
2025-06-05 17:26:23,689 - file_manager - INFO - Dry run: Would remove duplicate: C:\Users\terti\OneDrive\pdf\Invoice-IAB8973976-2017-05-24 2_1.pdf [FileDeduplicator.py:105]
2025-06-05 17:26:23,689 - file_manager - INFO - Dry run: Would remove duplicate: C:\Users\terti\OneDrive\pdf\Invoice-IAB8973976-2017-05-24.pdf [FileDeduplicator.py:105]
2025-06-05 17:26:23,689 - file_manager - INFO - Dry run: Would remove duplicate: C:\Users\terti\OneDrive\pdf\Invoice-IAB8973976-2017-05-24_1.pdf [FileDeduplicator.py:105]
2025-06-05 17:26:23,689 - file_manager - INFO - Dry run: Would remove duplicate: C:\Users\terti\OneDrive\pdf\Invoice-IAB9123626-2017-06-24 (2).pdf [FileDeduplicator.py:105]
2025-06-05 17:26:23,689 - file_manager - INFO - Dry run: Would remove duplicate: C:\Users\terti\OneDrive\pdf\Invoice-IAB9123626-2017-06-24(1).pdf [FileDeduplicator.py:105]
2025-06-05 17:26:23,689 - file_manager - INFO - Dry run: Would remove duplicate: C:\Users\terti\OneDrive\pdf\Invoice-IAB9123626-2017-06-24(2).pdf [FileDeduplicator.py:105]
2025-06-05 17:26:23,689 - file_manager - INFO - Dry run: Would remove duplicate: C:\Users\terti\OneDrive\pdf\Invoice-IAB9123626-2017-06-24.pdf [FileDeduplicator.py:105]
2025-06-05 17:26:23,689 - file_manager - INFO - Dry run: Would remove duplicate: C:\Users\terti\OneDrive\pdf\Invoice-IAB9123626-2017-06-24_1.pdf [FileDeduplicator.py:105]
2025-06-05 17:26:23,689 - file_manager - INFO - Dry run: Would remove duplicate: C:\Users\terti\OneDrive\pdf\Invoice-IAB9123626-2017-07-25 1_1.pdf [FileDeduplicator.py:105]
2025-06-05 17:26:23,703 - file_manager - INFO - Dry run: Would remove duplicate: C:\Users\terti\OneDrive\pdf\Invoice-IAB9123626-2017-07-25 2.pdf [FileDeduplicator.py:105]
2025-06-05 17:26:23,703 - file_manager - INFO - Dry run: Would remove duplicate: C:\Users\terti\OneDrive\pdf\Invoice-IAB9123626-2017-07-25 2_1.pdf [FileDeduplicator.py:105]
2025-06-05 17:26:23,703 - file_manager - INFO - Dry run: Would remove duplicate: C:\Users\terti\OneDrive\pdf\Invoice-IAB9123626-2017-07-25.pdf [FileDeduplicator.py:105]
2025-06-05 17:26:23,703 - file_manager - INFO - Dry run: Would remove duplicate: C:\Users\terti\OneDrive\pdf\Invoice-IAB9123626-2017-07-25_1.pdf [FileDeduplicator.py:105]
2025-06-05 17:26:23,703 - file_manager - INFO - Dry run: Would remove duplicate: C:\Users\terti\OneDrive\pdf\Invoice-IAB9270670-2017-07-24 1_1.pdf [FileDeduplicator.py:105]
2025-06-05 17:26:23,704 - file_manager - INFO - Dry run: Would remove duplicate: C:\Users\terti\OneDrive\pdf\Invoice-IAB9270670-2017-07-24.pdf [FileDeduplicator.py:105]
2025-06-05 17:26:23,704 - file_manager - INFO - Dry run: Would remove duplicate: C:\Users\terti\OneDrive\pdf\Invoice-IAB9270670-2017-07-24_1.pdf [FileDeduplicator.py:105]
2025-06-05 17:26:23,704 - file_manager - INFO - Dry run: Would remove duplicate: C:\Users\terti\OneDrive\pdf\Invoice-X0.pdf [FileDeduplicator.py:105]
2025-06-05 17:26:23,704 - file_manager - INFO - Dry run: Would remove duplicate: C:\Users\terti\OneDrive\pdf\Invoice290319_1.pdf [FileDeduplicator.py:105]
2025-06-05 17:26:23,704 - file_manager - INFO - Dry run: Would remove duplicate: C:\Users\terti\OneDrive\pdf\Invoice_.pdf [FileDeduplicator.py:105]
2025-06-05 17:26:23,704 - file_manager - INFO - Dry run: Would remove duplicate: C:\Users\terti\OneDrive\pdf\Invoice_1.pdf [FileDeduplicator.py:105]
2025-06-05 17:26:23,704 - file_manager - INFO - Dry run: Would remove duplicate: C:\Users\terti\OneDrive\pdf\Invoice_202010_1.pdf [FileDeduplicator.py:105]
2025-06-05 17:26:23,704 - file_manager - INFO - Dry run: Would remove duplicate: C:\Users\terti\OneDrive\pdf\Invoice_202011_1.pdf [FileDeduplicator.py:105]
2025-06-05 17:26:23,704 - file_manager - INFO - Dry run: Would remove duplicate: C:\Users\terti\OneDrive\pdf\Invoice_202011_2.pdf [FileDeduplicator.py:105]
2025-06-05 17:26:23,704 - file_manager - INFO - Dry run: Would remove duplicate: C:\Users\terti\OneDrive\pdf\Invoice_203166989 (1).pdf [FileDeduplicator.py:105]
2025-06-05 17:26:23,704 - file_manager - INFO - Dry run: Would remove duplicate: C:\Users\terti\OneDrive\pdf\Invoice_INV-0162.pdf [FileDeduplicator.py:105]
2025-06-05 17:26:23,704 - file_manager - INFO - Dry run: Would remove duplicate: C:\Users\terti\OneDrive\pdf\Invoice_Quote_1-6D3Q-3327_1-24260147729974 1_1.pdf [FileDeduplicator.py:105]
2025-06-05 17:26:23,704 - file_manager - INFO - Dry run: Would remove duplicate: C:\Users\terti\OneDrive\pdf\Invoice_Quote_1-6D3Q-3327_1-24260147729974 2.pdf [FileDeduplicator.py:105]
2025-06-05 17:26:23,704 - file_manager - INFO - Dry run: Would remove duplicate: C:\Users\terti\OneDrive\pdf\Invoice_Quote_1-6D3Q-3327_1-24260147729974 2_1.pdf [FileDeduplicator.py:105]
2025-06-05 17:26:23,705 - file_manager - INFO - Dry run: Would remove duplicate: C:\Users\terti\OneDrive\pdf\Invoice_Quote_1-6D3Q-3327_1-24260147729974.pdf [FileDeduplicator.py:105]
2025-06-05 17:26:23,705 - file_manager - INFO - Dry run: Would remove duplicate: C:\Users\terti\OneDrive\pdf\Invoice_Quote_1-6D3Q-3327_1-24260147729974_1.pdf [FileDeduplicator.py:105]
2025-06-05 17:26:23,705 - file_manager - INFO - Dry run: Would remove duplicate: C:\Users\terti\OneDrive\pdf\Invoice_TG0000003_202012_1.pdf [FileDeduplicator.py:105]
2025-06-05 17:26:23,705 - file_manager - INFO - Dry run: Would remove duplicate: C:\Users\terti\OneDrive\pdf\Invoice__1.pdf [FileDeduplicator.py:105]
2025-06-05 17:26:23,705 - file_manager - INFO - Dry run: Would remove duplicate: C:\Users\terti\OneDrive\pdf\Invoice__1_1.pdf [FileDeduplicator.py:105]
2025-06-05 17:26:23,705 - file_manager - INFO - Dry run: Would remove duplicate: C:\Users\terti\OneDrive\pdf\Invoice__2.pdf [FileDeduplicator.py:105]
2025-06-05 17:26:23,718 - file_manager - INFO - Dry run: Would remove duplicate: C:\Users\terti\OneDrive\pdf\Inv_7404_from_Camira_Group_9440.pdf [FileDeduplicator.py:105]
2025-06-05 17:26:23,718 - file_manager - INFO - Dry run: Would remove duplicate: C:\Users\terti\OneDrive\pdf\ISU_PDF_GEN_1_Email 10_1.pdf [FileDeduplicator.py:105]
2025-06-05 17:26:23,719 - file_manager - INFO - Dry run: Would remove duplicate: C:\Users\terti\OneDrive\pdf\ISU_PDF_GEN_1_Email 11_1.pdf [FileDeduplicator.py:105]
2025-06-05 17:26:23,719 - file_manager - INFO - Dry run: Would remove duplicate: C:\Users\terti\OneDrive\pdf\ISU_PDF_GEN_1_Email 12.pdf [FileDeduplicator.py:105]
2025-06-05 17:26:23,719 - file_manager - INFO - Dry run: Would remove duplicate: C:\Users\terti\OneDrive\pdf\ISU_PDF_GEN_1_Email 12_1.pdf [FileDeduplicator.py:105]
2025-06-05 17:26:23,719 - file_manager - INFO - Dry run: Would remove duplicate: C:\Users\terti\OneDrive\pdf\ISU_PDF_GEN_1_Email 13_1.pdf [FileDeduplicator.py:105]
2025-06-05 17:26:23,719 - file_manager - INFO - Dry run: Would remove duplicate: C:\Users\terti\OneDrive\pdf\ISU_PDF_GEN_1_Email 14.pdf [FileDeduplicator.py:105]
2025-06-05 17:26:23,719 - file_manager - INFO - Dry run: Would remove duplicate: C:\Users\terti\OneDrive\pdf\ISU_PDF_GEN_1_Email 14_1.pdf [FileDeduplicator.py:105]
2025-06-05 17:26:23,719 - file_manager - INFO - Dry run: Would remove duplicate: C:\Users\terti\OneDrive\pdf\ISU_PDF_GEN_1_Email 1_1.pdf [FileDeduplicator.py:105]
2025-06-05 17:26:23,719 - file_manager - INFO - Dry run: Would remove duplicate: C:\Users\terti\OneDrive\pdf\ISU_PDF_GEN_1_Email 2.pdf [FileDeduplicator.py:105]
2025-06-05 17:26:23,719 - file_manager - INFO - Dry run: Would remove duplicate: C:\Users\terti\OneDrive\pdf\ISU_PDF_GEN_1_Email 2_1.pdf [FileDeduplicator.py:105]
2025-06-05 17:26:23,719 - file_manager - INFO - Dry run: Would remove duplicate: C:\Users\terti\OneDrive\pdf\ISU_PDF_GEN_1_Email 3_1.pdf [FileDeduplicator.py:105]
2025-06-05 17:26:23,719 - file_manager - INFO - Dry run: Would remove duplicate: C:\Users\terti\OneDrive\pdf\ISU_PDF_GEN_1_Email 4_1.pdf [FileDeduplicator.py:105]
2025-06-05 17:26:23,719 - file_manager - INFO - Dry run: Would remove duplicate: C:\Users\terti\OneDrive\pdf\ISU_PDF_GEN_1_Email 5.pdf [FileDeduplicator.py:105]
2025-06-05 17:26:23,719 - file_manager - INFO - Dry run: Would remove duplicate: C:\Users\terti\OneDrive\pdf\ISU_PDF_GEN_1_Email 5_1.pdf [FileDeduplicator.py:105]
2025-06-05 17:26:23,720 - file_manager - INFO - Dry run: Would remove duplicate: C:\Users\terti\OneDrive\pdf\ISU_PDF_GEN_1_Email 6.pdf [FileDeduplicator.py:105]
2025-06-05 17:26:23,720 - file_manager - INFO - Dry run: Would remove duplicate: C:\Users\terti\OneDrive\pdf\ISU_PDF_GEN_1_Email 6_1.pdf [FileDeduplicator.py:105]
2025-06-05 17:26:23,720 - file_manager - INFO - Dry run: Would remove duplicate: C:\Users\terti\OneDrive\pdf\ISU_PDF_GEN_1_Email 7.pdf [FileDeduplicator.py:105]
2025-06-05 17:26:23,720 - file_manager - INFO - Dry run: Would remove duplicate: C:\Users\terti\OneDrive\pdf\ISU_PDF_GEN_1_Email 7_1.pdf [FileDeduplicator.py:105]
2025-06-05 17:26:23,720 - file_manager - INFO - Dry run: Would remove duplicate: C:\Users\terti\OneDrive\pdf\ISU_PDF_GEN_1_Email 8.pdf [FileDeduplicator.py:105]
2025-06-05 17:26:23,720 - file_manager - INFO - Dry run: Would remove duplicate: C:\Users\terti\OneDrive\pdf\ISU_PDF_GEN_1_Email 8_1.pdf [FileDeduplicator.py:105]
2025-06-05 17:26:23,720 - file_manager - INFO - Dry run: Would remove duplicate: C:\Users\terti\OneDrive\pdf\ISU_PDF_GEN_1_Email 9.pdf [FileDeduplicator.py:105]
2025-06-05 17:26:23,720 - file_manager - INFO - Dry run: Would remove duplicate: C:\Users\terti\OneDrive\pdf\ISU_PDF_GEN_1_Email 9_1.pdf [FileDeduplicator.py:105]
2025-06-05 17:26:23,720 - file_manager - INFO - Dry run: Would remove duplicate: C:\Users\terti\OneDrive\pdf\ISU_PDF_GEN_1_Email(1)_1.pdf [FileDeduplicator.py:105]
2025-06-05 17:26:23,720 - file_manager - INFO - Dry run: Would remove duplicate: C:\Users\terti\OneDrive\pdf\ISU_PDF_GEN_1_Email(1)_2.pdf [FileDeduplicator.py:105]
2025-06-05 17:26:23,720 - file_manager - INFO - Dry run: Would remove duplicate: C:\Users\terti\OneDrive\pdf\ISU_PDF_GEN_1_Email_1.pdf [FileDeduplicator.py:105]
2025-06-05 17:26:23,733 - file_manager - INFO - Dry run: Would remove duplicate: C:\Users\terti\OneDrive\pdf\ISU_PDF_GEN_1_Email_1_1.pdf [FileDeduplicator.py:105]
2025-06-05 17:26:23,734 - file_manager - INFO - Dry run: Would remove duplicate: C:\Users\terti\OneDrive\pdf\ISU_PDF_GEN_1_Email_2.pdf [FileDeduplicator.py:105]
2025-06-05 17:26:23,734 - file_manager - INFO - Dry run: Would remove duplicate: C:\Users\terti\OneDrive\pdf\ISU_PDF_GEN_1_Email_3.pdf [FileDeduplicator.py:105]
2025-06-05 17:26:23,734 - file_manager - INFO - Dry run: Would remove duplicate: C:\Users\terti\OneDrive\pdf\ISU_PDF_GEN_1_Email_4.pdf [FileDeduplicator.py:105]
2025-06-05 17:26:23,734 - file_manager - INFO - Dry run: Would remove duplicate: C:\Users\terti\OneDrive\pdf\Itinerary_ Radisson Blu Gautrain Hotel Sandton Johannesburg, Sandton(1)_1.pdf [FileDeduplicator.py:105]
2025-06-05 17:26:23,734 - file_manager - INFO - Dry run: Would remove duplicate: C:\Users\terti\OneDrive\pdf\Itinerary_ Radisson Blu Gautrain Hotel Sandton Johannesburg, Sandton_1.pdf [FileDeduplicator.py:105]
2025-06-05 17:26:23,734 - file_manager - INFO - Dry run: Would remove duplicate: C:\Users\terti\OneDrive\pdf\itm-I0620189-4-0824995649-2017-03-03 (2).pdf [FileDeduplicator.py:105]
2025-06-05 17:26:23,734 - file_manager - INFO - Dry run: Would remove duplicate: C:\Users\terti\OneDrive\pdf\itm-I0620189-4-0824995649-2017-03-03(1).pdf [FileDeduplicator.py:105]
2025-06-05 17:26:23,734 - file_manager - INFO - Dry run: Would remove duplicate: C:\Users\terti\OneDrive\pdf\itm-I0620189-4-0824995649-2017-03-03(2).pdf [FileDeduplicator.py:105]
2025-06-05 17:26:23,734 - file_manager - INFO - Dry run: Would remove duplicate: C:\Users\terti\OneDrive\pdf\itm-I0620189-4-0824995649-2017-03-03.pdf [FileDeduplicator.py:105]
2025-06-05 17:26:23,734 - file_manager - INFO - Dry run: Would remove duplicate: C:\Users\terti\OneDrive\pdf\itm-I0620189-4-0824995649-2017-03-03_1.pdf [FileDeduplicator.py:105]
2025-06-05 17:26:23,734 - file_manager - INFO - Dry run: Would remove duplicate: C:\Users\terti\OneDrive\pdf\itm-I0620189-4-0824995649-2017-04-03 1_1.pdf [FileDeduplicator.py:105]
2025-06-05 17:26:23,734 - file_manager - INFO - Dry run: Would remove duplicate: C:\Users\terti\OneDrive\pdf\itm-I0620189-4-0824995649-2017-04-03.pdf [FileDeduplicator.py:105]
2025-06-05 17:26:23,735 - file_manager - INFO - Dry run: Would remove duplicate: C:\Users\terti\OneDrive\pdf\itm-I0620189-4-0824995649-2017-04-03_1.pdf [FileDeduplicator.py:105]
2025-06-05 17:26:23,735 - file_manager - INFO - Dry run: Would remove duplicate: C:\Users\terti\OneDrive\pdf\itm-I0620189-4-0824995649-2017-05-03_1.pdf [FileDeduplicator.py:105]
2025-06-05 17:26:23,735 - file_manager - INFO - Dry run: Would remove duplicate: C:\Users\terti\OneDrive\pdf\itm-I0620189-4-0824995649-2017-07-03_1.pdf [FileDeduplicator.py:105]
2025-06-05 17:26:23,735 - file_manager - INFO - Dry run: Would remove duplicate: C:\Users\terti\OneDrive\pdf\itm-I0620189-4-27824995649-2017-03-03 (2).pdf [FileDeduplicator.py:105]
2025-06-05 17:26:23,735 - file_manager - INFO - Dry run: Would remove duplicate: C:\Users\terti\OneDrive\pdf\itm-I0620189-4-27824995649-2017-03-03(1).pdf [FileDeduplicator.py:105]
2025-06-05 17:26:23,735 - file_manager - INFO - Dry run: Would remove duplicate: C:\Users\terti\OneDrive\pdf\itm-I0620189-4-27824995649-2017-03-03(2).pdf [FileDeduplicator.py:105]
2025-06-05 17:26:23,735 - file_manager - INFO - Dry run: Would remove duplicate: C:\Users\terti\OneDrive\pdf\itm-I0620189-4-27824995649-2017-03-03.pdf [FileDeduplicator.py:105]
2025-06-05 17:26:23,735 - file_manager - INFO - Dry run: Would remove duplicate: C:\Users\terti\OneDrive\pdf\itm-I0620189-4-27824995649-2017-03-03_1.pdf [FileDeduplicator.py:105]
2025-06-05 17:26:23,735 - file_manager - INFO - Dry run: Would remove duplicate: C:\Users\terti\OneDrive\pdf\itm-I0620189-4-27824995649-2017-04-03 1_1.pdf [FileDeduplicator.py:105]
2025-06-05 17:26:23,735 - file_manager - INFO - Dry run: Would remove duplicate: C:\Users\terti\OneDrive\pdf\itm-I0620189-4-27824995649-2017-04-03.pdf [FileDeduplicator.py:105]
2025-06-05 17:26:23,749 - file_manager - INFO - Dry run: Would remove duplicate: C:\Users\terti\OneDrive\pdf\itm-I0620189-4-27824995649-2017-04-03_1.pdf [FileDeduplicator.py:105]
2025-06-05 17:26:23,749 - file_manager - INFO - Dry run: Would remove duplicate: C:\Users\terti\OneDrive\pdf\itm-I0620189-4-27824995649-2017-05-03_1.pdf [FileDeduplicator.py:105]
2025-06-05 17:26:23,749 - file_manager - INFO - Dry run: Would remove duplicate: C:\Users\terti\OneDrive\pdf\itm-I0620189-4-27824995649-2017-07-03_1.pdf [FileDeduplicator.py:105]
2025-06-05 17:26:23,749 - file_manager - INFO - Dry run: Would remove duplicate: C:\Users\terti\OneDrive\pdf\itm-I0620189-4-27827789115-2017-03-03 (2).pdf [FileDeduplicator.py:105]
2025-06-05 17:26:23,749 - file_manager - INFO - Dry run: Would remove duplicate: C:\Users\terti\OneDrive\pdf\itm-I0620189-4-27827789115-2017-03-03(1).pdf [FileDeduplicator.py:105]
2025-06-05 17:26:23,749 - file_manager - INFO - Dry run: Would remove duplicate: C:\Users\terti\OneDrive\pdf\itm-I0620189-4-27827789115-2017-03-03(2).pdf [FileDeduplicator.py:105]
2025-06-05 17:26:23,749 - file_manager - INFO - Dry run: Would remove duplicate: C:\Users\terti\OneDrive\pdf\itm-I0620189-4-27827789115-2017-03-03.pdf [FileDeduplicator.py:105]
2025-06-05 17:26:23,749 - file_manager - INFO - Dry run: Would remove duplicate: C:\Users\terti\OneDrive\pdf\itm-I0620189-4-27827789115-2017-03-03_1.pdf [FileDeduplicator.py:105]
2025-06-05 17:26:23,749 - file_manager - INFO - Dry run: Would remove duplicate: C:\Users\terti\OneDrive\pdf\ITQBS - Calendar 2020 (With Cut Off Dates)_1.pdf [FileDeduplicator.py:105]
2025-06-05 17:26:23,749 - file_manager - INFO - Dry run: Would remove duplicate: C:\Users\terti\OneDrive\pdf\Java Printing_1.pdf [FileDeduplicator.py:105]
2025-06-05 17:26:23,749 - file_manager - INFO - Dry run: Would remove duplicate: C:\Users\terti\OneDrive\pdf\JC-1-2011-XML-Chapter_1.pdf [FileDeduplicator.py:105]
2025-06-05 17:26:23,749 - file_manager - INFO - Dry run: Would remove duplicate: C:\Users\terti\OneDrive\pdf\JD Analyst Developer- Andrew (1)_1.pdf [FileDeduplicator.py:105]
2025-06-05 17:26:23,749 - file_manager - INFO - Dry run: Would remove duplicate: C:\Users\terti\OneDrive\pdf\Job Boards_1.pdf [FileDeduplicator.py:105]
2025-06-05 17:26:23,749 - file_manager - INFO - Dry run: Would remove duplicate: C:\Users\terti\OneDrive\pdf\Job Search Master Plan_1.pdf [FileDeduplicator.py:105]
2025-06-05 17:26:23,749 - file_manager - INFO - Dry run: Would remove duplicate: C:\Users\terti\OneDrive\pdf\Job Search Resources_1.pdf [FileDeduplicator.py:105]
2025-06-05 17:26:23,749 - file_manager - INFO - Dry run: Would remove duplicate: C:\Users\terti\OneDrive\pdf\JOBSPEC.PDF [FileDeduplicator.py:105]
2025-06-05 17:26:23,749 - file_manager - INFO - Dry run: Would remove duplicate: C:\Users\terti\OneDrive\pdf\Johann Jordaan_1.pdf [FileDeduplicator.py:105]
2025-06-05 17:26:23,749 - file_manager - INFO - Dry run: Would remove duplicate: C:\Users\terti\OneDrive\pdf\JOItmC-07-00072-v2_1.pdf [FileDeduplicator.py:105]
2025-06-05 17:26:23,750 - file_manager - INFO - Dry run: Would remove duplicate: C:\Users\terti\OneDrive\pdf\JPR0001 1_1.pdf [FileDeduplicator.py:105]
2025-06-05 17:26:23,750 - file_manager - INFO - Dry run: Would remove duplicate: C:\Users\terti\OneDrive\pdf\JPR0001.pdf [FileDeduplicator.py:105]
2025-06-05 17:26:23,750 - file_manager - INFO - Dry run: Would remove duplicate: C:\Users\terti\OneDrive\pdf\JPR0001_1.pdf [FileDeduplicator.py:105]
2025-06-05 17:26:23,750 - file_manager - INFO - Dry run: Would remove duplicate: C:\Users\terti\OneDrive\pdf\JPR002 Thea G 1_1.pdf [FileDeduplicator.py:105]
2025-06-05 17:26:23,750 - file_manager - INFO - Dry run: Would remove duplicate: C:\Users\terti\OneDrive\pdf\JPR002 Thea G.pdf [FileDeduplicator.py:105]
2025-06-05 17:26:23,750 - file_manager - INFO - Dry run: Would remove duplicate: C:\Users\terti\OneDrive\pdf\JPR002 Thea G_1.pdf [FileDeduplicator.py:105]
2025-06-05 17:26:23,750 - file_manager - INFO - Dry run: Would remove duplicate: C:\Users\terti\OneDrive\pdf\June-2017 1_1.pdf [FileDeduplicator.py:105]
2025-06-05 17:26:23,764 - file_manager - INFO - Dry run: Would remove duplicate: C:\Users\terti\OneDrive\pdf\June-2017 2.pdf [FileDeduplicator.py:105]
2025-06-05 17:26:23,765 - file_manager - INFO - Dry run: Would remove duplicate: C:\Users\terti\OneDrive\pdf\June-2017 2_1.pdf [FileDeduplicator.py:105]
2025-06-05 17:26:23,765 - file_manager - INFO - Dry run: Would remove duplicate: C:\Users\terti\OneDrive\pdf\June-2017.pdf [FileDeduplicator.py:105]
2025-06-05 17:26:23,765 - file_manager - INFO - Dry run: Would remove duplicate: C:\Users\terti\OneDrive\pdf\June-2017_1.pdf [FileDeduplicator.py:105]
2025-06-05 17:26:23,765 - file_manager - INFO - Dry run: Would remove duplicate: C:\Users\terti\OneDrive\pdf\Juta Statement 2017-02-28_GELDENHUYS T PROFESSORAUTHOR_AFU817_011 {JT00428602} (2).pdf [FileDeduplicator.py:105]
2025-06-05 17:26:23,765 - file_manager - INFO - Dry run: Would remove duplicate: C:\Users\terti\OneDrive\pdf\Juta Statement 2017-02-28_GELDENHUYS T PROFESSORAUTHOR_AFU817_011 {JT00428602}(1).pdf [FileDeduplicator.py:105]
2025-06-05 17:26:23,765 - file_manager - INFO - Dry run: Would remove duplicate: C:\Users\terti\OneDrive\pdf\Juta Statement 2017-02-28_GELDENHUYS T PROFESSORAUTHOR_AFU817_011 {JT00428602}(2).pdf [FileDeduplicator.py:105]
2025-06-05 17:26:23,765 - file_manager - INFO - Dry run: Would remove duplicate: C:\Users\terti\OneDrive\pdf\Juta Statement 2017-02-28_GELDENHUYS T PROFESSORAUTHOR_AFU817_011 {JT00428602}.pdf [FileDeduplicator.py:105]
2025-06-05 17:26:23,765 - file_manager - INFO - Dry run: Would remove duplicate: C:\Users\terti\OneDrive\pdf\Juta Statement 2017-02-28_GELDENHUYS T PROFESSORAUTHOR_AFU817_011 {JT00428602}_1.pdf [FileDeduplicator.py:105]
2025-06-05 17:26:23,765 - file_manager - INFO - Dry run: Would remove duplicate: C:\Users\terti\OneDrive\pdf\Juta Statement 2017-03-31_GELDENHUYS T PROFESSORAUTHOR_AFU817_011 {JT00452587} 1_1.pdf [FileDeduplicator.py:105]
2025-06-05 17:26:23,765 - file_manager - INFO - Dry run: Would remove duplicate: C:\Users\terti\OneDrive\pdf\Juta Statement 2017-03-31_GELDENHUYS T PROFESSORAUTHOR_AFU817_011 {JT00452587} 2.pdf [FileDeduplicator.py:105]
2025-06-05 17:26:23,765 - file_manager - INFO - Dry run: Would remove duplicate: C:\Users\terti\OneDrive\pdf\Juta Statement 2017-03-31_GELDENHUYS T PROFESSORAUTHOR_AFU817_011 {JT00452587} 2_1.pdf [FileDeduplicator.py:105]
2025-06-05 17:26:23,765 - file_manager - INFO - Dry run: Would remove duplicate: C:\Users\terti\OneDrive\pdf\Juta Statement 2017-03-31_GELDENHUYS T PROFESSORAUTHOR_AFU817_011 {JT00452587} 3.pdf [FileDeduplicator.py:105]
2025-06-05 17:26:23,765 - file_manager - INFO - Dry run: Would remove duplicate: C:\Users\terti\OneDrive\pdf\Juta Statement 2017-03-31_GELDENHUYS T PROFESSORAUTHOR_AFU817_011 {JT00452587} 3_1.pdf [FileDeduplicator.py:105]
2025-06-05 17:26:23,765 - file_manager - INFO - Dry run: Would remove duplicate: C:\Users\terti\OneDrive\pdf\Juta Statement 2017-03-31_GELDENHUYS T PROFESSORAUTHOR_AFU817_011 {JT00452587} 4.pdf [FileDeduplicator.py:105]
2025-06-05 17:26:23,766 - file_manager - INFO - Dry run: Would remove duplicate: C:\Users\terti\OneDrive\pdf\Juta Statement 2017-03-31_GELDENHUYS T PROFESSORAUTHOR_AFU817_011 {JT00452587} 4_1.pdf [FileDeduplicator.py:105]
2025-06-05 17:26:23,766 - file_manager - INFO - Dry run: Would remove duplicate: C:\Users\terti\OneDrive\pdf\Juta Statement 2017-03-31_GELDENHUYS T PROFESSORAUTHOR_AFU817_011 {JT00452587}.pdf [FileDeduplicator.py:105]
2025-06-05 17:26:23,766 - file_manager - INFO - Dry run: Would remove duplicate: C:\Users\terti\OneDrive\pdf\Juta Statement 2017-03-31_GELDENHUYS T PROFESSORAUTHOR_AFU817_011 {JT00452587}_1.pdf [FileDeduplicator.py:105]
2025-06-05 17:26:23,766 - file_manager - INFO - Dry run: Would remove duplicate: C:\Users\terti\OneDrive\pdf\Juta Statement 2017-04-30_GELDENHUYS T PROFESSORAUTHOR_AFU817_011 {JT00473966} 1_1.pdf [FileDeduplicator.py:105]
2025-06-05 17:26:23,766 - file_manager - INFO - Dry run: Would remove duplicate: C:\Users\terti\OneDrive\pdf\Juta Statement 2017-04-30_GELDENHUYS T PROFESSORAUTHOR_AFU817_011 {JT00473966}.pdf [FileDeduplicator.py:105]
2025-06-05 17:26:23,780 - file_manager - INFO - Dry run: Would remove duplicate: C:\Users\terti\OneDrive\pdf\Juta Statement 2017-04-30_GELDENHUYS T PROFESSORAUTHOR_AFU817_011 {JT00473966}_1.pdf [FileDeduplicator.py:105]
2025-06-05 17:26:23,780 - file_manager - INFO - Dry run: Would remove duplicate: C:\Users\terti\OneDrive\pdf\Juta Statement 2017-06-30_GELDENHUYS T PROFESSORAUTHOR_AFU817_011 {JT00545287} 1_1.pdf [FileDeduplicator.py:105]
2025-06-05 17:26:23,780 - file_manager - INFO - Dry run: Would remove duplicate: C:\Users\terti\OneDrive\pdf\Juta Statement 2017-06-30_GELDENHUYS T PROFESSORAUTHOR_AFU817_011 {JT00545287}.pdf [FileDeduplicator.py:105]
2025-06-05 17:26:23,781 - file_manager - INFO - Dry run: Would remove duplicate: C:\Users\terti\OneDrive\pdf\Juta Statement 2017-06-30_GELDENHUYS T PROFESSORAUTHOR_AFU817_011 {JT00545287}_1.pdf [FileDeduplicator.py:105]
2025-06-05 17:26:23,781 - file_manager - INFO - Dry run: Would remove duplicate: C:\Users\terti\OneDrive\pdf\Juta Statement 2017-07-31_GELDENHUYS T PROFESSORAUTHOR_AFU817_011 {JT00566012} 1_1.pdf [FileDeduplicator.py:105]
2025-06-05 17:26:23,781 - file_manager - INFO - Dry run: Would remove duplicate: C:\Users\terti\OneDrive\pdf\Juta Statement 2017-07-31_GELDENHUYS T PROFESSORAUTHOR_AFU817_011 {JT00566012} 2.pdf [FileDeduplicator.py:105]
2025-06-05 17:26:23,781 - file_manager - INFO - Dry run: Would remove duplicate: C:\Users\terti\OneDrive\pdf\Juta Statement 2017-07-31_GELDENHUYS T PROFESSORAUTHOR_AFU817_011 {JT00566012} 2_1.pdf [FileDeduplicator.py:105]
2025-06-05 17:26:23,781 - file_manager - INFO - Dry run: Would remove duplicate: C:\Users\terti\OneDrive\pdf\Juta Statement 2017-07-31_GELDENHUYS T PROFESSORAUTHOR_AFU817_011 {JT00566012}.pdf [FileDeduplicator.py:105]
2025-06-05 17:26:23,781 - file_manager - INFO - Dry run: Would remove duplicate: C:\Users\terti\OneDrive\pdf\Juta Statement 2017-07-31_GELDENHUYS T PROFESSORAUTHOR_AFU817_011 {JT00566012}_1.pdf [FileDeduplicator.py:105]
2025-06-05 17:26:23,781 - file_manager - INFO - Dry run: Would remove duplicate: C:\Users\terti\OneDrive\pdf\Juta Tax Invoice 2017-06-20_GELDENHUYS T PROFESSORAUTHOR_AFU817_16089254 {JT00523995} 1_1.pdf [FileDeduplicator.py:105]
2025-06-05 17:26:23,782 - file_manager - INFO - Dry run: Would remove duplicate: C:\Users\terti\OneDrive\pdf\Juta Tax Invoice 2017-06-20_GELDENHUYS T PROFESSORAUTHOR_AFU817_16089254 {JT00523995}.pdf [FileDeduplicator.py:105]
2025-06-05 17:26:23,782 - file_manager - INFO - Dry run: Would remove duplicate: C:\Users\terti\OneDrive\pdf\Juta Tax Invoice 2017-06-20_GELDENHUYS T PROFESSORAUTHOR_AFU817_16089254 {JT00523995}_1.pdf [FileDeduplicator.py:105]
2025-06-05 17:26:23,782 - file_manager - INFO - Dry run: Would remove duplicate: C:\Users\terti\OneDrive\pdf\Juta Tax Invoice 2017-06-27_GELDENHUYS T PROFESSORAUTHOR_AFU817_16101557 {JT00536948} 1_1.pdf [FileDeduplicator.py:105]
2025-06-05 17:26:23,782 - file_manager - INFO - Dry run: Would remove duplicate: C:\Users\terti\OneDrive\pdf\Juta Tax Invoice 2017-06-27_GELDENHUYS T PROFESSORAUTHOR_AFU817_16101557 {JT00536948}.pdf [FileDeduplicator.py:105]
2025-06-05 17:26:23,782 - file_manager - INFO - Dry run: Would remove duplicate: C:\Users\terti\OneDrive\pdf\Juta Tax Invoice 2017-06-27_GELDENHUYS T PROFESSORAUTHOR_AFU817_16101557 {JT00536948}_1.pdf [FileDeduplicator.py:105]
2025-06-05 17:26:23,782 - file_manager - INFO - Dry run: Would remove duplicate: C:\Users\terti\OneDrive\pdf\Kaha_Candidate Information Pack [June 2020]_1.pdf [FileDeduplicator.py:105]
2025-06-05 17:26:23,782 - file_manager - INFO - Dry run: Would remove duplicate: C:\Users\terti\OneDrive\pdf\KLIENT DIENSOOREENKOMS Steve & Roberta (2).pdf [FileDeduplicator.py:105]
2025-06-05 17:26:23,782 - file_manager - INFO - Dry run: Would remove duplicate: C:\Users\terti\OneDrive\pdf\KLIENT DIENSOOREENKOMS Steve & Roberta(1).pdf [FileDeduplicator.py:105]
2025-06-05 17:26:23,782 - file_manager - INFO - Dry run: Would remove duplicate: C:\Users\terti\OneDrive\pdf\KLIENT DIENSOOREENKOMS Steve & Roberta(2).pdf [FileDeduplicator.py:105]
2025-06-05 17:26:23,782 - file_manager - INFO - Dry run: Would remove duplicate: C:\Users\terti\OneDrive\pdf\KLIENT DIENSOOREENKOMS Steve & Roberta.pdf [FileDeduplicator.py:105]
2025-06-05 17:26:23,795 - file_manager - INFO - Dry run: Would remove duplicate: C:\Users\terti\OneDrive\pdf\KLIENT DIENSOOREENKOMS Steve & Roberta_1.pdf [FileDeduplicator.py:105]
2025-06-05 17:26:23,796 - file_manager - INFO - Dry run: Would remove duplicate: C:\Users\terti\OneDrive\pdf\LAF.v.1.2_1.pdf [FileDeduplicator.py:105]
2025-06-05 17:26:23,796 - file_manager - INFO - Dry run: Would remove duplicate: C:\Users\terti\OneDrive\pdf\Learn Python The Hard Way 3rd Edition V413HAV_1.pdf [FileDeduplicator.py:105]
2025-06-05 17:26:23,796 - file_manager - INFO - Dry run: Would remove duplicate: C:\Users\terti\OneDrive\pdf\level-7-ImmediatePaymentNotification.pdf [FileDeduplicator.py:105]
2025-06-05 17:26:23,796 - file_manager - INFO - Dry run: Would remove duplicate: C:\Users\terti\OneDrive\pdf\Linux-Commands-cheat-sheet-Red-Hat-Developer-2.pdf [FileDeduplicator.py:105]
2025-06-05 17:26:23,796 - file_manager - INFO - Dry run: Would remove duplicate: C:\Users\terti\OneDrive\pdf\Linux-Commands-cheat-sheet-Red-Hat-Developer.pdf [FileDeduplicator.py:105]
2025-06-05 17:26:23,796 - file_manager - INFO - Dry run: Would remove duplicate: C:\Users\terti\OneDrive\pdf\li_studenten_Playbook_eng(2).pdf [FileDeduplicator.py:105]
2025-06-05 17:26:23,796 - file_manager - INFO - Dry run: Would remove duplicate: C:\Users\terti\OneDrive\pdf\li_studenten_Playbook_eng.pdf [FileDeduplicator.py:105]
2025-06-05 17:26:23,796 - file_manager - INFO - Dry run: Would remove duplicate: C:\Users\terti\OneDrive\pdf\Loadshedding_1.pdf [FileDeduplicator.py:105]
2025-06-05 17:26:23,796 - file_manager - INFO - Dry run: Would remove duplicate: C:\Users\terti\OneDrive\pdf\Loyalty Gift Cards and Offers_1.pdf [FileDeduplicator.py:105]
2025-06-05 17:26:23,797 - file_manager - INFO - Dry run: Would remove duplicate: C:\Users\terti\OneDrive\pdf\Loyalty Gift Cards and Offers_2.pdf [FileDeduplicator.py:105]
2025-06-05 17:26:23,797 - file_manager - INFO - Dry run: Would remove duplicate: C:\Users\terti\OneDrive\pdf\lu-are-central-bank-digital-currencies_1.pdf [FileDeduplicator.py:105]
2025-06-05 17:26:23,797 - file_manager - INFO - Dry run: Would remove duplicate: C:\Users\terti\OneDrive\pdf\Make Passive Income Programming — 5 Incomes for Software Developers _ by Grant Darling _ The Startup _ Nov, 2020 _ Medium (1)_1.pdf [FileDeduplicator.py:105]
2025-06-05 17:26:23,797 - file_manager - INFO - Dry run: Would remove duplicate: C:\Users\terti\OneDrive\pdf\Make Passive Income Programming — 5 Incomes for Software Developers _ by Grant Darling _ The Startup _ Nov, 2020 _ Medium.pdf [FileDeduplicator.py:105]
2025-06-05 17:26:23,797 - file_manager - INFO - Dry run: Would remove duplicate: C:\Users\terti\OneDrive\pdf\Make Passive Income Programming — 5 Incomes for Software Developers _ by Grant Darling _ The Startup _ Nov, 2020 _ Medium_1.pdf [FileDeduplicator.py:105]
2025-06-05 17:26:23,797 - file_manager - INFO - Dry run: Would remove duplicate: C:\Users\terti\OneDrive\pdf\Malete(1).pdf [FileDeduplicator.py:105]
2025-06-05 17:26:23,797 - file_manager - INFO - Dry run: Would remove duplicate: C:\Users\terti\OneDrive\pdf\Malete(1)_1_1.pdf [FileDeduplicator.py:105]
2025-06-05 17:26:23,797 - file_manager - INFO - Dry run: Would remove duplicate: C:\Users\terti\OneDrive\pdf\Malete(1)_2.pdf [FileDeduplicator.py:105]
2025-06-05 17:26:23,797 - file_manager - INFO - Dry run: Would remove duplicate: C:\Users\terti\OneDrive\pdf\Malete.pdf [FileDeduplicator.py:105]
2025-06-05 17:26:23,797 - file_manager - INFO - Dry run: Would remove duplicate: C:\Users\terti\OneDrive\pdf\Malete_1.pdf [FileDeduplicator.py:105]
2025-06-05 17:26:23,798 - file_manager - INFO - Dry run: Would remove duplicate: C:\Users\terti\OneDrive\pdf\Malete_1_1.pdf [FileDeduplicator.py:105]
2025-06-05 17:26:23,798 - file_manager - INFO - Dry run: Would remove duplicate: C:\Users\terti\OneDrive\pdf\Malete_2.pdf [FileDeduplicator.py:105]
2025-06-05 17:26:23,798 - file_manager - INFO - Dry run: Would remove duplicate: C:\Users\terti\OneDrive\pdf\Malete_3.pdf [FileDeduplicator.py:105]
2025-06-05 17:26:23,798 - file_manager - INFO - Dry run: Would remove duplicate: C:\Users\terti\OneDrive\pdf\Managers and Team Leaders Prep (1)(1)_1.pdf [FileDeduplicator.py:105]
2025-06-05 17:26:23,811 - file_manager - INFO - Dry run: Would remove duplicate: C:\Users\terti\OneDrive\pdf\Managers and Team Leaders Prep.pdf [FileDeduplicator.py:105]
2025-06-05 17:26:23,811 - file_manager - INFO - Dry run: Would remove duplicate: C:\Users\terti\OneDrive\pdf\Managers and Team Leaders Prep_1.pdf [FileDeduplicator.py:105]
2025-06-05 17:26:23,811 - file_manager - INFO - Dry run: Would remove duplicate: C:\Users\terti\OneDrive\pdf\Manjaro-User-Guide.pdf [FileDeduplicator.py:105]
2025-06-05 17:26:23,811 - file_manager - INFO - Dry run: Would remove duplicate: C:\Users\terti\OneDrive\pdf\March-2017 1_1.pdf [FileDeduplicator.py:105]
2025-06-05 17:26:23,811 - file_manager - INFO - Dry run: Would remove duplicate: C:\Users\terti\OneDrive\pdf\March-2017.pdf [FileDeduplicator.py:105]
2025-06-05 17:26:23,811 - file_manager - INFO - Dry run: Would remove duplicate: C:\Users\terti\OneDrive\pdf\March-2017_1.pdf [FileDeduplicator.py:105]
2025-06-05 17:26:23,811 - file_manager - INFO - Dry run: Would remove duplicate: C:\Users\terti\OneDrive\pdf\March-2017_1_1.pdf [FileDeduplicator.py:105]
2025-06-05 17:26:23,811 - file_manager - INFO - Dry run: Would remove duplicate: C:\Users\terti\OneDrive\pdf\March-2017_2.pdf [FileDeduplicator.py:105]
2025-06-05 17:26:23,811 - file_manager - INFO - Dry run: Would remove duplicate: C:\Users\terti\OneDrive\pdf\Matthew McNestry_1.pdf [FileDeduplicator.py:105]
2025-06-05 17:26:23,811 - file_manager - INFO - Dry run: Would remove duplicate: C:\Users\terti\OneDrive\pdf\May-2017 1_1.pdf [FileDeduplicator.py:105]
2025-06-05 17:26:23,811 - file_manager - INFO - Dry run: Would remove duplicate: C:\Users\terti\OneDrive\pdf\May-2017 2.pdf [FileDeduplicator.py:105]
2025-06-05 17:26:23,811 - file_manager - INFO - Dry run: Would remove duplicate: C:\Users\terti\OneDrive\pdf\May-2017 2_1.pdf [FileDeduplicator.py:105]
2025-06-05 17:26:23,811 - file_manager - INFO - Dry run: Would remove duplicate: C:\Users\terti\OneDrive\pdf\May-2017.pdf [FileDeduplicator.py:105]
2025-06-05 17:26:23,811 - file_manager - INFO - Dry run: Would remove duplicate: C:\Users\terti\OneDrive\pdf\May-2017_1.pdf [FileDeduplicator.py:105]
2025-06-05 17:26:23,812 - file_manager - INFO - Dry run: Would remove duplicate: C:\Users\terti\OneDrive\pdf\McDowell_ch11_Advanced Topics.pdf [FileDeduplicator.py:105]
2025-06-05 17:26:23,812 - file_manager - INFO - Dry run: Would remove duplicate: C:\Users\terti\OneDrive\pdf\McDowell_ch11_Advanced Topics_1.pdf [FileDeduplicator.py:105]
2025-06-05 17:26:23,812 - file_manager - INFO - Dry run: Would remove duplicate: C:\Users\terti\OneDrive\pdf\Media Kit 2021 Final_compressed _1.pdf [FileDeduplicator.py:105]
2025-06-05 17:26:23,812 - file_manager - INFO - Dry run: Would remove duplicate: C:\Users\terti\OneDrive\pdf\meinkampf(1)_1.pdf [FileDeduplicator.py:105]
2025-06-05 17:26:23,812 - file_manager - INFO - Dry run: Would remove duplicate: C:\Users\terti\OneDrive\pdf\meinkampf(1)_2.pdf [FileDeduplicator.py:105]
2025-06-05 17:26:23,812 - file_manager - INFO - Dry run: Would remove duplicate: C:\Users\terti\OneDrive\pdf\meinkampf_1.pdf [FileDeduplicator.py:105]
2025-06-05 17:26:23,812 - file_manager - INFO - Dry run: Would remove duplicate: C:\Users\terti\OneDrive\pdf\meinkampf_2.pdf [FileDeduplicator.py:105]
2025-06-05 17:26:23,812 - file_manager - INFO - Dry run: Would remove duplicate: C:\Users\terti\OneDrive\pdf\Mel Collins_1.pdf [FileDeduplicator.py:105]
2025-06-05 17:26:23,812 - file_manager - INFO - Dry run: Would remove duplicate: C:\Users\terti\OneDrive\pdf\MEMBER_STATEMENT_64004788072 (2).pdf [FileDeduplicator.py:105]
2025-06-05 17:26:23,812 - file_manager - INFO - Dry run: Would remove duplicate: C:\Users\terti\OneDrive\pdf\MEMBER_STATEMENT_64004788072 10_1.pdf [FileDeduplicator.py:105]
2025-06-05 17:26:23,812 - file_manager - INFO - Dry run: Would remove duplicate: C:\Users\terti\OneDrive\pdf\MEMBER_STATEMENT_64004788072 1_1.pdf [FileDeduplicator.py:105]
2025-06-05 17:26:23,812 - file_manager - INFO - Dry run: Would remove duplicate: C:\Users\terti\OneDrive\pdf\MEMBER_STATEMENT_64004788072 2.pdf [FileDeduplicator.py:105]
2025-06-05 17:26:23,826 - file_manager - INFO - Dry run: Would remove duplicate: C:\Users\terti\OneDrive\pdf\MEMBER_STATEMENT_64004788072 2_1.pdf [FileDeduplicator.py:105]
2025-06-05 17:26:23,826 - file_manager - INFO - Dry run: Would remove duplicate: C:\Users\terti\OneDrive\pdf\MEMBER_STATEMENT_64004788072 3_1.pdf [FileDeduplicator.py:105]
2025-06-05 17:26:23,826 - file_manager - INFO - Dry run: Would remove duplicate: C:\Users\terti\OneDrive\pdf\MEMBER_STATEMENT_64004788072 4.pdf [FileDeduplicator.py:105]
2025-06-05 17:26:23,826 - file_manager - INFO - Dry run: Would remove duplicate: C:\Users\terti\OneDrive\pdf\MEMBER_STATEMENT_64004788072 4_1.pdf [FileDeduplicator.py:105]
2025-06-05 17:26:23,826 - file_manager - INFO - Dry run: Would remove duplicate: C:\Users\terti\OneDrive\pdf\MEMBER_STATEMENT_64004788072 5_1.pdf [FileDeduplicator.py:105]
2025-06-05 17:26:23,826 - file_manager - INFO - Dry run: Would remove duplicate: C:\Users\terti\OneDrive\pdf\MEMBER_STATEMENT_64004788072 6.pdf [FileDeduplicator.py:105]
2025-06-05 17:26:23,826 - file_manager - INFO - Dry run: Would remove duplicate: C:\Users\terti\OneDrive\pdf\MEMBER_STATEMENT_64004788072 6_1.pdf [FileDeduplicator.py:105]
2025-06-05 17:26:23,826 - file_manager - INFO - Dry run: Would remove duplicate: C:\Users\terti\OneDrive\pdf\MEMBER_STATEMENT_64004788072 7_1.pdf [FileDeduplicator.py:105]
2025-06-05 17:26:23,826 - file_manager - INFO - Dry run: Would remove duplicate: C:\Users\terti\OneDrive\pdf\MEMBER_STATEMENT_64004788072 8.pdf [FileDeduplicator.py:105]
2025-06-05 17:26:23,826 - file_manager - INFO - Dry run: Would remove duplicate: C:\Users\terti\OneDrive\pdf\MEMBER_STATEMENT_64004788072 8_1.pdf [FileDeduplicator.py:105]
2025-06-05 17:26:23,826 - file_manager - INFO - Dry run: Would remove duplicate: C:\Users\terti\OneDrive\pdf\MEMBER_STATEMENT_64004788072 9.pdf [FileDeduplicator.py:105]
2025-06-05 17:26:23,826 - file_manager - INFO - Dry run: Would remove duplicate: C:\Users\terti\OneDrive\pdf\MEMBER_STATEMENT_64004788072 9_1.pdf [FileDeduplicator.py:105]
2025-06-05 17:26:23,826 - file_manager - INFO - Dry run: Would remove duplicate: C:\Users\terti\OneDrive\pdf\MEMBER_STATEMENT_64004788072(1).pdf [FileDeduplicator.py:105]
2025-06-05 17:26:23,826 - file_manager - INFO - Dry run: Would remove duplicate: C:\Users\terti\OneDrive\pdf\MEMBER_STATEMENT_64004788072(2).pdf [FileDeduplicator.py:105]
2025-06-05 17:26:23,826 - file_manager - INFO - Dry run: Would remove duplicate: C:\Users\terti\OneDrive\pdf\MEMBER_STATEMENT_64004788072.pdf [FileDeduplicator.py:105]
2025-06-05 17:26:23,826 - file_manager - INFO - Dry run: Would remove duplicate: C:\Users\terti\OneDrive\pdf\MEMBER_STATEMENT_64004788072_1.pdf [FileDeduplicator.py:105]
2025-06-05 17:26:23,826 - file_manager - INFO - Dry run: Would remove duplicate: C:\Users\terti\OneDrive\pdf\MEMBER_STATEMENT_64004788072_1_1.pdf [FileDeduplicator.py:105]
2025-06-05 17:26:23,826 - file_manager - INFO - Dry run: Would remove duplicate: C:\Users\terti\OneDrive\pdf\MEMBER_STATEMENT_64004788072_2.pdf [FileDeduplicator.py:105]
2025-06-05 17:26:23,826 - file_manager - INFO - Dry run: Would remove duplicate: C:\Users\terti\OneDrive\pdf\metasploit_ch8_1.pdf [FileDeduplicator.py:105]
2025-06-05 17:26:23,827 - file_manager - INFO - Dry run: Would remove duplicate: C:\Users\terti\OneDrive\pdf\MFA_1.pdf [FileDeduplicator.py:105]
2025-06-05 17:26:23,827 - file_manager - INFO - Dry run: Would remove duplicate: C:\Users\terti\OneDrive\pdf\Michael Logue_1.pdf [FileDeduplicator.py:105]
2025-06-05 17:26:23,827 - file_manager - INFO - Dry run: Would remove duplicate: C:\Users\terti\OneDrive\pdf\MIE Consent form_1.pdf [FileDeduplicator.py:105]
2025-06-05 17:26:23,827 - file_manager - INFO - Dry run: Would remove duplicate: C:\Users\terti\OneDrive\pdf\MIE Personal Credential Verification.docx.doc_1.pdf [FileDeduplicator.py:105]
2025-06-05 17:26:23,827 - file_manager - INFO - Dry run: Would remove duplicate: C:\Users\terti\OneDrive\pdf\migrating-to-oracle-database-wp-3610526_1.pdf [FileDeduplicator.py:105]
2025-06-05 17:26:23,827 - file_manager - INFO - Dry run: Would remove duplicate: C:\Users\terti\OneDrive\pdf\Mihailo Lalevic_1.pdf [FileDeduplicator.py:105]
2025-06-05 17:26:23,841 - file_manager - INFO - Dry run: Would remove duplicate: C:\Users\terti\OneDrive\pdf\Mnr T Geldenhuys (jnr)_1.pdf [FileDeduplicator.py:105]
2025-06-05 17:26:23,842 - file_manager - INFO - Dry run: Would remove duplicate: C:\Users\terti\OneDrive\pdf\Mobile (1)_2.pdf [FileDeduplicator.py:105]
2025-06-05 17:26:23,842 - file_manager - INFO - Dry run: Would remove duplicate: C:\Users\terti\OneDrive\pdf\Mobile (11).pdf [FileDeduplicator.py:105]
2025-06-05 17:26:23,842 - file_manager - INFO - Dry run: Would remove duplicate: C:\Users\terti\OneDrive\pdf\Mobile (14).pdf [FileDeduplicator.py:105]
2025-06-05 17:26:23,842 - file_manager - INFO - Dry run: Would remove duplicate: C:\Users\terti\OneDrive\pdf\Mobile (15).pdf [FileDeduplicator.py:105]
2025-06-05 17:26:23,842 - file_manager - INFO - Dry run: Would remove duplicate: C:\Users\terti\OneDrive\pdf\Mobile (16).pdf [FileDeduplicator.py:105]
2025-06-05 17:26:23,842 - file_manager - INFO - Dry run: Would remove duplicate: C:\Users\terti\OneDrive\pdf\Mobile (17).pdf [FileDeduplicator.py:105]
2025-06-05 17:26:23,842 - file_manager - INFO - Dry run: Would remove duplicate: C:\Users\terti\OneDrive\pdf\Mobile (18).pdf [FileDeduplicator.py:105]
2025-06-05 17:26:23,842 - file_manager - INFO - Dry run: Would remove duplicate: C:\Users\terti\OneDrive\pdf\Mobile (19).pdf [FileDeduplicator.py:105]
2025-06-05 17:26:23,843 - file_manager - INFO - Dry run: Would remove duplicate: C:\Users\terti\OneDrive\pdf\Mobile (2)_1.pdf [FileDeduplicator.py:105]
2025-06-05 17:26:23,843 - file_manager - INFO - Dry run: Would remove duplicate: C:\Users\terti\OneDrive\pdf\Mobile (2)_2.pdf [FileDeduplicator.py:105]
2025-06-05 17:26:23,843 - file_manager - INFO - Dry run: Would remove duplicate: C:\Users\terti\OneDrive\pdf\Mobile (21).pdf [FileDeduplicator.py:105]
2025-06-05 17:26:23,843 - file_manager - INFO - Dry run: Would remove duplicate: C:\Users\terti\OneDrive\pdf\Mobile (22).pdf [FileDeduplicator.py:105]
2025-06-05 17:26:23,843 - file_manager - INFO - Dry run: Would remove duplicate: C:\Users\terti\OneDrive\pdf\Mobile (24).pdf [FileDeduplicator.py:105]
2025-06-05 17:26:23,843 - file_manager - INFO - Dry run: Would remove duplicate: C:\Users\terti\OneDrive\pdf\Mobile (25).pdf [FileDeduplicator.py:105]
2025-06-05 17:26:23,843 - file_manager - INFO - Dry run: Would remove duplicate: C:\Users\terti\OneDrive\pdf\Mobile (26).pdf [FileDeduplicator.py:105]
2025-06-05 17:26:23,843 - file_manager - INFO - Dry run: Would remove duplicate: C:\Users\terti\OneDrive\pdf\Mobile (27).pdf [FileDeduplicator.py:105]
2025-06-05 17:26:23,844 - file_manager - INFO - Dry run: Would remove duplicate: C:\Users\terti\OneDrive\pdf\Mobile (28).pdf [FileDeduplicator.py:105]
2025-06-05 17:26:23,844 - file_manager - INFO - Dry run: Would remove duplicate: C:\Users\terti\OneDrive\pdf\Mobile (29).pdf [FileDeduplicator.py:105]
2025-06-05 17:26:23,844 - file_manager - INFO - Dry run: Would remove duplicate: C:\Users\terti\OneDrive\pdf\Mobile (3).pdf [FileDeduplicator.py:105]
2025-06-05 17:26:23,844 - file_manager - INFO - Dry run: Would remove duplicate: C:\Users\terti\OneDrive\pdf\Mobile (3)_1.pdf [FileDeduplicator.py:105]
2025-06-05 17:26:23,844 - file_manager - INFO - Dry run: Would remove duplicate: C:\Users\terti\OneDrive\pdf\Mobile (3)_1_1.pdf [FileDeduplicator.py:105]
2025-06-05 17:26:23,844 - file_manager - INFO - Dry run: Would remove duplicate: C:\Users\terti\OneDrive\pdf\Mobile (3)_2.pdf [FileDeduplicator.py:105]
2025-06-05 17:26:23,844 - file_manager - INFO - Dry run: Would remove duplicate: C:\Users\terti\OneDrive\pdf\Mobile (30).pdf [FileDeduplicator.py:105]
2025-06-05 17:26:23,844 - file_manager - INFO - Dry run: Would remove duplicate: C:\Users\terti\OneDrive\pdf\Mobile (31).pdf [FileDeduplicator.py:105]
2025-06-05 17:26:23,844 - file_manager - INFO - Dry run: Would remove duplicate: C:\Users\terti\OneDrive\pdf\Mobile (33).pdf [FileDeduplicator.py:105]
2025-06-05 17:26:23,844 - file_manager - INFO - Dry run: Would remove duplicate: C:\Users\terti\OneDrive\pdf\Mobile (34).pdf [FileDeduplicator.py:105]
2025-06-05 17:26:23,857 - file_manager - INFO - Dry run: Would remove duplicate: C:\Users\terti\OneDrive\pdf\Mobile (36).pdf [FileDeduplicator.py:105]
2025-06-05 17:26:23,857 - file_manager - INFO - Dry run: Would remove duplicate: C:\Users\terti\OneDrive\pdf\Mobile (37).pdf [FileDeduplicator.py:105]
2025-06-05 17:26:23,857 - file_manager - INFO - Dry run: Would remove duplicate: C:\Users\terti\OneDrive\pdf\Mobile (38).pdf [FileDeduplicator.py:105]
2025-06-05 17:26:23,857 - file_manager - INFO - Dry run: Would remove duplicate: C:\Users\terti\OneDrive\pdf\Mobile (39).pdf [FileDeduplicator.py:105]
2025-06-05 17:26:23,857 - file_manager - INFO - Dry run: Would remove duplicate: C:\Users\terti\OneDrive\pdf\Mobile (4)_1.pdf [FileDeduplicator.py:105]
2025-06-05 17:26:23,857 - file_manager - INFO - Dry run: Would remove duplicate: C:\Users\terti\OneDrive\pdf\Mobile (40).pdf [FileDeduplicator.py:105]
2025-06-05 17:26:23,857 - file_manager - INFO - Dry run: Would remove duplicate: C:\Users\terti\OneDrive\pdf\Mobile (42).pdf [FileDeduplicator.py:105]
2025-06-05 17:26:23,857 - file_manager - INFO - Dry run: Would remove duplicate: C:\Users\terti\OneDrive\pdf\Mobile (43).pdf [FileDeduplicator.py:105]
2025-06-05 17:26:23,857 - file_manager - INFO - Dry run: Would remove duplicate: C:\Users\terti\OneDrive\pdf\Mobile (45).pdf [FileDeduplicator.py:105]
2025-06-05 17:26:23,857 - file_manager - INFO - Dry run: Would remove duplicate: C:\Users\terti\OneDrive\pdf\Mobile (46).pdf [FileDeduplicator.py:105]
2025-06-05 17:26:23,857 - file_manager - INFO - Dry run: Would remove duplicate: C:\Users\terti\OneDrive\pdf\Mobile (47).pdf [FileDeduplicator.py:105]
2025-06-05 17:26:23,857 - file_manager - INFO - Dry run: Would remove duplicate: C:\Users\terti\OneDrive\pdf\Mobile (48).pdf [FileDeduplicator.py:105]
2025-06-05 17:26:23,857 - file_manager - INFO - Dry run: Would remove duplicate: C:\Users\terti\OneDrive\pdf\Mobile (49).pdf [FileDeduplicator.py:105]
2025-06-05 17:26:23,857 - file_manager - INFO - Dry run: Would remove duplicate: C:\Users\terti\OneDrive\pdf\Mobile (5).pdf [FileDeduplicator.py:105]
2025-06-05 17:26:23,857 - file_manager - INFO - Dry run: Would remove duplicate: C:\Users\terti\OneDrive\pdf\Mobile (5)_1.pdf [FileDeduplicator.py:105]
2025-06-05 17:26:23,857 - file_manager - INFO - Dry run: Would remove duplicate: C:\Users\terti\OneDrive\pdf\Mobile (51).pdf [FileDeduplicator.py:105]
2025-06-05 17:26:23,857 - file_manager - INFO - Dry run: Would remove duplicate: C:\Users\terti\OneDrive\pdf\Mobile (52).pdf [FileDeduplicator.py:105]
2025-06-05 17:26:23,857 - file_manager - INFO - Dry run: Would remove duplicate: C:\Users\terti\OneDrive\pdf\Mobile (53).pdf [FileDeduplicator.py:105]
2025-06-05 17:26:23,858 - file_manager - INFO - Dry run: Would remove duplicate: C:\Users\terti\OneDrive\pdf\Mobile (54).pdf [FileDeduplicator.py:105]
2025-06-05 17:26:23,858 - file_manager - INFO - Dry run: Would remove duplicate: C:\Users\terti\OneDrive\pdf\Mobile (55).pdf [FileDeduplicator.py:105]
2025-06-05 17:26:23,858 - file_manager - INFO - Dry run: Would remove duplicate: C:\Users\terti\OneDrive\pdf\Mobile (57).pdf [FileDeduplicator.py:105]
2025-06-05 17:26:23,858 - file_manager - INFO - Dry run: Would remove duplicate: C:\Users\terti\OneDrive\pdf\Mobile (58).pdf [FileDeduplicator.py:105]
2025-06-05 17:26:23,858 - file_manager - INFO - Dry run: Would remove duplicate: C:\Users\terti\OneDrive\pdf\Mobile (6)_1.pdf [FileDeduplicator.py:105]
2025-06-05 17:26:23,858 - file_manager - INFO - Dry run: Would remove duplicate: C:\Users\terti\OneDrive\pdf\Mobile (60).pdf [FileDeduplicator.py:105]
2025-06-05 17:26:23,858 - file_manager - INFO - Dry run: Would remove duplicate: C:\Users\terti\OneDrive\pdf\Mobile (61).pdf [FileDeduplicator.py:105]
2025-06-05 17:26:23,858 - file_manager - INFO - Dry run: Would remove duplicate: C:\Users\terti\OneDrive\pdf\Mobile (62).pdf [FileDeduplicator.py:105]
2025-06-05 17:26:23,858 - file_manager - INFO - Dry run: Would remove duplicate: C:\Users\terti\OneDrive\pdf\Mobile (63).pdf [FileDeduplicator.py:105]
2025-06-05 17:26:23,858 - file_manager - INFO - Dry run: Would remove duplicate: C:\Users\terti\OneDrive\pdf\Mobile (64).pdf [FileDeduplicator.py:105]
2025-06-05 17:26:23,872 - file_manager - INFO - Dry run: Would remove duplicate: C:\Users\terti\OneDrive\pdf\Mobile (66).pdf [FileDeduplicator.py:105]
2025-06-05 17:26:23,872 - file_manager - INFO - Dry run: Would remove duplicate: C:\Users\terti\OneDrive\pdf\Mobile (67).pdf [FileDeduplicator.py:105]
2025-06-05 17:26:23,872 - file_manager - INFO - Dry run: Would remove duplicate: C:\Users\terti\OneDrive\pdf\Mobile (68).pdf [FileDeduplicator.py:105]
2025-06-05 17:26:23,872 - file_manager - INFO - Dry run: Would remove duplicate: C:\Users\terti\OneDrive\pdf\Mobile (69).pdf [FileDeduplicator.py:105]
2025-06-05 17:26:23,872 - file_manager - INFO - Dry run: Would remove duplicate: C:\Users\terti\OneDrive\pdf\Mobile (7).pdf [FileDeduplicator.py:105]
2025-06-05 17:26:23,873 - file_manager - INFO - Dry run: Would remove duplicate: C:\Users\terti\OneDrive\pdf\Mobile (7)_1.pdf [FileDeduplicator.py:105]
2025-06-05 17:26:23,873 - file_manager - INFO - Dry run: Would remove duplicate: C:\Users\terti\OneDrive\pdf\Mobile (70).pdf [FileDeduplicator.py:105]
2025-06-05 17:26:23,873 - file_manager - INFO - Dry run: Would remove duplicate: C:\Users\terti\OneDrive\pdf\Mobile (8).pdf [FileDeduplicator.py:105]
2025-06-05 17:26:23,873 - file_manager - INFO - Dry run: Would remove duplicate: C:\Users\terti\OneDrive\pdf\Mobile (9).pdf [FileDeduplicator.py:105]
2025-06-05 17:26:23,873 - file_manager - INFO - Dry run: Would remove duplicate: C:\Users\terti\OneDrive\pdf\Mobile 100_1.pdf [FileDeduplicator.py:105]
2025-06-05 17:26:23,873 - file_manager - INFO - Dry run: Would remove duplicate: C:\Users\terti\OneDrive\pdf\Mobile 101.pdf [FileDeduplicator.py:105]
2025-06-05 17:26:23,873 - file_manager - INFO - Dry run: Would remove duplicate: C:\Users\terti\OneDrive\pdf\Mobile 101_1.pdf [FileDeduplicator.py:105]
2025-06-05 17:26:23,873 - file_manager - INFO - Dry run: Would remove duplicate: C:\Users\terti\OneDrive\pdf\Mobile 102.pdf [FileDeduplicator.py:105]
2025-06-05 17:26:23,873 - file_manager - INFO - Dry run: Would remove duplicate: C:\Users\terti\OneDrive\pdf\Mobile 102_1.pdf [FileDeduplicator.py:105]
2025-06-05 17:26:23,873 - file_manager - INFO - Dry run: Would remove duplicate: C:\Users\terti\OneDrive\pdf\Mobile 103.pdf [FileDeduplicator.py:105]
2025-06-05 17:26:23,873 - file_manager - INFO - Dry run: Would remove duplicate: C:\Users\terti\OneDrive\pdf\Mobile 103_1.pdf [FileDeduplicator.py:105]
2025-06-05 17:26:23,873 - file_manager - INFO - Dry run: Would remove duplicate: C:\Users\terti\OneDrive\pdf\Mobile 104.pdf [FileDeduplicator.py:105]
2025-06-05 17:26:23,873 - file_manager - INFO - Dry run: Would remove duplicate: C:\Users\terti\OneDrive\pdf\Mobile 104_1.pdf [FileDeduplicator.py:105]
2025-06-05 17:26:23,873 - file_manager - INFO - Dry run: Would remove duplicate: C:\Users\terti\OneDrive\pdf\Mobile 105.pdf [FileDeduplicator.py:105]
2025-06-05 17:26:23,874 - file_manager - INFO - Dry run: Would remove duplicate: C:\Users\terti\OneDrive\pdf\Mobile 105_1.pdf [FileDeduplicator.py:105]
2025-06-05 17:26:23,874 - file_manager - INFO - Dry run: Would remove duplicate: C:\Users\terti\OneDrive\pdf\Mobile 106.pdf [FileDeduplicator.py:105]
2025-06-05 17:26:23,874 - file_manager - INFO - Dry run: Would remove duplicate: C:\Users\terti\OneDrive\pdf\Mobile 106_1.pdf [FileDeduplicator.py:105]
2025-06-05 17:26:23,874 - file_manager - INFO - Dry run: Would remove duplicate: C:\Users\terti\OneDrive\pdf\Mobile 107.pdf [FileDeduplicator.py:105]
2025-06-05 17:26:23,874 - file_manager - INFO - Dry run: Would remove duplicate: C:\Users\terti\OneDrive\pdf\Mobile 107_1.pdf [FileDeduplicator.py:105]
2025-06-05 17:26:23,874 - file_manager - INFO - Dry run: Would remove duplicate: C:\Users\terti\OneDrive\pdf\Mobile 108.pdf [FileDeduplicator.py:105]
2025-06-05 17:26:23,874 - file_manager - INFO - Dry run: Would remove duplicate: C:\Users\terti\OneDrive\pdf\Mobile 108_1.pdf [FileDeduplicator.py:105]
2025-06-05 17:26:23,874 - file_manager - INFO - Dry run: Would remove duplicate: C:\Users\terti\OneDrive\pdf\Mobile 109.pdf [FileDeduplicator.py:105]
2025-06-05 17:26:23,874 - file_manager - INFO - Dry run: Would remove duplicate: C:\Users\terti\OneDrive\pdf\Mobile 109_1.pdf [FileDeduplicator.py:105]
2025-06-05 17:26:23,887 - file_manager - INFO - Dry run: Would remove duplicate: C:\Users\terti\OneDrive\pdf\Mobile 10_1.pdf [FileDeduplicator.py:105]
2025-06-05 17:26:23,888 - file_manager - INFO - Dry run: Would remove duplicate: C:\Users\terti\OneDrive\pdf\Mobile 11_1.pdf [FileDeduplicator.py:105]
2025-06-05 17:26:23,888 - file_manager - INFO - Dry run: Would remove duplicate: C:\Users\terti\OneDrive\pdf\Mobile 12.pdf [FileDeduplicator.py:105]
2025-06-05 17:26:23,888 - file_manager - INFO - Dry run: Would remove duplicate: C:\Users\terti\OneDrive\pdf\Mobile 12_1.pdf [FileDeduplicator.py:105]
2025-06-05 17:26:23,888 - file_manager - INFO - Dry run: Would remove duplicate: C:\Users\terti\OneDrive\pdf\Mobile 13.pdf [FileDeduplicator.py:105]
2025-06-05 17:26:23,888 - file_manager - INFO - Dry run: Would remove duplicate: C:\Users\terti\OneDrive\pdf\Mobile 13_1.pdf [FileDeduplicator.py:105]
2025-06-05 17:26:23,888 - file_manager - INFO - Dry run: Would remove duplicate: C:\Users\terti\OneDrive\pdf\Mobile 14.pdf [FileDeduplicator.py:105]
2025-06-05 17:26:23,888 - file_manager - INFO - Dry run: Would remove duplicate: C:\Users\terti\OneDrive\pdf\Mobile 14_1.pdf [FileDeduplicator.py:105]
2025-06-05 17:26:23,888 - file_manager - INFO - Dry run: Would remove duplicate: C:\Users\terti\OneDrive\pdf\Mobile 15_1.pdf [FileDeduplicator.py:105]
2025-06-05 17:26:23,888 - file_manager - INFO - Dry run: Would remove duplicate: C:\Users\terti\OneDrive\pdf\Mobile 16.pdf [FileDeduplicator.py:105]
2025-06-05 17:26:23,888 - file_manager - INFO - Dry run: Would remove duplicate: C:\Users\terti\OneDrive\pdf\Mobile 16_1.pdf [FileDeduplicator.py:105]
2025-06-05 17:26:23,888 - file_manager - INFO - Dry run: Would remove duplicate: C:\Users\terti\OneDrive\pdf\Mobile 17.pdf [FileDeduplicator.py:105]
2025-06-05 17:26:23,888 - file_manager - INFO - Dry run: Would remove duplicate: C:\Users\terti\OneDrive\pdf\Mobile 17_1.pdf [FileDeduplicator.py:105]
2025-06-05 17:26:23,888 - file_manager - INFO - Dry run: Would remove duplicate: C:\Users\terti\OneDrive\pdf\Mobile 18.pdf [FileDeduplicator.py:105]
2025-06-05 17:26:23,888 - file_manager - INFO - Dry run: Would remove duplicate: C:\Users\terti\OneDrive\pdf\Mobile 18_1.pdf [FileDeduplicator.py:105]
2025-06-05 17:26:23,888 - file_manager - INFO - Dry run: Would remove duplicate: C:\Users\terti\OneDrive\pdf\Mobile 19.pdf [FileDeduplicator.py:105]
2025-06-05 17:26:23,888 - file_manager - INFO - Dry run: Would remove duplicate: C:\Users\terti\OneDrive\pdf\Mobile 19_1.pdf [FileDeduplicator.py:105]
2025-06-05 17:26:23,888 - file_manager - INFO - Dry run: Would remove duplicate: C:\Users\terti\OneDrive\pdf\Mobile 1_1.pdf [FileDeduplicator.py:105]
2025-06-05 17:26:23,888 - file_manager - INFO - Dry run: Would remove duplicate: C:\Users\terti\OneDrive\pdf\Mobile 2.pdf [FileDeduplicator.py:105]
2025-06-05 17:26:23,888 - file_manager - INFO - Dry run: Would remove duplicate: C:\Users\terti\OneDrive\pdf\Mobile 20_1.pdf [FileDeduplicator.py:105]
2025-06-05 17:26:23,888 - file_manager - INFO - Dry run: Would remove duplicate: C:\Users\terti\OneDrive\pdf\Mobile 21_1.pdf [FileDeduplicator.py:105]
2025-06-05 17:26:23,888 - file_manager - INFO - Dry run: Would remove duplicate: C:\Users\terti\OneDrive\pdf\Mobile 22.pdf [FileDeduplicator.py:105]
2025-06-05 17:26:23,889 - file_manager - INFO - Dry run: Would remove duplicate: C:\Users\terti\OneDrive\pdf\Mobile 22_1.pdf [FileDeduplicator.py:105]
2025-06-05 17:26:23,889 - file_manager - INFO - Dry run: Would remove duplicate: C:\Users\terti\OneDrive\pdf\Mobile 23_1.pdf [FileDeduplicator.py:105]
2025-06-05 17:26:23,889 - file_manager - INFO - Dry run: Would remove duplicate: C:\Users\terti\OneDrive\pdf\Mobile 24.pdf [FileDeduplicator.py:105]
2025-06-05 17:26:23,889 - file_manager - INFO - Dry run: Would remove duplicate: C:\Users\terti\OneDrive\pdf\Mobile 24_1.pdf [FileDeduplicator.py:105]
2025-06-05 17:26:23,889 - file_manager - INFO - Dry run: Would remove duplicate: C:\Users\terti\OneDrive\pdf\Mobile 25.pdf [FileDeduplicator.py:105]
2025-06-05 17:26:23,889 - file_manager - INFO - Dry run: Would remove duplicate: C:\Users\terti\OneDrive\pdf\Mobile 25_1.pdf [FileDeduplicator.py:105]
2025-06-05 17:26:23,903 - file_manager - INFO - Dry run: Would remove duplicate: C:\Users\terti\OneDrive\pdf\Mobile 26.pdf [FileDeduplicator.py:105]
2025-06-05 17:26:23,903 - file_manager - INFO - Dry run: Would remove duplicate: C:\Users\terti\OneDrive\pdf\Mobile 26_1.pdf [FileDeduplicator.py:105]
2025-06-05 17:26:23,903 - file_manager - INFO - Dry run: Would remove duplicate: C:\Users\terti\OneDrive\pdf\Mobile 27_1.pdf [FileDeduplicator.py:105]
2025-06-05 17:26:23,903 - file_manager - INFO - Dry run: Would remove duplicate: C:\Users\terti\OneDrive\pdf\Mobile 28.pdf [FileDeduplicator.py:105]
2025-06-05 17:26:23,903 - file_manager - INFO - Dry run: Would remove duplicate: C:\Users\terti\OneDrive\pdf\Mobile 28_1.pdf [FileDeduplicator.py:105]
2025-06-05 17:26:23,903 - file_manager - INFO - Dry run: Would remove duplicate: C:\Users\terti\OneDrive\pdf\Mobile 29_1.pdf [FileDeduplicator.py:105]
2025-06-05 17:26:23,903 - file_manager - INFO - Dry run: Would remove duplicate: C:\Users\terti\OneDrive\pdf\Mobile 2_1.pdf [FileDeduplicator.py:105]
2025-06-05 17:26:23,903 - file_manager - INFO - Dry run: Would remove duplicate: C:\Users\terti\OneDrive\pdf\Mobile 3.pdf [FileDeduplicator.py:105]
2025-06-05 17:26:23,904 - file_manager - INFO - Dry run: Would remove duplicate: C:\Users\terti\OneDrive\pdf\Mobile 30_1.pdf [FileDeduplicator.py:105]
2025-06-05 17:26:23,904 - file_manager - INFO - Dry run: Would remove duplicate: C:\Users\terti\OneDrive\pdf\Mobile 31_1.pdf [FileDeduplicator.py:105]
2025-06-05 17:26:23,904 - file_manager - INFO - Dry run: Would remove duplicate: C:\Users\terti\OneDrive\pdf\Mobile 32.pdf [FileDeduplicator.py:105]
2025-06-05 17:26:23,904 - file_manager - INFO - Dry run: Would remove duplicate: C:\Users\terti\OneDrive\pdf\Mobile 32_1.pdf [FileDeduplicator.py:105]
2025-06-05 17:26:23,904 - file_manager - INFO - Dry run: Would remove duplicate: C:\Users\terti\OneDrive\pdf\Mobile 33_1.pdf [FileDeduplicator.py:105]
2025-06-05 17:26:23,904 - file_manager - INFO - Dry run: Would remove duplicate: C:\Users\terti\OneDrive\pdf\Mobile 34.pdf [FileDeduplicator.py:105]
2025-06-05 17:26:23,904 - file_manager - INFO - Dry run: Would remove duplicate: C:\Users\terti\OneDrive\pdf\Mobile 34_1.pdf [FileDeduplicator.py:105]
2025-06-05 17:26:23,904 - file_manager - INFO - Dry run: Would remove duplicate: C:\Users\terti\OneDrive\pdf\Mobile 35_1.pdf [FileDeduplicator.py:105]
2025-06-05 17:26:23,904 - file_manager - INFO - Dry run: Would remove duplicate: C:\Users\terti\OneDrive\pdf\Mobile 36_1.pdf [FileDeduplicator.py:105]
2025-06-05 17:26:23,904 - file_manager - INFO - Dry run: Would remove duplicate: C:\Users\terti\OneDrive\pdf\Mobile 37_1.pdf [FileDeduplicator.py:105]
2025-06-05 17:26:23,904 - file_manager - INFO - Dry run: Would remove duplicate: C:\Users\terti\OneDrive\pdf\Mobile 38.pdf [FileDeduplicator.py:105]
2025-06-05 17:26:23,904 - file_manager - INFO - Dry run: Would remove duplicate: C:\Users\terti\OneDrive\pdf\Mobile 38_1.pdf [FileDeduplicator.py:105]
2025-06-05 17:26:23,904 - file_manager - INFO - Dry run: Would remove duplicate: C:\Users\terti\OneDrive\pdf\Mobile 39_1.pdf [FileDeduplicator.py:105]
2025-06-05 17:26:23,904 - file_manager - INFO - Dry run: Would remove duplicate: C:\Users\terti\OneDrive\pdf\Mobile 3_1.pdf [FileDeduplicator.py:105]
2025-06-05 17:26:23,904 - file_manager - INFO - Dry run: Would remove duplicate: C:\Users\terti\OneDrive\pdf\Mobile 4.pdf [FileDeduplicator.py:105]
2025-06-05 17:26:23,904 - file_manager - INFO - Dry run: Would remove duplicate: C:\Users\terti\OneDrive\pdf\Mobile 40_1.pdf [FileDeduplicator.py:105]
2025-06-05 17:26:23,904 - file_manager - INFO - Dry run: Would remove duplicate: C:\Users\terti\OneDrive\pdf\Mobile 41_1.pdf [FileDeduplicator.py:105]
2025-06-05 17:26:23,904 - file_manager - INFO - Dry run: Would remove duplicate: C:\Users\terti\OneDrive\pdf\Mobile 42.pdf [FileDeduplicator.py:105]
2025-06-05 17:26:23,904 - file_manager - INFO - Dry run: Would remove duplicate: C:\Users\terti\OneDrive\pdf\Mobile 42_1.pdf [FileDeduplicator.py:105]
2025-06-05 17:26:23,904 - file_manager - INFO - Dry run: Would remove duplicate: C:\Users\terti\OneDrive\pdf\Mobile 43.pdf [FileDeduplicator.py:105]
2025-06-05 17:26:23,919 - file_manager - INFO - Dry run: Would remove duplicate: C:\Users\terti\OneDrive\pdf\Mobile 43_1.pdf [FileDeduplicator.py:105]
2025-06-05 17:26:23,919 - file_manager - INFO - Dry run: Would remove duplicate: C:\Users\terti\OneDrive\pdf\Mobile 44.pdf [FileDeduplicator.py:105]
2025-06-05 17:26:23,919 - file_manager - INFO - Dry run: Would remove duplicate: C:\Users\terti\OneDrive\pdf\Mobile 44_1.pdf [FileDeduplicator.py:105]
2025-06-05 17:26:23,919 - file_manager - INFO - Dry run: Would remove duplicate: C:\Users\terti\OneDrive\pdf\Mobile 45.pdf [FileDeduplicator.py:105]
2025-06-05 17:26:23,919 - file_manager - INFO - Dry run: Would remove duplicate: C:\Users\terti\OneDrive\pdf\Mobile 45_1.pdf [FileDeduplicator.py:105]
2025-06-05 17:26:23,919 - file_manager - INFO - Dry run: Would remove duplicate: C:\Users\terti\OneDrive\pdf\Mobile 46.pdf [FileDeduplicator.py:105]
2025-06-05 17:26:23,919 - file_manager - INFO - Dry run: Would remove duplicate: C:\Users\terti\OneDrive\pdf\Mobile 46_1.pdf [FileDeduplicator.py:105]
2025-06-05 17:26:23,919 - file_manager - INFO - Dry run: Would remove duplicate: C:\Users\terti\OneDrive\pdf\Mobile 47.pdf [FileDeduplicator.py:105]
2025-06-05 17:26:23,920 - file_manager - INFO - Dry run: Would remove duplicate: C:\Users\terti\OneDrive\pdf\Mobile 47_1.pdf [FileDeduplicator.py:105]
2025-06-05 17:26:23,920 - file_manager - INFO - Dry run: Would remove duplicate: C:\Users\terti\OneDrive\pdf\Mobile 48.pdf [FileDeduplicator.py:105]
2025-06-05 17:26:23,920 - file_manager - INFO - Dry run: Would remove duplicate: C:\Users\terti\OneDrive\pdf\Mobile 48_1.pdf [FileDeduplicator.py:105]
2025-06-05 17:26:23,920 - file_manager - INFO - Dry run: Would remove duplicate: C:\Users\terti\OneDrive\pdf\Mobile 49.pdf [FileDeduplicator.py:105]
2025-06-05 17:26:23,920 - file_manager - INFO - Dry run: Would remove duplicate: C:\Users\terti\OneDrive\pdf\Mobile 49_1.pdf [FileDeduplicator.py:105]
2025-06-05 17:26:23,920 - file_manager - INFO - Dry run: Would remove duplicate: C:\Users\terti\OneDrive\pdf\Mobile 4_1.pdf [FileDeduplicator.py:105]
2025-06-05 17:26:23,920 - file_manager - INFO - Dry run: Would remove duplicate: C:\Users\terti\OneDrive\pdf\Mobile 5.pdf [FileDeduplicator.py:105]
2025-06-05 17:26:23,920 - file_manager - INFO - Dry run: Would remove duplicate: C:\Users\terti\OneDrive\pdf\Mobile 50.pdf [FileDeduplicator.py:105]
2025-06-05 17:26:23,920 - file_manager - INFO - Dry run: Would remove duplicate: C:\Users\terti\OneDrive\pdf\Mobile 50_1.pdf [FileDeduplicator.py:105]
2025-06-05 17:26:23,920 - file_manager - INFO - Dry run: Would remove duplicate: C:\Users\terti\OneDrive\pdf\Mobile 51_1.pdf [FileDeduplicator.py:105]
2025-06-05 17:26:23,920 - file_manager - INFO - Dry run: Would remove duplicate: C:\Users\terti\OneDrive\pdf\Mobile 52_1.pdf [FileDeduplicator.py:105]
2025-06-05 17:26:23,920 - file_manager - INFO - Dry run: Would remove duplicate: C:\Users\terti\OneDrive\pdf\Mobile 53.pdf [FileDeduplicator.py:105]
2025-06-05 17:26:23,920 - file_manager - INFO - Dry run: Would remove duplicate: C:\Users\terti\OneDrive\pdf\Mobile 53_1.pdf [FileDeduplicator.py:105]
2025-06-05 17:26:23,920 - file_manager - INFO - Dry run: Would remove duplicate: C:\Users\terti\OneDrive\pdf\Mobile 54.pdf [FileDeduplicator.py:105]
2025-06-05 17:26:23,920 - file_manager - INFO - Dry run: Would remove duplicate: C:\Users\terti\OneDrive\pdf\Mobile 54_1.pdf [FileDeduplicator.py:105]
2025-06-05 17:26:23,920 - file_manager - INFO - Dry run: Would remove duplicate: C:\Users\terti\OneDrive\pdf\Mobile 55.pdf [FileDeduplicator.py:105]
2025-06-05 17:26:23,920 - file_manager - INFO - Dry run: Would remove duplicate: C:\Users\terti\OneDrive\pdf\Mobile 55_1.pdf [FileDeduplicator.py:105]
2025-06-05 17:26:23,920 - file_manager - INFO - Dry run: Would remove duplicate: C:\Users\terti\OneDrive\pdf\Mobile 56_1.pdf [FileDeduplicator.py:105]
2025-06-05 17:26:23,921 - file_manager - INFO - Dry run: Would remove duplicate: C:\Users\terti\OneDrive\pdf\Mobile 57.pdf [FileDeduplicator.py:105]
2025-06-05 17:26:23,921 - file_manager - INFO - Dry run: Would remove duplicate: C:\Users\terti\OneDrive\pdf\Mobile 57_1.pdf [FileDeduplicator.py:105]
2025-06-05 17:26:23,935 - file_manager - INFO - Dry run: Would remove duplicate: C:\Users\terti\OneDrive\pdf\Mobile 58_1.pdf [FileDeduplicator.py:105]
2025-06-05 17:26:23,935 - file_manager - INFO - Dry run: Would remove duplicate: C:\Users\terti\OneDrive\pdf\Mobile 59.pdf [FileDeduplicator.py:105]
2025-06-05 17:26:23,935 - file_manager - INFO - Dry run: Would remove duplicate: C:\Users\terti\OneDrive\pdf\Mobile 59_1.pdf [FileDeduplicator.py:105]
2025-06-05 17:26:23,935 - file_manager - INFO - Dry run: Would remove duplicate: C:\Users\terti\OneDrive\pdf\Mobile 5_1.pdf [FileDeduplicator.py:105]
2025-06-05 17:26:23,935 - file_manager - INFO - Dry run: Would remove duplicate: C:\Users\terti\OneDrive\pdf\Mobile 6.pdf [FileDeduplicator.py:105]
2025-06-05 17:26:23,935 - file_manager - INFO - Dry run: Would remove duplicate: C:\Users\terti\OneDrive\pdf\Mobile 60_1.pdf [FileDeduplicator.py:105]
2025-06-05 17:26:23,935 - file_manager - INFO - Dry run: Would remove duplicate: C:\Users\terti\OneDrive\pdf\Mobile 61.pdf [FileDeduplicator.py:105]
2025-06-05 17:26:23,935 - file_manager - INFO - Dry run: Would remove duplicate: C:\Users\terti\OneDrive\pdf\Mobile 61_1.pdf [FileDeduplicator.py:105]
2025-06-05 17:26:23,935 - file_manager - INFO - Dry run: Would remove duplicate: C:\Users\terti\OneDrive\pdf\Mobile 62_1.pdf [FileDeduplicator.py:105]
2025-06-05 17:26:23,935 - file_manager - INFO - Dry run: Would remove duplicate: C:\Users\terti\OneDrive\pdf\Mobile 63.pdf [FileDeduplicator.py:105]
2025-06-05 17:26:23,935 - file_manager - INFO - Dry run: Would remove duplicate: C:\Users\terti\OneDrive\pdf\Mobile 63_1.pdf [FileDeduplicator.py:105]
2025-06-05 17:26:23,935 - file_manager - INFO - Dry run: Would remove duplicate: C:\Users\terti\OneDrive\pdf\Mobile 64_1.pdf [FileDeduplicator.py:105]
2025-06-05 17:26:23,935 - file_manager - INFO - Dry run: Would remove duplicate: C:\Users\terti\OneDrive\pdf\Mobile 65.pdf [FileDeduplicator.py:105]
2025-06-05 17:26:23,935 - file_manager - INFO - Dry run: Would remove duplicate: C:\Users\terti\OneDrive\pdf\Mobile 65_1.pdf [FileDeduplicator.py:105]
2025-06-05 17:26:23,935 - file_manager - INFO - Dry run: Would remove duplicate: C:\Users\terti\OneDrive\pdf\Mobile 66.pdf [FileDeduplicator.py:105]
2025-06-05 17:26:23,936 - file_manager - INFO - Dry run: Would remove duplicate: C:\Users\terti\OneDrive\pdf\Mobile 66_1.pdf [FileDeduplicator.py:105]
2025-06-05 17:26:23,936 - file_manager - INFO - Dry run: Would remove duplicate: C:\Users\terti\OneDrive\pdf\Mobile 67_1.pdf [FileDeduplicator.py:105]
2025-06-05 17:26:23,936 - file_manager - INFO - Dry run: Would remove duplicate: C:\Users\terti\OneDrive\pdf\Mobile 68.pdf [FileDeduplicator.py:105]
2025-06-05 17:26:23,936 - file_manager - INFO - Dry run: Would remove duplicate: C:\Users\terti\OneDrive\pdf\Mobile 68_1.pdf [FileDeduplicator.py:105]
2025-06-05 17:26:23,936 - file_manager - INFO - Dry run: Would remove duplicate: C:\Users\terti\OneDrive\pdf\Mobile 69_1.pdf [FileDeduplicator.py:105]
2025-06-05 17:26:23,936 - file_manager - INFO - Dry run: Would remove duplicate: C:\Users\terti\OneDrive\pdf\Mobile 6_1.pdf [FileDeduplicator.py:105]
2025-06-05 17:26:23,936 - file_manager - INFO - Dry run: Would remove duplicate: C:\Users\terti\OneDrive\pdf\Mobile 70.pdf [FileDeduplicator.py:105]
2025-06-05 17:26:23,936 - file_manager - INFO - Dry run: Would remove duplicate: C:\Users\terti\OneDrive\pdf\Mobile 70_1.pdf [FileDeduplicator.py:105]
2025-06-05 17:26:23,936 - file_manager - INFO - Dry run: Would remove duplicate: C:\Users\terti\OneDrive\pdf\Mobile 71.pdf [FileDeduplicator.py:105]
2025-06-05 17:26:23,936 - file_manager - INFO - Dry run: Would remove duplicate: C:\Users\terti\OneDrive\pdf\Mobile 71_1.pdf [FileDeduplicator.py:105]
2025-06-05 17:26:23,936 - file_manager - INFO - Dry run: Would remove duplicate: C:\Users\terti\OneDrive\pdf\Mobile 72.pdf [FileDeduplicator.py:105]
2025-06-05 17:26:23,936 - file_manager - INFO - Dry run: Would remove duplicate: C:\Users\terti\OneDrive\pdf\Mobile 72_1.pdf [FileDeduplicator.py:105]
2025-06-05 17:26:23,936 - file_manager - INFO - Dry run: Would remove duplicate: C:\Users\terti\OneDrive\pdf\Mobile 73_1.pdf [FileDeduplicator.py:105]
2025-06-05 17:26:23,950 - file_manager - INFO - Dry run: Would remove duplicate: C:\Users\terti\OneDrive\pdf\Mobile 74.pdf [FileDeduplicator.py:105]
2025-06-05 17:26:23,950 - file_manager - INFO - Dry run: Would remove duplicate: C:\Users\terti\OneDrive\pdf\Mobile 74_1.pdf [FileDeduplicator.py:105]
2025-06-05 17:26:23,950 - file_manager - INFO - Dry run: Would remove duplicate: C:\Users\terti\OneDrive\pdf\Mobile 75_1.pdf [FileDeduplicator.py:105]
2025-06-05 17:26:23,950 - file_manager - INFO - Dry run: Would remove duplicate: C:\Users\terti\OneDrive\pdf\Mobile 76.pdf [FileDeduplicator.py:105]
2025-06-05 17:26:23,950 - file_manager - INFO - Dry run: Would remove duplicate: C:\Users\terti\OneDrive\pdf\Mobile 76_1.pdf [FileDeduplicator.py:105]
2025-06-05 17:26:23,950 - file_manager - INFO - Dry run: Would remove duplicate: C:\Users\terti\OneDrive\pdf\Mobile 77_1.pdf [FileDeduplicator.py:105]
2025-06-05 17:26:23,950 - file_manager - INFO - Dry run: Would remove duplicate: C:\Users\terti\OneDrive\pdf\Mobile 78_1.pdf [FileDeduplicator.py:105]
2025-06-05 17:26:23,950 - file_manager - INFO - Dry run: Would remove duplicate: C:\Users\terti\OneDrive\pdf\Mobile 79.pdf [FileDeduplicator.py:105]
2025-06-05 17:26:23,950 - file_manager - INFO - Dry run: Would remove duplicate: C:\Users\terti\OneDrive\pdf\Mobile 79_1.pdf [FileDeduplicator.py:105]
2025-06-05 17:26:23,950 - file_manager - INFO - Dry run: Would remove duplicate: C:\Users\terti\OneDrive\pdf\Mobile 7_1.pdf [FileDeduplicator.py:105]
2025-06-05 17:26:23,950 - file_manager - INFO - Dry run: Would remove duplicate: C:\Users\terti\OneDrive\pdf\Mobile 8.pdf [FileDeduplicator.py:105]
2025-06-05 17:26:23,950 - file_manager - INFO - Dry run: Would remove duplicate: C:\Users\terti\OneDrive\pdf\Mobile 80.pdf [FileDeduplicator.py:105]
2025-06-05 17:26:23,951 - file_manager - INFO - Dry run: Would remove duplicate: C:\Users\terti\OneDrive\pdf\Mobile 80_1.pdf [FileDeduplicator.py:105]
2025-06-05 17:26:23,951 - file_manager - INFO - Dry run: Would remove duplicate: C:\Users\terti\OneDrive\pdf\Mobile 81.pdf [FileDeduplicator.py:105]
2025-06-05 17:26:23,951 - file_manager - INFO - Dry run: Would remove duplicate: C:\Users\terti\OneDrive\pdf\Mobile 81_1.pdf [FileDeduplicator.py:105]
2025-06-05 17:26:23,951 - file_manager - INFO - Dry run: Would remove duplicate: C:\Users\terti\OneDrive\pdf\Mobile 82_1.pdf [FileDeduplicator.py:105]
2025-06-05 17:26:23,951 - file_manager - INFO - Dry run: Would remove duplicate: C:\Users\terti\OneDrive\pdf\Mobile 83.pdf [FileDeduplicator.py:105]
2025-06-05 17:26:23,951 - file_manager - INFO - Dry run: Would remove duplicate: C:\Users\terti\OneDrive\pdf\Mobile 83_1.pdf [FileDeduplicator.py:105]
2025-06-05 17:26:23,951 - file_manager - INFO - Dry run: Would remove duplicate: C:\Users\terti\OneDrive\pdf\Mobile 84_1.pdf [FileDeduplicator.py:105]
2025-06-05 17:26:23,951 - file_manager - INFO - Dry run: Would remove duplicate: C:\Users\terti\OneDrive\pdf\Mobile 85.pdf [FileDeduplicator.py:105]
2025-06-05 17:26:23,951 - file_manager - INFO - Dry run: Would remove duplicate: C:\Users\terti\OneDrive\pdf\Mobile 85_1.pdf [FileDeduplicator.py:105]
2025-06-05 17:26:23,951 - file_manager - INFO - Dry run: Would remove duplicate: C:\Users\terti\OneDrive\pdf\Mobile 86.pdf [FileDeduplicator.py:105]
2025-06-05 17:26:23,951 - file_manager - INFO - Dry run: Would remove duplicate: C:\Users\terti\OneDrive\pdf\Mobile 86_1.pdf [FileDeduplicator.py:105]
2025-06-05 17:26:23,951 - file_manager - INFO - Dry run: Would remove duplicate: C:\Users\terti\OneDrive\pdf\Mobile 87.pdf [FileDeduplicator.py:105]
2025-06-05 17:26:23,951 - file_manager - INFO - Dry run: Would remove duplicate: C:\Users\terti\OneDrive\pdf\Mobile 87_1.pdf [FileDeduplicator.py:105]
2025-06-05 17:26:23,951 - file_manager - INFO - Dry run: Would remove duplicate: C:\Users\terti\OneDrive\pdf\Mobile 88_1.pdf [FileDeduplicator.py:105]
2025-06-05 17:26:23,951 - file_manager - INFO - Dry run: Would remove duplicate: C:\Users\terti\OneDrive\pdf\Mobile 89.pdf [FileDeduplicator.py:105]
2025-06-05 17:26:23,951 - file_manager - INFO - Dry run: Would remove duplicate: C:\Users\terti\OneDrive\pdf\Mobile 89_1.pdf [FileDeduplicator.py:105]
2025-06-05 17:26:23,966 - file_manager - INFO - Dry run: Would remove duplicate: C:\Users\terti\OneDrive\pdf\Mobile 8_1.pdf [FileDeduplicator.py:105]
2025-06-05 17:26:23,966 - file_manager - INFO - Dry run: Would remove duplicate: C:\Users\terti\OneDrive\pdf\Mobile 9.pdf [FileDeduplicator.py:105]
2025-06-05 17:26:23,966 - file_manager - INFO - Dry run: Would remove duplicate: C:\Users\terti\OneDrive\pdf\Mobile 90_1.pdf [FileDeduplicator.py:105]
2025-06-05 17:26:23,966 - file_manager - INFO - Dry run: Would remove duplicate: C:\Users\terti\OneDrive\pdf\Mobile 91.pdf [FileDeduplicator.py:105]
2025-06-05 17:26:23,966 - file_manager - INFO - Dry run: Would remove duplicate: C:\Users\terti\OneDrive\pdf\Mobile 91_1.pdf [FileDeduplicator.py:105]
2025-06-05 17:26:23,966 - file_manager - INFO - Dry run: Would remove duplicate: C:\Users\terti\OneDrive\pdf\Mobile 92_1.pdf [FileDeduplicator.py:105]
2025-06-05 17:26:23,966 - file_manager - INFO - Dry run: Would remove duplicate: C:\Users\terti\OneDrive\pdf\Mobile 93.pdf [FileDeduplicator.py:105]
2025-06-05 17:26:23,966 - file_manager - INFO - Dry run: Would remove duplicate: C:\Users\terti\OneDrive\pdf\Mobile 93_1.pdf [FileDeduplicator.py:105]
2025-06-05 17:26:23,966 - file_manager - INFO - Dry run: Would remove duplicate: C:\Users\terti\OneDrive\pdf\Mobile 94_1.pdf [FileDeduplicator.py:105]
2025-06-05 17:26:23,966 - file_manager - INFO - Dry run: Would remove duplicate: C:\Users\terti\OneDrive\pdf\Mobile 95.pdf [FileDeduplicator.py:105]
2025-06-05 17:26:23,966 - file_manager - INFO - Dry run: Would remove duplicate: C:\Users\terti\OneDrive\pdf\Mobile 95_1.pdf [FileDeduplicator.py:105]
2025-06-05 17:26:23,966 - file_manager - INFO - Dry run: Would remove duplicate: C:\Users\terti\OneDrive\pdf\Mobile 96.pdf [FileDeduplicator.py:105]
2025-06-05 17:26:23,966 - file_manager - INFO - Dry run: Would remove duplicate: C:\Users\terti\OneDrive\pdf\Mobile 96_1.pdf [FileDeduplicator.py:105]
2025-06-05 17:26:23,966 - file_manager - INFO - Dry run: Would remove duplicate: C:\Users\terti\OneDrive\pdf\Mobile 97.pdf [FileDeduplicator.py:105]
2025-06-05 17:26:23,966 - file_manager - INFO - Dry run: Would remove duplicate: C:\Users\terti\OneDrive\pdf\Mobile 97_1.pdf [FileDeduplicator.py:105]
2025-06-05 17:26:23,967 - file_manager - INFO - Dry run: Would remove duplicate: C:\Users\terti\OneDrive\pdf\Mobile 98.pdf [FileDeduplicator.py:105]
2025-06-05 17:26:23,967 - file_manager - INFO - Dry run: Would remove duplicate: C:\Users\terti\OneDrive\pdf\Mobile 98_1.pdf [FileDeduplicator.py:105]
2025-06-05 17:26:23,967 - file_manager - INFO - Dry run: Would remove duplicate: C:\Users\terti\OneDrive\pdf\Mobile 99.pdf [FileDeduplicator.py:105]
2025-06-05 17:26:23,967 - file_manager - INFO - Dry run: Would remove duplicate: C:\Users\terti\OneDrive\pdf\Mobile 99_1.pdf [FileDeduplicator.py:105]
2025-06-05 17:26:23,967 - file_manager - INFO - Dry run: Would remove duplicate: C:\Users\terti\OneDrive\pdf\Mobile 9_1.pdf [FileDeduplicator.py:105]
2025-06-05 17:26:23,967 - file_manager - INFO - Dry run: Would remove duplicate: C:\Users\terti\OneDrive\pdf\Mobile(1).pdf [FileDeduplicator.py:105]
2025-06-05 17:26:23,967 - file_manager - INFO - Dry run: Would remove duplicate: C:\Users\terti\OneDrive\pdf\Mobile(10).pdf [FileDeduplicator.py:105]
2025-06-05 17:26:23,967 - file_manager - INFO - Dry run: Would remove duplicate: C:\Users\terti\OneDrive\pdf\Mobile(11).pdf [FileDeduplicator.py:105]
2025-06-05 17:26:23,967 - file_manager - INFO - Dry run: Would remove duplicate: C:\Users\terti\OneDrive\pdf\Mobile(12).pdf [FileDeduplicator.py:105]
2025-06-05 17:26:23,967 - file_manager - INFO - Dry run: Would remove duplicate: C:\Users\terti\OneDrive\pdf\Mobile(13).pdf [FileDeduplicator.py:105]
2025-06-05 17:26:23,967 - file_manager - INFO - Dry run: Would remove duplicate: C:\Users\terti\OneDrive\pdf\Mobile(14).pdf [FileDeduplicator.py:105]
2025-06-05 17:26:23,967 - file_manager - INFO - Dry run: Would remove duplicate: C:\Users\terti\OneDrive\pdf\Mobile(15).pdf [FileDeduplicator.py:105]
2025-06-05 17:26:23,967 - file_manager - INFO - Dry run: Would remove duplicate: C:\Users\terti\OneDrive\pdf\Mobile(16).pdf [FileDeduplicator.py:105]
2025-06-05 17:26:23,981 - file_manager - INFO - Dry run: Would remove duplicate: C:\Users\terti\OneDrive\pdf\Mobile(17).pdf [FileDeduplicator.py:105]
2025-06-05 17:26:23,981 - file_manager - INFO - Dry run: Would remove duplicate: C:\Users\terti\OneDrive\pdf\Mobile(18).pdf [FileDeduplicator.py:105]
2025-06-05 17:26:23,982 - file_manager - INFO - Dry run: Would remove duplicate: C:\Users\terti\OneDrive\pdf\Mobile(19).pdf [FileDeduplicator.py:105]
2025-06-05 17:26:23,982 - file_manager - INFO - Dry run: Would remove duplicate: C:\Users\terti\OneDrive\pdf\Mobile(2).pdf [FileDeduplicator.py:105]
2025-06-05 17:26:23,982 - file_manager - INFO - Dry run: Would remove duplicate: C:\Users\terti\OneDrive\pdf\Mobile(20).pdf [FileDeduplicator.py:105]
2025-06-05 17:26:23,982 - file_manager - INFO - Dry run: Would remove duplicate: C:\Users\terti\OneDrive\pdf\Mobile(21).pdf [FileDeduplicator.py:105]
2025-06-05 17:26:23,982 - file_manager - INFO - Dry run: Would remove duplicate: C:\Users\terti\OneDrive\pdf\Mobile(22).pdf [FileDeduplicator.py:105]
2025-06-05 17:26:23,982 - file_manager - INFO - Dry run: Would remove duplicate: C:\Users\terti\OneDrive\pdf\Mobile(23).pdf [FileDeduplicator.py:105]
2025-06-05 17:26:23,982 - file_manager - INFO - Dry run: Would remove duplicate: C:\Users\terti\OneDrive\pdf\Mobile(24).pdf [FileDeduplicator.py:105]
2025-06-05 17:26:23,982 - file_manager - INFO - Dry run: Would remove duplicate: C:\Users\terti\OneDrive\pdf\Mobile(25).pdf [FileDeduplicator.py:105]
2025-06-05 17:26:23,982 - file_manager - INFO - Dry run: Would remove duplicate: C:\Users\terti\OneDrive\pdf\Mobile(26).pdf [FileDeduplicator.py:105]
2025-06-05 17:26:23,982 - file_manager - INFO - Dry run: Would remove duplicate: C:\Users\terti\OneDrive\pdf\Mobile(27).pdf [FileDeduplicator.py:105]
2025-06-05 17:26:23,982 - file_manager - INFO - Dry run: Would remove duplicate: C:\Users\terti\OneDrive\pdf\Mobile(28).pdf [FileDeduplicator.py:105]
2025-06-05 17:26:23,982 - file_manager - INFO - Dry run: Would remove duplicate: C:\Users\terti\OneDrive\pdf\Mobile(29).pdf [FileDeduplicator.py:105]
2025-06-05 17:26:23,982 - file_manager - INFO - Dry run: Would remove duplicate: C:\Users\terti\OneDrive\pdf\Mobile(3).pdf [FileDeduplicator.py:105]
2025-06-05 17:26:23,982 - file_manager - INFO - Dry run: Would remove duplicate: C:\Users\terti\OneDrive\pdf\Mobile(30).pdf [FileDeduplicator.py:105]
2025-06-05 17:26:23,982 - file_manager - INFO - Dry run: Would remove duplicate: C:\Users\terti\OneDrive\pdf\Mobile(31).pdf [FileDeduplicator.py:105]
2025-06-05 17:26:23,982 - file_manager - INFO - Dry run: Would remove duplicate: C:\Users\terti\OneDrive\pdf\Mobile(32).pdf [FileDeduplicator.py:105]
2025-06-05 17:26:23,982 - file_manager - INFO - Dry run: Would remove duplicate: C:\Users\terti\OneDrive\pdf\Mobile(33).pdf [FileDeduplicator.py:105]
2025-06-05 17:26:23,982 - file_manager - INFO - Dry run: Would remove duplicate: C:\Users\terti\OneDrive\pdf\Mobile(34).pdf [FileDeduplicator.py:105]
2025-06-05 17:26:23,982 - file_manager - INFO - Dry run: Would remove duplicate: C:\Users\terti\OneDrive\pdf\Mobile(35).pdf [FileDeduplicator.py:105]
2025-06-05 17:26:23,982 - file_manager - INFO - Dry run: Would remove duplicate: C:\Users\terti\OneDrive\pdf\Mobile(36).pdf [FileDeduplicator.py:105]
2025-06-05 17:26:23,982 - file_manager - INFO - Dry run: Would remove duplicate: C:\Users\terti\OneDrive\pdf\Mobile(37).pdf [FileDeduplicator.py:105]
2025-06-05 17:26:23,982 - file_manager - INFO - Dry run: Would remove duplicate: C:\Users\terti\OneDrive\pdf\Mobile(38).pdf [FileDeduplicator.py:105]
2025-06-05 17:26:23,982 - file_manager - INFO - Dry run: Would remove duplicate: C:\Users\terti\OneDrive\pdf\Mobile(39).pdf [FileDeduplicator.py:105]
2025-06-05 17:26:23,982 - file_manager - INFO - Dry run: Would remove duplicate: C:\Users\terti\OneDrive\pdf\Mobile(4).pdf [FileDeduplicator.py:105]
2025-06-05 17:26:23,982 - file_manager - INFO - Dry run: Would remove duplicate: C:\Users\terti\OneDrive\pdf\Mobile(40).pdf [FileDeduplicator.py:105]
2025-06-05 17:26:23,982 - file_manager - INFO - Dry run: Would remove duplicate: C:\Users\terti\OneDrive\pdf\Mobile(41).pdf [FileDeduplicator.py:105]
2025-06-05 17:26:23,997 - file_manager - INFO - Dry run: Would remove duplicate: C:\Users\terti\OneDrive\pdf\Mobile(42).pdf [FileDeduplicator.py:105]
2025-06-05 17:26:23,997 - file_manager - INFO - Dry run: Would remove duplicate: C:\Users\terti\OneDrive\pdf\Mobile(43).pdf [FileDeduplicator.py:105]
2025-06-05 17:26:23,997 - file_manager - INFO - Dry run: Would remove duplicate: C:\Users\terti\OneDrive\pdf\Mobile(44).pdf [FileDeduplicator.py:105]
2025-06-05 17:26:23,997 - file_manager - INFO - Dry run: Would remove duplicate: C:\Users\terti\OneDrive\pdf\Mobile(45).pdf [FileDeduplicator.py:105]
2025-06-05 17:26:23,997 - file_manager - INFO - Dry run: Would remove duplicate: C:\Users\terti\OneDrive\pdf\Mobile(46).pdf [FileDeduplicator.py:105]
2025-06-05 17:26:23,997 - file_manager - INFO - Dry run: Would remove duplicate: C:\Users\terti\OneDrive\pdf\Mobile(47).pdf [FileDeduplicator.py:105]
2025-06-05 17:26:23,997 - file_manager - INFO - Dry run: Would remove duplicate: C:\Users\terti\OneDrive\pdf\Mobile(48).pdf [FileDeduplicator.py:105]
2025-06-05 17:26:23,997 - file_manager - INFO - Dry run: Would remove duplicate: C:\Users\terti\OneDrive\pdf\Mobile(49).pdf [FileDeduplicator.py:105]
2025-06-05 17:26:23,997 - file_manager - INFO - Dry run: Would remove duplicate: C:\Users\terti\OneDrive\pdf\Mobile(5).pdf [FileDeduplicator.py:105]
2025-06-05 17:26:23,997 - file_manager - INFO - Dry run: Would remove duplicate: C:\Users\terti\OneDrive\pdf\Mobile(50).pdf [FileDeduplicator.py:105]
2025-06-05 17:26:23,997 - file_manager - INFO - Dry run: Would remove duplicate: C:\Users\terti\OneDrive\pdf\Mobile(51).pdf [FileDeduplicator.py:105]
2025-06-05 17:26:23,998 - file_manager - INFO - Dry run: Would remove duplicate: C:\Users\terti\OneDrive\pdf\Mobile(52).pdf [FileDeduplicator.py:105]
2025-06-05 17:26:23,998 - file_manager - INFO - Dry run: Would remove duplicate: C:\Users\terti\OneDrive\pdf\Mobile(53).pdf [FileDeduplicator.py:105]
2025-06-05 17:26:23,998 - file_manager - INFO - Dry run: Would remove duplicate: C:\Users\terti\OneDrive\pdf\Mobile(54).pdf [FileDeduplicator.py:105]
2025-06-05 17:26:23,998 - file_manager - INFO - Dry run: Would remove duplicate: C:\Users\terti\OneDrive\pdf\Mobile(55).pdf [FileDeduplicator.py:105]
2025-06-05 17:26:23,998 - file_manager - INFO - Dry run: Would remove duplicate: C:\Users\terti\OneDrive\pdf\Mobile(56).pdf [FileDeduplicator.py:105]
2025-06-05 17:26:23,998 - file_manager - INFO - Dry run: Would remove duplicate: C:\Users\terti\OneDrive\pdf\Mobile(57).pdf [FileDeduplicator.py:105]
2025-06-05 17:26:23,998 - file_manager - INFO - Dry run: Would remove duplicate: C:\Users\terti\OneDrive\pdf\Mobile(58).pdf [FileDeduplicator.py:105]
2025-06-05 17:26:23,998 - file_manager - INFO - Dry run: Would remove duplicate: C:\Users\terti\OneDrive\pdf\Mobile(59).pdf [FileDeduplicator.py:105]
2025-06-05 17:26:23,998 - file_manager - INFO - Dry run: Would remove duplicate: C:\Users\terti\OneDrive\pdf\Mobile(6).pdf [FileDeduplicator.py:105]
2025-06-05 17:26:23,998 - file_manager - INFO - Dry run: Would remove duplicate: C:\Users\terti\OneDrive\pdf\Mobile(60).pdf [FileDeduplicator.py:105]
2025-06-05 17:26:23,998 - file_manager - INFO - Dry run: Would remove duplicate: C:\Users\terti\OneDrive\pdf\Mobile(61).pdf [FileDeduplicator.py:105]
2025-06-05 17:26:23,998 - file_manager - INFO - Dry run: Would remove duplicate: C:\Users\terti\OneDrive\pdf\Mobile(62).pdf [FileDeduplicator.py:105]
2025-06-05 17:26:23,998 - file_manager - INFO - Dry run: Would remove duplicate: C:\Users\terti\OneDrive\pdf\Mobile(63).pdf [FileDeduplicator.py:105]
2025-06-05 17:26:23,998 - file_manager - INFO - Dry run: Would remove duplicate: C:\Users\terti\OneDrive\pdf\Mobile(64).pdf [FileDeduplicator.py:105]
2025-06-05 17:26:23,998 - file_manager - INFO - Dry run: Would remove duplicate: C:\Users\terti\OneDrive\pdf\Mobile(65).pdf [FileDeduplicator.py:105]
2025-06-05 17:26:23,998 - file_manager - INFO - Dry run: Would remove duplicate: C:\Users\terti\OneDrive\pdf\Mobile(66).pdf [FileDeduplicator.py:105]
2025-06-05 17:26:23,998 - file_manager - INFO - Dry run: Would remove duplicate: C:\Users\terti\OneDrive\pdf\Mobile(67).pdf [FileDeduplicator.py:105]
2025-06-05 17:26:24,013 - file_manager - INFO - Dry run: Would remove duplicate: C:\Users\terti\OneDrive\pdf\Mobile(68).pdf [FileDeduplicator.py:105]
2025-06-05 17:26:24,013 - file_manager - INFO - Dry run: Would remove duplicate: C:\Users\terti\OneDrive\pdf\Mobile(69).pdf [FileDeduplicator.py:105]
2025-06-05 17:26:24,013 - file_manager - INFO - Dry run: Would remove duplicate: C:\Users\terti\OneDrive\pdf\Mobile(7).pdf [FileDeduplicator.py:105]
2025-06-05 17:26:24,013 - file_manager - INFO - Dry run: Would remove duplicate: C:\Users\terti\OneDrive\pdf\Mobile(70).pdf [FileDeduplicator.py:105]
2025-06-05 17:26:24,013 - file_manager - INFO - Dry run: Would remove duplicate: C:\Users\terti\OneDrive\pdf\Mobile(71).pdf [FileDeduplicator.py:105]
2025-06-05 17:26:24,013 - file_manager - INFO - Dry run: Would remove duplicate: C:\Users\terti\OneDrive\pdf\Mobile(72).pdf [FileDeduplicator.py:105]
2025-06-05 17:26:24,013 - file_manager - INFO - Dry run: Would remove duplicate: C:\Users\terti\OneDrive\pdf\Mobile(8).pdf [FileDeduplicator.py:105]
2025-06-05 17:26:24,013 - file_manager - INFO - Dry run: Would remove duplicate: C:\Users\terti\OneDrive\pdf\Mobile(9).pdf [FileDeduplicator.py:105]
2025-06-05 17:26:24,014 - file_manager - INFO - Dry run: Would remove duplicate: C:\Users\terti\OneDrive\pdf\Mobile-X0.pdf [FileDeduplicator.py:105]
2025-06-05 17:26:24,014 - file_manager - INFO - Dry run: Would remove duplicate: C:\Users\terti\OneDrive\pdf\Mobile.pdf [FileDeduplicator.py:105]
2025-06-05 17:26:24,014 - file_manager - INFO - Dry run: Would remove duplicate: C:\Users\terti\OneDrive\pdf\Mobile_1.pdf [FileDeduplicator.py:105]
2025-06-05 17:26:24,014 - file_manager - INFO - Dry run: Would remove duplicate: C:\Users\terti\OneDrive\pdf\Mobile_1_1.pdf [FileDeduplicator.py:105]
2025-06-05 17:26:24,014 - file_manager - INFO - Dry run: Would remove duplicate: C:\Users\terti\OneDrive\pdf\Mobile_2.pdf [FileDeduplicator.py:105]
2025-06-05 17:26:24,014 - file_manager - INFO - Dry run: Would remove duplicate: C:\Users\terti\OneDrive\pdf\Modernize-Desktop-Apps-on-Windows-10-with-NET_1.pdf [FileDeduplicator.py:105]
2025-06-05 17:26:24,014 - file_manager - INFO - Dry run: Would remove duplicate: C:\Users\terti\OneDrive\pdf\Montana Landgoed AGM Agenda 1_1.pdf [FileDeduplicator.py:105]
2025-06-05 17:26:24,014 - file_manager - INFO - Dry run: Would remove duplicate: C:\Users\terti\OneDrive\pdf\Montana Landgoed AGM Agenda 2.pdf [FileDeduplicator.py:105]
2025-06-05 17:26:24,014 - file_manager - INFO - Dry run: Would remove duplicate: C:\Users\terti\OneDrive\pdf\Montana Landgoed AGM Agenda 2_1.pdf [FileDeduplicator.py:105]
2025-06-05 17:26:24,014 - file_manager - INFO - Dry run: Would remove duplicate: C:\Users\terti\OneDrive\pdf\Montana Landgoed AGM Agenda.pdf [FileDeduplicator.py:105]
2025-06-05 17:26:24,014 - file_manager - INFO - Dry run: Would remove duplicate: C:\Users\terti\OneDrive\pdf\Montana Landgoed AGM Agenda_1.pdf [FileDeduplicator.py:105]
2025-06-05 17:26:24,014 - file_manager - INFO - Dry run: Would remove duplicate: C:\Users\terti\OneDrive\pdf\MONTANA LANDGOED AGM REMINDER 27 JULY 2017 1_1.pdf [FileDeduplicator.py:105]
2025-06-05 17:26:24,014 - file_manager - INFO - Dry run: Would remove duplicate: C:\Users\terti\OneDrive\pdf\MONTANA LANDGOED AGM REMINDER 27 JULY 2017 2.pdf [FileDeduplicator.py:105]
2025-06-05 17:26:24,014 - file_manager - INFO - Dry run: Would remove duplicate: C:\Users\terti\OneDrive\pdf\MONTANA LANDGOED AGM REMINDER 27 JULY 2017 2_1.pdf [FileDeduplicator.py:105]
2025-06-05 17:26:24,014 - file_manager - INFO - Dry run: Would remove duplicate: C:\Users\terti\OneDrive\pdf\MONTANA LANDGOED AGM REMINDER 27 JULY 2017 3.pdf [FileDeduplicator.py:105]
2025-06-05 17:26:24,014 - file_manager - INFO - Dry run: Would remove duplicate: C:\Users\terti\OneDrive\pdf\MONTANA LANDGOED AGM REMINDER 27 JULY 2017 3_1.pdf [FileDeduplicator.py:105]
2025-06-05 17:26:24,014 - file_manager - INFO - Dry run: Would remove duplicate: C:\Users\terti\OneDrive\pdf\MONTANA LANDGOED AGM REMINDER 27 JULY 2017.pdf [FileDeduplicator.py:105]
2025-06-05 17:26:24,014 - file_manager - INFO - Dry run: Would remove duplicate: C:\Users\terti\OneDrive\pdf\MONTANA LANDGOED AGM REMINDER 27 JULY 2017_1.pdf [FileDeduplicator.py:105]
2025-06-05 17:26:24,028 - file_manager - INFO - Dry run: Would remove duplicate: C:\Users\terti\OneDrive\pdf\MONTANA LANDGOED AGM REMINDER 27 JULY 2017_1_1.pdf [FileDeduplicator.py:105]
2025-06-05 17:26:24,029 - file_manager - INFO - Dry run: Would remove duplicate: C:\Users\terti\OneDrive\pdf\MONTANA LANDGOED AGM REMINDER 27 JULY 2017_2.pdf [FileDeduplicator.py:105]
2025-06-05 17:26:24,029 - file_manager - INFO - Dry run: Would remove duplicate: C:\Users\terti\OneDrive\pdf\MONTANA LANDGOED Finale Begroting en Volmagvorm vir 14 Mrt 2017 (2).pdf [FileDeduplicator.py:105]
2025-06-05 17:26:24,029 - file_manager - INFO - Dry run: Would remove duplicate: C:\Users\terti\OneDrive\pdf\MONTANA LANDGOED Finale Begroting en Volmagvorm vir 14 Mrt 2017(1).pdf [FileDeduplicator.py:105]
2025-06-05 17:26:24,029 - file_manager - INFO - Dry run: Would remove duplicate: C:\Users\terti\OneDrive\pdf\MONTANA LANDGOED Finale Begroting en Volmagvorm vir 14 Mrt 2017(2).pdf [FileDeduplicator.py:105]
2025-06-05 17:26:24,029 - file_manager - INFO - Dry run: Would remove duplicate: C:\Users\terti\OneDrive\pdf\MONTANA LANDGOED Finale Begroting en Volmagvorm vir 14 Mrt 2017.pdf [FileDeduplicator.py:105]
2025-06-05 17:26:24,029 - file_manager - INFO - Dry run: Would remove duplicate: C:\Users\terti\OneDrive\pdf\MONTANA LANDGOED Finale Begroting en Volmagvorm vir 14 Mrt 2017_1.pdf [FileDeduplicator.py:105]
2025-06-05 17:26:24,029 - file_manager - INFO - Dry run: Would remove duplicate: C:\Users\terti\OneDrive\pdf\MONTANA LANDGOED NOTULE VAN 14 MRT 2017 BATTER BOYS 1_1.pdf [FileDeduplicator.py:105]
2025-06-05 17:26:24,029 - file_manager - INFO - Dry run: Would remove duplicate: C:\Users\terti\OneDrive\pdf\MONTANA LANDGOED NOTULE VAN 14 MRT 2017 BATTER BOYS 2.pdf [FileDeduplicator.py:105]
2025-06-05 17:26:24,029 - file_manager - INFO - Dry run: Would remove duplicate: C:\Users\terti\OneDrive\pdf\MONTANA LANDGOED NOTULE VAN 14 MRT 2017 BATTER BOYS 2_1.pdf [FileDeduplicator.py:105]
2025-06-05 17:26:24,029 - file_manager - INFO - Dry run: Would remove duplicate: C:\Users\terti\OneDrive\pdf\MONTANA LANDGOED NOTULE VAN 14 MRT 2017 BATTER BOYS.pdf [FileDeduplicator.py:105]
2025-06-05 17:26:24,029 - file_manager - INFO - Dry run: Would remove duplicate: C:\Users\terti\OneDrive\pdf\MONTANA LANDGOED NOTULE VAN 14 MRT 2017 BATTER BOYS_1.pdf [FileDeduplicator.py:105]
2025-06-05 17:26:24,029 - file_manager - INFO - Dry run: Would remove duplicate: C:\Users\terti\OneDrive\pdf\Monthly budget_1.pdf [FileDeduplicator.py:105]
2025-06-05 17:26:24,029 - file_manager - INFO - Dry run: Would remove duplicate: C:\Users\terti\OneDrive\pdf\More Resources · React Native_1.pdf [FileDeduplicator.py:105]
2025-06-05 17:26:24,029 - file_manager - INFO - Dry run: Would remove duplicate: C:\Users\terti\OneDrive\pdf\Most Commonly Asked Questions .pdf [FileDeduplicator.py:105]
2025-06-05 17:26:24,029 - file_manager - INFO - Dry run: Would remove duplicate: C:\Users\terti\OneDrive\pdf\Mr Tertius Geldenhuys 1_1.pdf [FileDeduplicator.py:105]
2025-06-05 17:26:24,029 - file_manager - INFO - Dry run: Would remove duplicate: C:\Users\terti\OneDrive\pdf\Mr Tertius Geldenhuys 2.pdf [FileDeduplicator.py:105]
2025-06-05 17:26:24,029 - file_manager - INFO - Dry run: Would remove duplicate: C:\Users\terti\OneDrive\pdf\Mr Tertius Geldenhuys 2_1.pdf [FileDeduplicator.py:105]
2025-06-05 17:26:24,029 - file_manager - INFO - Dry run: Would remove duplicate: C:\Users\terti\OneDrive\pdf\Mr Tertius Geldenhuys.pdf [FileDeduplicator.py:105]
2025-06-05 17:26:24,029 - file_manager - INFO - Dry run: Would remove duplicate: C:\Users\terti\OneDrive\pdf\Mr Tertius Geldenhuys_1.pdf [FileDeduplicator.py:105]
2025-06-05 17:26:24,029 - file_manager - INFO - Dry run: Would remove duplicate: C:\Users\terti\OneDrive\pdf\mr_Claren Amelia _Geldenhuys _1.pdf [FileDeduplicator.py:105]
2025-06-05 17:26:24,029 - file_manager - INFO - Dry run: Would remove duplicate: C:\Users\terti\OneDrive\pdf\mr_Natalie Amelia _Wyatt _1.pdf [FileDeduplicator.py:105]
2025-06-05 17:26:24,029 - file_manager - INFO - Dry run: Would remove duplicate: C:\Users\terti\OneDrive\pdf\MTN Welcome Pack-V8.4_1.pdf [FileDeduplicator.py:105]
2025-06-05 17:26:24,044 - file_manager - INFO - Dry run: Would remove duplicate: C:\Users\terti\OneDrive\pdf\MULTI-CLOUD RED TEAM – PT 1.pdf [FileDeduplicator.py:105]
2025-06-05 17:26:24,044 - file_manager - INFO - Dry run: Would remove duplicate: C:\Users\terti\OneDrive\pdf\NCJ_Developers_-_Notification.pdf [FileDeduplicator.py:105]
2025-06-05 17:26:24,044 - file_manager - INFO - Dry run: Would remove duplicate: C:\Users\terti\OneDrive\pdf\NDA_Derivco_Signed_1.pdf [FileDeduplicator.py:105]
2025-06-05 17:26:24,044 - file_manager - INFO - Dry run: Would remove duplicate: C:\Users\terti\OneDrive\pdf\NDA_Derivco_Signed_Amended_1.pdf [FileDeduplicator.py:105]
2025-06-05 17:26:24,044 - file_manager - INFO - Dry run: Would remove duplicate: C:\Users\terti\OneDrive\pdf\Net Developer - Technical Assessment - Mid and Senior_1.pdf [FileDeduplicator.py:105]
2025-06-05 17:26:24,044 - file_manager - INFO - Dry run: Would remove duplicate: C:\Users\terti\OneDrive\pdf\Net Developer.pdf [FileDeduplicator.py:105]
2025-06-05 17:26:24,044 - file_manager - INFO - Dry run: Would remove duplicate: C:\Users\terti\OneDrive\pdf\netcat_cheat_sheet_v1_1.pdf [FileDeduplicator.py:105]
2025-06-05 17:26:24,044 - file_manager - INFO - Dry run: Would remove duplicate: C:\Users\terti\OneDrive\pdf\nightwatch-corporatespec-com-Overview-20220403.pdf [FileDeduplicator.py:105]
2025-06-05 17:26:24,044 - file_manager - INFO - Dry run: Would remove duplicate: C:\Users\terti\OneDrive\pdf\nightwatch-corporatespec-com-site-audit-overview-20220410.pdf [FileDeduplicator.py:105]
2025-06-05 17:26:24,044 - file_manager - INFO - Dry run: Would remove duplicate: C:\Users\terti\OneDrive\pdf\nightwatch-corporatespec-com-siter-aduti-checks-20220410.pdf [FileDeduplicator.py:105]
2025-06-05 17:26:24,044 - file_manager - INFO - Dry run: Would remove duplicate: C:\Users\terti\OneDrive\pdf\Nominasie van Direkteur 20132014_1.pdf [FileDeduplicator.py:105]
2025-06-05 17:26:24,045 - file_manager - INFO - Dry run: Would remove duplicate: C:\Users\terti\OneDrive\pdf\Nondisclosure Agreement (IVE)_1.pdf [FileDeduplicator.py:105]
2025-06-05 17:26:24,045 - file_manager - INFO - Dry run: Would remove duplicate: C:\Users\terti\OneDrive\pdf\Now Hiring_ Senior JavaScript _ Frontend Coder _ Action Verb.pdf [FileDeduplicator.py:105]
2025-06-05 17:26:24,045 - file_manager - INFO - Dry run: Would remove duplicate: C:\Users\terti\OneDrive\pdf\Now Hiring_ Senior JavaScript _ Frontend Coder _ Action Verb_1.pdf [FileDeduplicator.py:105]
2025-06-05 17:26:24,045 - file_manager - INFO - Dry run: Would remove duplicate: C:\Users\terti\OneDrive\pdf\null(1)_1.pdf [FileDeduplicator.py:105]
2025-06-05 17:26:24,045 - file_manager - INFO - Dry run: Would remove duplicate: C:\Users\terti\OneDrive\pdf\null(1)_2.pdf [FileDeduplicator.py:105]
2025-06-05 17:26:24,045 - file_manager - INFO - Dry run: Would remove duplicate: C:\Users\terti\OneDrive\pdf\null_1.pdf [FileDeduplicator.py:105]
2025-06-05 17:26:24,045 - file_manager - INFO - Dry run: Would remove duplicate: C:\Users\terti\OneDrive\pdf\null_2.pdf [FileDeduplicator.py:105]
2025-06-05 17:26:24,045 - file_manager - INFO - Dry run: Would remove duplicate: C:\Users\terti\OneDrive\pdf\NWR - Candidate Notification_1.pdf [FileDeduplicator.py:105]
2025-06-05 17:26:24,045 - file_manager - INFO - Dry run: Would remove duplicate: C:\Users\terti\OneDrive\pdf\NWR - Personal Details Form_1.pdf [FileDeduplicator.py:105]
2025-06-05 17:26:24,045 - file_manager - INFO - Dry run: Would remove duplicate: C:\Users\terti\OneDrive\pdf\ObjectOrientedProgramming.pdf [FileDeduplicator.py:105]
2025-06-05 17:26:24,045 - file_manager - INFO - Dry run: Would remove duplicate: C:\Users\terti\OneDrive\pdf\ObjectOrientedProgramming_1.pdf [FileDeduplicator.py:105]
2025-06-05 17:26:24,045 - file_manager - INFO - Dry run: Would remove duplicate: C:\Users\terti\OneDrive\pdf\oculus.pdf [FileDeduplicator.py:105]
2025-06-05 17:26:24,045 - file_manager - INFO - Dry run: Would remove duplicate: C:\Users\terti\OneDrive\pdf\oldmutual20170504(2).pdf [FileDeduplicator.py:105]
2025-06-05 17:26:24,045 - file_manager - INFO - Dry run: Would remove duplicate: C:\Users\terti\OneDrive\pdf\oldmutual20170504.pdf [FileDeduplicator.py:105]
2025-06-05 17:26:24,060 - file_manager - INFO - Dry run: Would remove duplicate: C:\Users\terti\OneDrive\pdf\oldmutual20170504_1.pdf [FileDeduplicator.py:105]
2025-06-05 17:26:24,060 - file_manager - INFO - Dry run: Would remove duplicate: C:\Users\terti\OneDrive\pdf\OneAccountPack 1_1.pdf [FileDeduplicator.py:105]
2025-06-05 17:26:24,060 - file_manager - INFO - Dry run: Would remove duplicate: C:\Users\terti\OneDrive\pdf\OneAccountPack 2.pdf [FileDeduplicator.py:105]
2025-06-05 17:26:24,060 - file_manager - INFO - Dry run: Would remove duplicate: C:\Users\terti\OneDrive\pdf\OneAccountPack 2_1.pdf [FileDeduplicator.py:105]
2025-06-05 17:26:24,060 - file_manager - INFO - Dry run: Would remove duplicate: C:\Users\terti\OneDrive\pdf\OneAccountPack 3.pdf [FileDeduplicator.py:105]
2025-06-05 17:26:24,060 - file_manager - INFO - Dry run: Would remove duplicate: C:\Users\terti\OneDrive\pdf\OneAccountPack 3_1.pdf [FileDeduplicator.py:105]
2025-06-05 17:26:24,060 - file_manager - INFO - Dry run: Would remove duplicate: C:\Users\terti\OneDrive\pdf\OneAccountPack 4.pdf [FileDeduplicator.py:105]
2025-06-05 17:26:24,060 - file_manager - INFO - Dry run: Would remove duplicate: C:\Users\terti\OneDrive\pdf\OneAccountPack 4_1.pdf [FileDeduplicator.py:105]
2025-06-05 17:26:24,060 - file_manager - INFO - Dry run: Would remove duplicate: C:\Users\terti\OneDrive\pdf\OneAccountPack 5.pdf [FileDeduplicator.py:105]
2025-06-05 17:26:24,060 - file_manager - INFO - Dry run: Would remove duplicate: C:\Users\terti\OneDrive\pdf\OneAccountPack 5_1.pdf [FileDeduplicator.py:105]
2025-06-05 17:26:24,060 - file_manager - INFO - Dry run: Would remove duplicate: C:\Users\terti\OneDrive\pdf\OneAccountPack(1)_1.pdf [FileDeduplicator.py:105]
2025-06-05 17:26:24,060 - file_manager - INFO - Dry run: Would remove duplicate: C:\Users\terti\OneDrive\pdf\OneAccountPack(1)_2.pdf [FileDeduplicator.py:105]
2025-06-05 17:26:24,061 - file_manager - INFO - Dry run: Would remove duplicate: C:\Users\terti\OneDrive\pdf\OneAccountPack.pdf [FileDeduplicator.py:105]
2025-06-05 17:26:24,061 - file_manager - INFO - Dry run: Would remove duplicate: C:\Users\terti\OneDrive\pdf\OneAccountPack_1.pdf [FileDeduplicator.py:105]
2025-06-05 17:26:24,061 - file_manager - INFO - Dry run: Would remove duplicate: C:\Users\terti\OneDrive\pdf\OneAccountPack_2.pdf [FileDeduplicator.py:105]
2025-06-05 17:26:24,061 - file_manager - INFO - Dry run: Would remove duplicate: C:\Users\terti\OneDrive\pdf\OneAccountPack_3.pdf [FileDeduplicator.py:105]
2025-06-05 17:26:24,061 - file_manager - INFO - Dry run: Would remove duplicate: C:\Users\terti\OneDrive\pdf\OneAccountPack_4.pdf [FileDeduplicator.py:105]
2025-06-05 17:26:24,061 - file_manager - INFO - Dry run: Would remove duplicate: C:\Users\terti\OneDrive\pdf\onlineorder_E4426860 (2).pdf [FileDeduplicator.py:105]
2025-06-05 17:26:24,061 - file_manager - INFO - Dry run: Would remove duplicate: C:\Users\terti\OneDrive\pdf\onlineorder_E4426860(1).pdf [FileDeduplicator.py:105]
2025-06-05 17:26:24,061 - file_manager - INFO - Dry run: Would remove duplicate: C:\Users\terti\OneDrive\pdf\onlineorder_E4426860(2).pdf [FileDeduplicator.py:105]
2025-06-05 17:26:24,061 - file_manager - INFO - Dry run: Would remove duplicate: C:\Users\terti\OneDrive\pdf\onlineorder_E4426860.pdf [FileDeduplicator.py:105]
2025-06-05 17:26:24,061 - file_manager - INFO - Dry run: Would remove duplicate: C:\Users\terti\OneDrive\pdf\onlineorder_E4426860_1.pdf [FileDeduplicator.py:105]
2025-06-05 17:26:24,061 - file_manager - INFO - Dry run: Would remove duplicate: C:\Users\terti\OneDrive\pdf\onlineorder_E4440165 (2).pdf [FileDeduplicator.py:105]
2025-06-05 17:26:24,061 - file_manager - INFO - Dry run: Would remove duplicate: C:\Users\terti\OneDrive\pdf\onlineorder_E4440165(1).pdf [FileDeduplicator.py:105]
2025-06-05 17:26:24,061 - file_manager - INFO - Dry run: Would remove duplicate: C:\Users\terti\OneDrive\pdf\onlineorder_E4440165(2).pdf [FileDeduplicator.py:105]
2025-06-05 17:26:24,061 - file_manager - INFO - Dry run: Would remove duplicate: C:\Users\terti\OneDrive\pdf\onlineorder_E4440165.pdf [FileDeduplicator.py:105]
2025-06-05 17:26:24,076 - file_manager - INFO - Dry run: Would remove duplicate: C:\Users\terti\OneDrive\pdf\onlineorder_E4440165_1.pdf [FileDeduplicator.py:105]
2025-06-05 17:26:24,076 - file_manager - INFO - Dry run: Would remove duplicate: C:\Users\terti\OneDrive\pdf\onlineorder_E4440657 (2).pdf [FileDeduplicator.py:105]
2025-06-05 17:26:24,076 - file_manager - INFO - Dry run: Would remove duplicate: C:\Users\terti\OneDrive\pdf\onlineorder_E4440657(1).pdf [FileDeduplicator.py:105]
2025-06-05 17:26:24,076 - file_manager - INFO - Dry run: Would remove duplicate: C:\Users\terti\OneDrive\pdf\onlineorder_E4440657(2).pdf [FileDeduplicator.py:105]
2025-06-05 17:26:24,076 - file_manager - INFO - Dry run: Would remove duplicate: C:\Users\terti\OneDrive\pdf\onlineorder_E4440657.pdf [FileDeduplicator.py:105]
2025-06-05 17:26:24,076 - file_manager - INFO - Dry run: Would remove duplicate: C:\Users\terti\OneDrive\pdf\onlineorder_E4440657_1.pdf [FileDeduplicator.py:105]
2025-06-05 17:26:24,076 - file_manager - INFO - Dry run: Would remove duplicate: C:\Users\terti\OneDrive\pdf\onlineorder_E4440695 (2).pdf [FileDeduplicator.py:105]
2025-06-05 17:26:24,076 - file_manager - INFO - Dry run: Would remove duplicate: C:\Users\terti\OneDrive\pdf\onlineorder_E4440695(1).pdf [FileDeduplicator.py:105]
2025-06-05 17:26:24,076 - file_manager - INFO - Dry run: Would remove duplicate: C:\Users\terti\OneDrive\pdf\onlineorder_E4440695(2).pdf [FileDeduplicator.py:105]
2025-06-05 17:26:24,076 - file_manager - INFO - Dry run: Would remove duplicate: C:\Users\terti\OneDrive\pdf\onlineorder_E4440695.pdf [FileDeduplicator.py:105]
2025-06-05 17:26:24,076 - file_manager - INFO - Dry run: Would remove duplicate: C:\Users\terti\OneDrive\pdf\onlineorder_E4440695_1.pdf [FileDeduplicator.py:105]
2025-06-05 17:26:24,076 - file_manager - INFO - Dry run: Would remove duplicate: C:\Users\terti\OneDrive\pdf\onlineorder_E4833092 (2).pdf [FileDeduplicator.py:105]
2025-06-05 17:26:24,076 - file_manager - INFO - Dry run: Would remove duplicate: C:\Users\terti\OneDrive\pdf\onlineorder_E4833092(1).pdf [FileDeduplicator.py:105]
2025-06-05 17:26:24,076 - file_manager - INFO - Dry run: Would remove duplicate: C:\Users\terti\OneDrive\pdf\onlineorder_E4833092(2).pdf [FileDeduplicator.py:105]
2025-06-05 17:26:24,076 - file_manager - INFO - Dry run: Would remove duplicate: C:\Users\terti\OneDrive\pdf\onlineorder_E4833092.pdf [FileDeduplicator.py:105]
2025-06-05 17:26:24,076 - file_manager - INFO - Dry run: Would remove duplicate: C:\Users\terti\OneDrive\pdf\onlineorder_E4833092_1.pdf [FileDeduplicator.py:105]
2025-06-05 17:26:24,076 - file_manager - INFO - Dry run: Would remove duplicate: C:\Users\terti\OneDrive\pdf\onlineorder_E6484278 (2).pdf [FileDeduplicator.py:105]
2025-06-05 17:26:24,076 - file_manager - INFO - Dry run: Would remove duplicate: C:\Users\terti\OneDrive\pdf\onlineorder_E6484278(1).pdf [FileDeduplicator.py:105]
2025-06-05 17:26:24,076 - file_manager - INFO - Dry run: Would remove duplicate: C:\Users\terti\OneDrive\pdf\onlineorder_E6484278(2).pdf [FileDeduplicator.py:105]
2025-06-05 17:26:24,076 - file_manager - INFO - Dry run: Would remove duplicate: C:\Users\terti\OneDrive\pdf\onlineorder_E6484278.pdf [FileDeduplicator.py:105]
2025-06-05 17:26:24,076 - file_manager - INFO - Dry run: Would remove duplicate: C:\Users\terti\OneDrive\pdf\onlineorder_E6484278_1.pdf [FileDeduplicator.py:105]
2025-06-05 17:26:24,076 - file_manager - INFO - Dry run: Would remove duplicate: C:\Users\terti\OneDrive\pdf\onlineorder_E6484472 (2).pdf [FileDeduplicator.py:105]
2025-06-05 17:26:24,077 - file_manager - INFO - Dry run: Would remove duplicate: C:\Users\terti\OneDrive\pdf\onlineorder_E6484472(1).pdf [FileDeduplicator.py:105]
2025-06-05 17:26:24,077 - file_manager - INFO - Dry run: Would remove duplicate: C:\Users\terti\OneDrive\pdf\onlineorder_E6484472(2).pdf [FileDeduplicator.py:105]
2025-06-05 17:26:24,077 - file_manager - INFO - Dry run: Would remove duplicate: C:\Users\terti\OneDrive\pdf\onlineorder_E6484472.pdf [FileDeduplicator.py:105]
2025-06-05 17:26:24,077 - file_manager - INFO - Dry run: Would remove duplicate: C:\Users\terti\OneDrive\pdf\onlineorder_E6484472_1.pdf [FileDeduplicator.py:105]
2025-06-05 17:26:24,091 - file_manager - INFO - Dry run: Would remove duplicate: C:\Users\terti\OneDrive\pdf\onlineorder_E6678504 1_1.pdf [FileDeduplicator.py:105]
2025-06-05 17:26:24,091 - file_manager - INFO - Dry run: Would remove duplicate: C:\Users\terti\OneDrive\pdf\onlineorder_E6678504 2.pdf [FileDeduplicator.py:105]
2025-06-05 17:26:24,091 - file_manager - INFO - Dry run: Would remove duplicate: C:\Users\terti\OneDrive\pdf\onlineorder_E6678504 2_1.pdf [FileDeduplicator.py:105]
2025-06-05 17:26:24,091 - file_manager - INFO - Dry run: Would remove duplicate: C:\Users\terti\OneDrive\pdf\onlineorder_E6678504.pdf [FileDeduplicator.py:105]
2025-06-05 17:26:24,091 - file_manager - INFO - Dry run: Would remove duplicate: C:\Users\terti\OneDrive\pdf\onlineorder_E6678504_1.pdf [FileDeduplicator.py:105]
2025-06-05 17:26:24,091 - file_manager - INFO - Dry run: Would remove duplicate: C:\Users\terti\OneDrive\pdf\onlineorder_E6703341 1_1.pdf [FileDeduplicator.py:105]
2025-06-05 17:26:24,091 - file_manager - INFO - Dry run: Would remove duplicate: C:\Users\terti\OneDrive\pdf\onlineorder_E6703341 2.pdf [FileDeduplicator.py:105]
2025-06-05 17:26:24,091 - file_manager - INFO - Dry run: Would remove duplicate: C:\Users\terti\OneDrive\pdf\onlineorder_E6703341 2_1.pdf [FileDeduplicator.py:105]
2025-06-05 17:26:24,091 - file_manager - INFO - Dry run: Would remove duplicate: C:\Users\terti\OneDrive\pdf\onlineorder_E6703341.pdf [FileDeduplicator.py:105]
2025-06-05 17:26:24,091 - file_manager - INFO - Dry run: Would remove duplicate: C:\Users\terti\OneDrive\pdf\onlineorder_E6703341_1.pdf [FileDeduplicator.py:105]
2025-06-05 17:26:24,091 - file_manager - INFO - Dry run: Would remove duplicate: C:\Users\terti\OneDrive\pdf\onlineorder_E6712641 1_1.pdf [FileDeduplicator.py:105]
2025-06-05 17:26:24,091 - file_manager - INFO - Dry run: Would remove duplicate: C:\Users\terti\OneDrive\pdf\onlineorder_E6712641 2.pdf [FileDeduplicator.py:105]
2025-06-05 17:26:24,091 - file_manager - INFO - Dry run: Would remove duplicate: C:\Users\terti\OneDrive\pdf\onlineorder_E6712641 2_1.pdf [FileDeduplicator.py:105]
2025-06-05 17:26:24,092 - file_manager - INFO - Dry run: Would remove duplicate: C:\Users\terti\OneDrive\pdf\onlineorder_E6712641.pdf [FileDeduplicator.py:105]
2025-06-05 17:26:24,092 - file_manager - INFO - Dry run: Would remove duplicate: C:\Users\terti\OneDrive\pdf\onlineorder_E6712641_1.pdf [FileDeduplicator.py:105]
2025-06-05 17:26:24,092 - file_manager - INFO - Dry run: Would remove duplicate: C:\Users\terti\OneDrive\pdf\original(1)_1.pdf [FileDeduplicator.py:105]
2025-06-05 17:26:24,092 - file_manager - INFO - Dry run: Would remove duplicate: C:\Users\terti\OneDrive\pdf\original(1)_2.pdf [FileDeduplicator.py:105]
2025-06-05 17:26:24,092 - file_manager - INFO - Dry run: Would remove duplicate: C:\Users\terti\OneDrive\pdf\original_1.pdf [FileDeduplicator.py:105]
2025-06-05 17:26:24,092 - file_manager - INFO - Dry run: Would remove duplicate: C:\Users\terti\OneDrive\pdf\original_2.pdf [FileDeduplicator.py:105]
2025-06-05 17:26:24,092 - file_manager - INFO - Dry run: Would remove duplicate: C:\Users\terti\OneDrive\pdf\original_3.pdf [FileDeduplicator.py:105]
2025-06-05 17:26:24,092 - file_manager - INFO - Dry run: Would remove duplicate: C:\Users\terti\OneDrive\pdf\OSINT Is A State Of Mind.pdf [FileDeduplicator.py:105]
2025-06-05 17:26:24,092 - file_manager - INFO - Dry run: Would remove duplicate: C:\Users\terti\OneDrive\pdf\Our Flights_MARCH.PDF_1.pdf [FileDeduplicator.py:105]
2025-06-05 17:26:24,092 - file_manager - INFO - Dry run: Would remove duplicate: C:\Users\terti\OneDrive\pdf\ovotron account.pdf [FileDeduplicator.py:105]
2025-06-05 17:26:24,092 - file_manager - INFO - Dry run: Would remove duplicate: C:\Users\terti\OneDrive\pdf\ovotron(1)_1.pdf [FileDeduplicator.py:105]
2025-06-05 17:26:24,092 - file_manager - INFO - Dry run: Would remove duplicate: C:\Users\terti\OneDrive\pdf\ovotron(1)_2.pdf [FileDeduplicator.py:105]
2025-06-05 17:26:24,092 - file_manager - INFO - Dry run: Would remove duplicate: C:\Users\terti\OneDrive\pdf\ovotron_1.pdf [FileDeduplicator.py:105]
2025-06-05 17:26:24,107 - file_manager - INFO - Dry run: Would remove duplicate: C:\Users\terti\OneDrive\pdf\ovotron_2.pdf [FileDeduplicator.py:105]
2025-06-05 17:26:24,107 - file_manager - INFO - Dry run: Would remove duplicate: C:\Users\terti\OneDrive\pdf\P6720313 1_1.PDF [FileDeduplicator.py:105]
2025-06-05 17:26:24,107 - file_manager - INFO - Dry run: Would remove duplicate: C:\Users\terti\OneDrive\pdf\P6720313 2.PDF [FileDeduplicator.py:105]
2025-06-05 17:26:24,107 - file_manager - INFO - Dry run: Would remove duplicate: C:\Users\terti\OneDrive\pdf\P6720313 2_1.PDF [FileDeduplicator.py:105]
2025-06-05 17:26:24,107 - file_manager - INFO - Dry run: Would remove duplicate: C:\Users\terti\OneDrive\pdf\P6720313.PDF [FileDeduplicator.py:105]
2025-06-05 17:26:24,107 - file_manager - INFO - Dry run: Would remove duplicate: C:\Users\terti\OneDrive\pdf\P6720313_1.PDF [FileDeduplicator.py:105]
2025-06-05 17:26:24,107 - file_manager - INFO - Dry run: Would remove duplicate: C:\Users\terti\OneDrive\pdf\PAMC Destination Codes (2).pdf [FileDeduplicator.py:105]
2025-06-05 17:26:24,107 - file_manager - INFO - Dry run: Would remove duplicate: C:\Users\terti\OneDrive\pdf\PAMC Destination Codes(1).pdf [FileDeduplicator.py:105]
2025-06-05 17:26:24,107 - file_manager - INFO - Dry run: Would remove duplicate: C:\Users\terti\OneDrive\pdf\PAMC Destination Codes(2).pdf [FileDeduplicator.py:105]
2025-06-05 17:26:24,107 - file_manager - INFO - Dry run: Would remove duplicate: C:\Users\terti\OneDrive\pdf\PAMC Destination Codes.pdf [FileDeduplicator.py:105]
2025-06-05 17:26:24,107 - file_manager - INFO - Dry run: Would remove duplicate: C:\Users\terti\OneDrive\pdf\PAMC Destination Codes_1.pdf [FileDeduplicator.py:105]
2025-06-05 17:26:24,107 - file_manager - INFO - Dry run: Would remove duplicate: C:\Users\terti\OneDrive\pdf\PAYMENT LETTER (2).pdf [FileDeduplicator.py:105]
2025-06-05 17:26:24,107 - file_manager - INFO - Dry run: Would remove duplicate: C:\Users\terti\OneDrive\pdf\PAYMENT LETTER(1).pdf [FileDeduplicator.py:105]
2025-06-05 17:26:24,107 - file_manager - INFO - Dry run: Would remove duplicate: C:\Users\terti\OneDrive\pdf\PAYMENT LETTER(2).pdf [FileDeduplicator.py:105]
2025-06-05 17:26:24,107 - file_manager - INFO - Dry run: Would remove duplicate: C:\Users\terti\OneDrive\pdf\PAYMENT LETTER.pdf [FileDeduplicator.py:105]
2025-06-05 17:26:24,107 - file_manager - INFO - Dry run: Would remove duplicate: C:\Users\terti\OneDrive\pdf\PAYMENT LETTER_1.pdf [FileDeduplicator.py:105]
2025-06-05 17:26:24,107 - file_manager - INFO - Dry run: Would remove duplicate: C:\Users\terti\OneDrive\pdf\Payment Notification (1)_2.pdf [FileDeduplicator.py:105]
2025-06-05 17:26:24,107 - file_manager - INFO - Dry run: Would remove duplicate: C:\Users\terti\OneDrive\pdf\Payment Notification (11).pdf [FileDeduplicator.py:105]
2025-06-05 17:26:24,107 - file_manager - INFO - Dry run: Would remove duplicate: C:\Users\terti\OneDrive\pdf\Payment Notification (13).pdf [FileDeduplicator.py:105]
2025-06-05 17:26:24,107 - file_manager - INFO - Dry run: Would remove duplicate: C:\Users\terti\OneDrive\pdf\Payment Notification (14).pdf [FileDeduplicator.py:105]
2025-06-05 17:26:24,107 - file_manager - INFO - Dry run: Would remove duplicate: C:\Users\terti\OneDrive\pdf\Payment Notification (16).pdf [FileDeduplicator.py:105]
2025-06-05 17:26:24,107 - file_manager - INFO - Dry run: Would remove duplicate: C:\Users\terti\OneDrive\pdf\Payment Notification (17).pdf [FileDeduplicator.py:105]
2025-06-05 17:26:24,107 - file_manager - INFO - Dry run: Would remove duplicate: C:\Users\terti\OneDrive\pdf\Payment Notification (19).pdf [FileDeduplicator.py:105]
2025-06-05 17:26:24,107 - file_manager - INFO - Dry run: Would remove duplicate: C:\Users\terti\OneDrive\pdf\Payment Notification (2).pdf [FileDeduplicator.py:105]
2025-06-05 17:26:24,107 - file_manager - INFO - Dry run: Would remove duplicate: C:\Users\terti\OneDrive\pdf\Payment Notification (2)_1.pdf [FileDeduplicator.py:105]
2025-06-05 17:26:24,107 - file_manager - INFO - Dry run: Would remove duplicate: C:\Users\terti\OneDrive\pdf\Payment Notification (2)_2.pdf [FileDeduplicator.py:105]
2025-06-05 17:26:24,122 - file_manager - INFO - Dry run: Would remove duplicate: C:\Users\terti\OneDrive\pdf\Payment Notification (20).pdf [FileDeduplicator.py:105]
2025-06-05 17:26:24,122 - file_manager - INFO - Dry run: Would remove duplicate: C:\Users\terti\OneDrive\pdf\Payment Notification (22).pdf [FileDeduplicator.py:105]
2025-06-05 17:26:24,122 - file_manager - INFO - Dry run: Would remove duplicate: C:\Users\terti\OneDrive\pdf\Payment Notification (23).pdf [FileDeduplicator.py:105]
2025-06-05 17:26:24,122 - file_manager - INFO - Dry run: Would remove duplicate: C:\Users\terti\OneDrive\pdf\Payment Notification (25).pdf [FileDeduplicator.py:105]
2025-06-05 17:26:24,122 - file_manager - INFO - Dry run: Would remove duplicate: C:\Users\terti\OneDrive\pdf\Payment Notification (26).pdf [FileDeduplicator.py:105]
2025-06-05 17:26:24,122 - file_manager - INFO - Dry run: Would remove duplicate: C:\Users\terti\OneDrive\pdf\Payment Notification (28).pdf [FileDeduplicator.py:105]
2025-06-05 17:26:24,122 - file_manager - INFO - Dry run: Would remove duplicate: C:\Users\terti\OneDrive\pdf\Payment Notification (29).pdf [FileDeduplicator.py:105]
2025-06-05 17:26:24,122 - file_manager - INFO - Dry run: Would remove duplicate: C:\Users\terti\OneDrive\pdf\Payment Notification (31).pdf [FileDeduplicator.py:105]
2025-06-05 17:26:24,122 - file_manager - INFO - Dry run: Would remove duplicate: C:\Users\terti\OneDrive\pdf\Payment Notification (32).pdf [FileDeduplicator.py:105]
2025-06-05 17:26:24,122 - file_manager - INFO - Dry run: Would remove duplicate: C:\Users\terti\OneDrive\pdf\Payment Notification (34).pdf [FileDeduplicator.py:105]
2025-06-05 17:26:24,122 - file_manager - INFO - Dry run: Would remove duplicate: C:\Users\terti\OneDrive\pdf\Payment Notification (35).pdf [FileDeduplicator.py:105]
2025-06-05 17:26:24,122 - file_manager - INFO - Dry run: Would remove duplicate: C:\Users\terti\OneDrive\pdf\Payment Notification (37).pdf [FileDeduplicator.py:105]
2025-06-05 17:26:24,122 - file_manager - INFO - Dry run: Would remove duplicate: C:\Users\terti\OneDrive\pdf\Payment Notification (38).pdf [FileDeduplicator.py:105]
2025-06-05 17:26:24,122 - file_manager - INFO - Dry run: Would remove duplicate: C:\Users\terti\OneDrive\pdf\Payment Notification (4).pdf [FileDeduplicator.py:105]
2025-06-05 17:26:24,122 - file_manager - INFO - Dry run: Would remove duplicate: C:\Users\terti\OneDrive\pdf\Payment Notification (40).pdf [FileDeduplicator.py:105]
2025-06-05 17:26:24,122 - file_manager - INFO - Dry run: Would remove duplicate: C:\Users\terti\OneDrive\pdf\Payment Notification (41).pdf [FileDeduplicator.py:105]
2025-06-05 17:26:24,122 - file_manager - INFO - Dry run: Would remove duplicate: C:\Users\terti\OneDrive\pdf\Payment Notification (43).pdf [FileDeduplicator.py:105]
2025-06-05 17:26:24,122 - file_manager - INFO - Dry run: Would remove duplicate: C:\Users\terti\OneDrive\pdf\Payment Notification (44).pdf [FileDeduplicator.py:105]
2025-06-05 17:26:24,122 - file_manager - INFO - Dry run: Would remove duplicate: C:\Users\terti\OneDrive\pdf\Payment Notification (46).pdf [FileDeduplicator.py:105]
2025-06-05 17:26:24,122 - file_manager - INFO - Dry run: Would remove duplicate: C:\Users\terti\OneDrive\pdf\Payment Notification (47).pdf [FileDeduplicator.py:105]
2025-06-05 17:26:24,122 - file_manager - INFO - Dry run: Would remove duplicate: C:\Users\terti\OneDrive\pdf\Payment Notification (6).pdf [FileDeduplicator.py:105]
2025-06-05 17:26:24,122 - file_manager - INFO - Dry run: Would remove duplicate: C:\Users\terti\OneDrive\pdf\Payment Notification (7).pdf [FileDeduplicator.py:105]
2025-06-05 17:26:24,122 - file_manager - INFO - Dry run: Would remove duplicate: C:\Users\terti\OneDrive\pdf\Payment Notification (8).pdf [FileDeduplicator.py:105]
2025-06-05 17:26:24,123 - file_manager - INFO - Dry run: Would remove duplicate: C:\Users\terti\OneDrive\pdf\Payment Notification (9).pdf [FileDeduplicator.py:105]
2025-06-05 17:26:24,123 - file_manager - INFO - Dry run: Would remove duplicate: C:\Users\terti\OneDrive\pdf\Payment Notification 10_1.pdf [FileDeduplicator.py:105]
2025-06-05 17:26:24,138 - file_manager - INFO - Dry run: Would remove duplicate: C:\Users\terti\OneDrive\pdf\Payment Notification 11_1.pdf [FileDeduplicator.py:105]
2025-06-05 17:26:24,138 - file_manager - INFO - Dry run: Would remove duplicate: C:\Users\terti\OneDrive\pdf\Payment Notification 12_1.pdf [FileDeduplicator.py:105]
2025-06-05 17:26:24,138 - file_manager - INFO - Dry run: Would remove duplicate: C:\Users\terti\OneDrive\pdf\Payment Notification 13_1.pdf [FileDeduplicator.py:105]
2025-06-05 17:26:24,138 - file_manager - INFO - Dry run: Would remove duplicate: C:\Users\terti\OneDrive\pdf\Payment Notification 14_1.pdf [FileDeduplicator.py:105]
2025-06-05 17:26:24,138 - file_manager - INFO - Dry run: Would remove duplicate: C:\Users\terti\OneDrive\pdf\Payment Notification 15.pdf [FileDeduplicator.py:105]
2025-06-05 17:26:24,138 - file_manager - INFO - Dry run: Would remove duplicate: C:\Users\terti\OneDrive\pdf\Payment Notification 15_1.pdf [FileDeduplicator.py:105]
2025-06-05 17:26:24,138 - file_manager - INFO - Dry run: Would remove duplicate: C:\Users\terti\OneDrive\pdf\Payment Notification 16_1.pdf [FileDeduplicator.py:105]
2025-06-05 17:26:24,138 - file_manager - INFO - Dry run: Would remove duplicate: C:\Users\terti\OneDrive\pdf\Payment Notification 17_1.pdf [FileDeduplicator.py:105]
2025-06-05 17:26:24,138 - file_manager - INFO - Dry run: Would remove duplicate: C:\Users\terti\OneDrive\pdf\Payment Notification 18.pdf [FileDeduplicator.py:105]
2025-06-05 17:26:24,138 - file_manager - INFO - Dry run: Would remove duplicate: C:\Users\terti\OneDrive\pdf\Payment Notification 18_1.pdf [FileDeduplicator.py:105]
2025-06-05 17:26:24,139 - file_manager - INFO - Dry run: Would remove duplicate: C:\Users\terti\OneDrive\pdf\Payment Notification 19_1.pdf [FileDeduplicator.py:105]
2025-06-05 17:26:24,139 - file_manager - INFO - Dry run: Would remove duplicate: C:\Users\terti\OneDrive\pdf\Payment Notification 1_1.pdf [FileDeduplicator.py:105]
2025-06-05 17:26:24,139 - file_manager - INFO - Dry run: Would remove duplicate: C:\Users\terti\OneDrive\pdf\Payment Notification 20.pdf [FileDeduplicator.py:105]
2025-06-05 17:26:24,139 - file_manager - INFO - Dry run: Would remove duplicate: C:\Users\terti\OneDrive\pdf\Payment Notification 20_1.pdf [FileDeduplicator.py:105]
2025-06-05 17:26:24,139 - file_manager - INFO - Dry run: Would remove duplicate: C:\Users\terti\OneDrive\pdf\Payment Notification 21_1.pdf [FileDeduplicator.py:105]
2025-06-05 17:26:24,139 - file_manager - INFO - Dry run: Would remove duplicate: C:\Users\terti\OneDrive\pdf\Payment Notification 22.pdf [FileDeduplicator.py:105]
2025-06-05 17:26:24,139 - file_manager - INFO - Dry run: Would remove duplicate: C:\Users\terti\OneDrive\pdf\Payment Notification 22_1.pdf [FileDeduplicator.py:105]
2025-06-05 17:26:24,139 - file_manager - INFO - Dry run: Would remove duplicate: C:\Users\terti\OneDrive\pdf\Payment Notification 23_1.pdf [FileDeduplicator.py:105]
2025-06-05 17:26:24,139 - file_manager - INFO - Dry run: Would remove duplicate: C:\Users\terti\OneDrive\pdf\Payment Notification 24_1.pdf [FileDeduplicator.py:105]
2025-06-05 17:26:24,139 - file_manager - INFO - Dry run: Would remove duplicate: C:\Users\terti\OneDrive\pdf\Payment Notification 25.pdf [FileDeduplicator.py:105]
2025-06-05 17:26:24,139 - file_manager - INFO - Dry run: Would remove duplicate: C:\Users\terti\OneDrive\pdf\Payment Notification 25_1.pdf [FileDeduplicator.py:105]
2025-06-05 17:26:24,139 - file_manager - INFO - Dry run: Would remove duplicate: C:\Users\terti\OneDrive\pdf\Payment Notification 26_1.pdf [FileDeduplicator.py:105]
2025-06-05 17:26:24,139 - file_manager - INFO - Dry run: Would remove duplicate: C:\Users\terti\OneDrive\pdf\Payment Notification 27.pdf [FileDeduplicator.py:105]
2025-06-05 17:26:24,139 - file_manager - INFO - Dry run: Would remove duplicate: C:\Users\terti\OneDrive\pdf\Payment Notification 27_1.pdf [FileDeduplicator.py:105]
2025-06-05 17:26:24,139 - file_manager - INFO - Dry run: Would remove duplicate: C:\Users\terti\OneDrive\pdf\Payment Notification 28.pdf [FileDeduplicator.py:105]
2025-06-05 17:26:24,153 - file_manager - INFO - Dry run: Would remove duplicate: C:\Users\terti\OneDrive\pdf\Payment Notification 28_1.pdf [FileDeduplicator.py:105]
2025-06-05 17:26:24,153 - file_manager - INFO - Dry run: Would remove duplicate: C:\Users\terti\OneDrive\pdf\Payment Notification 29.pdf [FileDeduplicator.py:105]
2025-06-05 17:26:24,154 - file_manager - INFO - Dry run: Would remove duplicate: C:\Users\terti\OneDrive\pdf\Payment Notification 29_1.pdf [FileDeduplicator.py:105]
2025-06-05 17:26:24,154 - file_manager - INFO - Dry run: Would remove duplicate: C:\Users\terti\OneDrive\pdf\Payment Notification 2_1.pdf [FileDeduplicator.py:105]
2025-06-05 17:26:24,154 - file_manager - INFO - Dry run: Would remove duplicate: C:\Users\terti\OneDrive\pdf\Payment Notification 30_1.pdf [FileDeduplicator.py:105]
2025-06-05 17:26:24,154 - file_manager - INFO - Dry run: Would remove duplicate: C:\Users\terti\OneDrive\pdf\Payment Notification 31.pdf [FileDeduplicator.py:105]
2025-06-05 17:26:24,154 - file_manager - INFO - Dry run: Would remove duplicate: C:\Users\terti\OneDrive\pdf\Payment Notification 31_1.pdf [FileDeduplicator.py:105]
2025-06-05 17:26:24,154 - file_manager - INFO - Dry run: Would remove duplicate: C:\Users\terti\OneDrive\pdf\Payment Notification 32_1.pdf [FileDeduplicator.py:105]
2025-06-05 17:26:24,154 - file_manager - INFO - Dry run: Would remove duplicate: C:\Users\terti\OneDrive\pdf\Payment Notification 33.pdf [FileDeduplicator.py:105]
2025-06-05 17:26:24,154 - file_manager - INFO - Dry run: Would remove duplicate: C:\Users\terti\OneDrive\pdf\Payment Notification 33_1.pdf [FileDeduplicator.py:105]
2025-06-05 17:26:24,154 - file_manager - INFO - Dry run: Would remove duplicate: C:\Users\terti\OneDrive\pdf\Payment Notification 34_1.pdf [FileDeduplicator.py:105]
2025-06-05 17:26:24,154 - file_manager - INFO - Dry run: Would remove duplicate: C:\Users\terti\OneDrive\pdf\Payment Notification 35.pdf [FileDeduplicator.py:105]
2025-06-05 17:26:24,154 - file_manager - INFO - Dry run: Would remove duplicate: C:\Users\terti\OneDrive\pdf\Payment Notification 35_1.pdf [FileDeduplicator.py:105]
2025-06-05 17:26:24,154 - file_manager - INFO - Dry run: Would remove duplicate: C:\Users\terti\OneDrive\pdf\Payment Notification 36_1.pdf [FileDeduplicator.py:105]
2025-06-05 17:26:24,154 - file_manager - INFO - Dry run: Would remove duplicate: C:\Users\terti\OneDrive\pdf\Payment Notification 37.pdf [FileDeduplicator.py:105]
2025-06-05 17:26:24,154 - file_manager - INFO - Dry run: Would remove duplicate: C:\Users\terti\OneDrive\pdf\Payment Notification 37_1.pdf [FileDeduplicator.py:105]
2025-06-05 17:26:24,154 - file_manager - INFO - Dry run: Would remove duplicate: C:\Users\terti\OneDrive\pdf\Payment Notification 38_1.pdf [FileDeduplicator.py:105]
2025-06-05 17:26:24,154 - file_manager - INFO - Dry run: Would remove duplicate: C:\Users\terti\OneDrive\pdf\Payment Notification 39.pdf [FileDeduplicator.py:105]
2025-06-05 17:26:24,154 - file_manager - INFO - Dry run: Would remove duplicate: C:\Users\terti\OneDrive\pdf\Payment Notification 39_1.pdf [FileDeduplicator.py:105]
2025-06-05 17:26:24,154 - file_manager - INFO - Dry run: Would remove duplicate: C:\Users\terti\OneDrive\pdf\Payment Notification 3_1.pdf [FileDeduplicator.py:105]
2025-06-05 17:26:24,154 - file_manager - INFO - Dry run: Would remove duplicate: C:\Users\terti\OneDrive\pdf\Payment Notification 4.pdf [FileDeduplicator.py:105]
2025-06-05 17:26:24,154 - file_manager - INFO - Dry run: Would remove duplicate: C:\Users\terti\OneDrive\pdf\Payment Notification 40_1.pdf [FileDeduplicator.py:105]
2025-06-05 17:26:24,154 - file_manager - INFO - Dry run: Would remove duplicate: C:\Users\terti\OneDrive\pdf\Payment Notification 41.pdf [FileDeduplicator.py:105]
2025-06-05 17:26:24,154 - file_manager - INFO - Dry run: Would remove duplicate: C:\Users\terti\OneDrive\pdf\Payment Notification 41_1.pdf [FileDeduplicator.py:105]
2025-06-05 17:26:24,154 - file_manager - INFO - Dry run: Would remove duplicate: C:\Users\terti\OneDrive\pdf\Payment Notification 42_1.pdf [FileDeduplicator.py:105]
2025-06-05 17:26:24,169 - file_manager - INFO - Dry run: Would remove duplicate: C:\Users\terti\OneDrive\pdf\Payment Notification 43_1.pdf [FileDeduplicator.py:105]
2025-06-05 17:26:24,169 - file_manager - INFO - Dry run: Would remove duplicate: C:\Users\terti\OneDrive\pdf\Payment Notification 44.pdf [FileDeduplicator.py:105]
2025-06-05 17:26:24,169 - file_manager - INFO - Dry run: Would remove duplicate: C:\Users\terti\OneDrive\pdf\Payment Notification 44_1.pdf [FileDeduplicator.py:105]
2025-06-05 17:26:24,169 - file_manager - INFO - Dry run: Would remove duplicate: C:\Users\terti\OneDrive\pdf\Payment Notification 45_1.pdf [FileDeduplicator.py:105]
2025-06-05 17:26:24,169 - file_manager - INFO - Dry run: Would remove duplicate: C:\Users\terti\OneDrive\pdf\Payment Notification 46.pdf [FileDeduplicator.py:105]
2025-06-05 17:26:24,169 - file_manager - INFO - Dry run: Would remove duplicate: C:\Users\terti\OneDrive\pdf\Payment Notification 46_1.pdf [FileDeduplicator.py:105]
2025-06-05 17:26:24,169 - file_manager - INFO - Dry run: Would remove duplicate: C:\Users\terti\OneDrive\pdf\Payment Notification 47_1.pdf [FileDeduplicator.py:105]
2025-06-05 17:26:24,169 - file_manager - INFO - Dry run: Would remove duplicate: C:\Users\terti\OneDrive\pdf\Payment Notification 48.pdf [FileDeduplicator.py:105]
2025-06-05 17:26:24,169 - file_manager - INFO - Dry run: Would remove duplicate: C:\Users\terti\OneDrive\pdf\Payment Notification 48_1.pdf [FileDeduplicator.py:105]
2025-06-05 17:26:24,170 - file_manager - INFO - Dry run: Would remove duplicate: C:\Users\terti\OneDrive\pdf\Payment Notification 49_1.pdf [FileDeduplicator.py:105]
2025-06-05 17:26:24,170 - file_manager - INFO - Dry run: Would remove duplicate: C:\Users\terti\OneDrive\pdf\Payment Notification 4_1.pdf [FileDeduplicator.py:105]
2025-06-05 17:26:24,170 - file_manager - INFO - Dry run: Would remove duplicate: C:\Users\terti\OneDrive\pdf\Payment Notification 50.pdf [FileDeduplicator.py:105]
2025-06-05 17:26:24,170 - file_manager - INFO - Dry run: Would remove duplicate: C:\Users\terti\OneDrive\pdf\Payment Notification 50_1.pdf [FileDeduplicator.py:105]
2025-06-05 17:26:24,170 - file_manager - INFO - Dry run: Would remove duplicate: C:\Users\terti\OneDrive\pdf\Payment Notification 51_1.pdf [FileDeduplicator.py:105]
2025-06-05 17:26:24,170 - file_manager - INFO - Dry run: Would remove duplicate: C:\Users\terti\OneDrive\pdf\Payment Notification 52.pdf [FileDeduplicator.py:105]
2025-06-05 17:26:24,170 - file_manager - INFO - Dry run: Would remove duplicate: C:\Users\terti\OneDrive\pdf\Payment Notification 52_1.pdf [FileDeduplicator.py:105]
2025-06-05 17:26:24,170 - file_manager - INFO - Dry run: Would remove duplicate: C:\Users\terti\OneDrive\pdf\Payment Notification 53_1.pdf [FileDeduplicator.py:105]
2025-06-05 17:26:24,170 - file_manager - INFO - Dry run: Would remove duplicate: C:\Users\terti\OneDrive\pdf\Payment Notification 54.pdf [FileDeduplicator.py:105]
2025-06-05 17:26:24,170 - file_manager - INFO - Dry run: Would remove duplicate: C:\Users\terti\OneDrive\pdf\Payment Notification 54_1.pdf [FileDeduplicator.py:105]
2025-06-05 17:26:24,170 - file_manager - INFO - Dry run: Would remove duplicate: C:\Users\terti\OneDrive\pdf\Payment Notification 55_1.pdf [FileDeduplicator.py:105]
2025-06-05 17:26:24,170 - file_manager - INFO - Dry run: Would remove duplicate: C:\Users\terti\OneDrive\pdf\Payment Notification 56.pdf [FileDeduplicator.py:105]
2025-06-05 17:26:24,170 - file_manager - INFO - Dry run: Would remove duplicate: C:\Users\terti\OneDrive\pdf\Payment Notification 56_1.pdf [FileDeduplicator.py:105]
2025-06-05 17:26:24,170 - file_manager - INFO - Dry run: Would remove duplicate: C:\Users\terti\OneDrive\pdf\Payment Notification 57_1.pdf [FileDeduplicator.py:105]
2025-06-05 17:26:24,171 - file_manager - INFO - Dry run: Would remove duplicate: C:\Users\terti\OneDrive\pdf\Payment Notification 58.pdf [FileDeduplicator.py:105]
2025-06-05 17:26:24,171 - file_manager - INFO - Dry run: Would remove duplicate: C:\Users\terti\OneDrive\pdf\Payment Notification 58_1.pdf [FileDeduplicator.py:105]
2025-06-05 17:26:24,185 - file_manager - INFO - Dry run: Would remove duplicate: C:\Users\terti\OneDrive\pdf\Payment Notification 59_1.pdf [FileDeduplicator.py:105]
2025-06-05 17:26:24,185 - file_manager - INFO - Dry run: Would remove duplicate: C:\Users\terti\OneDrive\pdf\Payment Notification 5_1.pdf [FileDeduplicator.py:105]
2025-06-05 17:26:24,185 - file_manager - INFO - Dry run: Would remove duplicate: C:\Users\terti\OneDrive\pdf\Payment Notification 60.pdf [FileDeduplicator.py:105]
2025-06-05 17:26:24,185 - file_manager - INFO - Dry run: Would remove duplicate: C:\Users\terti\OneDrive\pdf\Payment Notification 60_1.pdf [FileDeduplicator.py:105]
2025-06-05 17:26:24,186 - file_manager - INFO - Dry run: Would remove duplicate: C:\Users\terti\OneDrive\pdf\Payment Notification 61_1.pdf [FileDeduplicator.py:105]
2025-06-05 17:26:24,186 - file_manager - INFO - Dry run: Would remove duplicate: C:\Users\terti\OneDrive\pdf\Payment Notification 62.pdf [FileDeduplicator.py:105]
2025-06-05 17:26:24,186 - file_manager - INFO - Dry run: Would remove duplicate: C:\Users\terti\OneDrive\pdf\Payment Notification 62_1.pdf [FileDeduplicator.py:105]
2025-06-05 17:26:24,186 - file_manager - INFO - Dry run: Would remove duplicate: C:\Users\terti\OneDrive\pdf\Payment Notification 63.pdf [FileDeduplicator.py:105]
2025-06-05 17:26:24,186 - file_manager - INFO - Dry run: Would remove duplicate: C:\Users\terti\OneDrive\pdf\Payment Notification 63_1.pdf [FileDeduplicator.py:105]
2025-06-05 17:26:24,186 - file_manager - INFO - Dry run: Would remove duplicate: C:\Users\terti\OneDrive\pdf\Payment Notification 64_1.pdf [FileDeduplicator.py:105]
2025-06-05 17:26:24,186 - file_manager - INFO - Dry run: Would remove duplicate: C:\Users\terti\OneDrive\pdf\Payment Notification 65.pdf [FileDeduplicator.py:105]
2025-06-05 17:26:24,187 - file_manager - INFO - Dry run: Would remove duplicate: C:\Users\terti\OneDrive\pdf\Payment Notification 65_1.pdf [FileDeduplicator.py:105]
2025-06-05 17:26:24,187 - file_manager - INFO - Dry run: Would remove duplicate: C:\Users\terti\OneDrive\pdf\Payment Notification 6_1.pdf [FileDeduplicator.py:105]
2025-06-05 17:26:24,187 - file_manager - INFO - Dry run: Would remove duplicate: C:\Users\terti\OneDrive\pdf\Payment Notification 7_1.pdf [FileDeduplicator.py:105]
2025-06-05 17:26:24,187 - file_manager - INFO - Dry run: Would remove duplicate: C:\Users\terti\OneDrive\pdf\Payment Notification 8.pdf [FileDeduplicator.py:105]
2025-06-05 17:26:24,187 - file_manager - INFO - Dry run: Would remove duplicate: C:\Users\terti\OneDrive\pdf\Payment Notification 8_1.pdf [FileDeduplicator.py:105]
2025-06-05 17:26:24,187 - file_manager - INFO - Dry run: Would remove duplicate: C:\Users\terti\OneDrive\pdf\Payment Notification 9.pdf [FileDeduplicator.py:105]
2025-06-05 17:26:24,187 - file_manager - INFO - Dry run: Would remove duplicate: C:\Users\terti\OneDrive\pdf\Payment Notification 9_1.pdf [FileDeduplicator.py:105]
2025-06-05 17:26:24,188 - file_manager - INFO - Dry run: Would remove duplicate: C:\Users\terti\OneDrive\pdf\Payment Notification(1).pdf [FileDeduplicator.py:105]
2025-06-05 17:26:24,188 - file_manager - INFO - Dry run: Would remove duplicate: C:\Users\terti\OneDrive\pdf\Payment Notification(1)_1_1.pdf [FileDeduplicator.py:105]
2025-06-05 17:26:24,188 - file_manager - INFO - Dry run: Would remove duplicate: C:\Users\terti\OneDrive\pdf\Payment Notification(1)_2.pdf [FileDeduplicator.py:105]
2025-06-05 17:26:24,188 - file_manager - INFO - Dry run: Would remove duplicate: C:\Users\terti\OneDrive\pdf\Payment Notification(10).pdf [FileDeduplicator.py:105]
2025-06-05 17:26:24,188 - file_manager - INFO - Dry run: Would remove duplicate: C:\Users\terti\OneDrive\pdf\Payment Notification(11).pdf [FileDeduplicator.py:105]
2025-06-05 17:26:24,188 - file_manager - INFO - Dry run: Would remove duplicate: C:\Users\terti\OneDrive\pdf\Payment Notification(12).pdf [FileDeduplicator.py:105]
2025-06-05 17:26:24,188 - file_manager - INFO - Dry run: Would remove duplicate: C:\Users\terti\OneDrive\pdf\Payment Notification(13).pdf [FileDeduplicator.py:105]
2025-06-05 17:26:24,200 - file_manager - INFO - Dry run: Would remove duplicate: C:\Users\terti\OneDrive\pdf\Payment Notification(14).pdf [FileDeduplicator.py:105]
2025-06-05 17:26:24,201 - file_manager - INFO - Dry run: Would remove duplicate: C:\Users\terti\OneDrive\pdf\Payment Notification(15).pdf [FileDeduplicator.py:105]
2025-06-05 17:26:24,201 - file_manager - INFO - Dry run: Would remove duplicate: C:\Users\terti\OneDrive\pdf\Payment Notification(16).pdf [FileDeduplicator.py:105]
2025-06-05 17:26:24,201 - file_manager - INFO - Dry run: Would remove duplicate: C:\Users\terti\OneDrive\pdf\Payment Notification(17).pdf [FileDeduplicator.py:105]
2025-06-05 17:26:24,201 - file_manager - INFO - Dry run: Would remove duplicate: C:\Users\terti\OneDrive\pdf\Payment Notification(18).pdf [FileDeduplicator.py:105]
2025-06-05 17:26:24,201 - file_manager - INFO - Dry run: Would remove duplicate: C:\Users\terti\OneDrive\pdf\Payment Notification(19).pdf [FileDeduplicator.py:105]
2025-06-05 17:26:24,201 - file_manager - INFO - Dry run: Would remove duplicate: C:\Users\terti\OneDrive\pdf\Payment Notification(2).pdf [FileDeduplicator.py:105]
2025-06-05 17:26:24,202 - file_manager - INFO - Dry run: Would remove duplicate: C:\Users\terti\OneDrive\pdf\Payment Notification(20).pdf [FileDeduplicator.py:105]
2025-06-05 17:26:24,202 - file_manager - INFO - Dry run: Would remove duplicate: C:\Users\terti\OneDrive\pdf\Payment Notification(21).pdf [FileDeduplicator.py:105]
2025-06-05 17:26:24,202 - file_manager - INFO - Dry run: Would remove duplicate: C:\Users\terti\OneDrive\pdf\Payment Notification(22).pdf [FileDeduplicator.py:105]
2025-06-05 17:26:24,202 - file_manager - INFO - Dry run: Would remove duplicate: C:\Users\terti\OneDrive\pdf\Payment Notification(23).pdf [FileDeduplicator.py:105]
2025-06-05 17:26:24,202 - file_manager - INFO - Dry run: Would remove duplicate: C:\Users\terti\OneDrive\pdf\Payment Notification(24).pdf [FileDeduplicator.py:105]
2025-06-05 17:26:24,202 - file_manager - INFO - Dry run: Would remove duplicate: C:\Users\terti\OneDrive\pdf\Payment Notification(25).pdf [FileDeduplicator.py:105]
2025-06-05 17:26:24,202 - file_manager - INFO - Dry run: Would remove duplicate: C:\Users\terti\OneDrive\pdf\Payment Notification(26).pdf [FileDeduplicator.py:105]
2025-06-05 17:26:24,202 - file_manager - INFO - Dry run: Would remove duplicate: C:\Users\terti\OneDrive\pdf\Payment Notification(27).pdf [FileDeduplicator.py:105]
2025-06-05 17:26:24,202 - file_manager - INFO - Dry run: Would remove duplicate: C:\Users\terti\OneDrive\pdf\Payment Notification(28).pdf [FileDeduplicator.py:105]
2025-06-05 17:26:24,202 - file_manager - INFO - Dry run: Would remove duplicate: C:\Users\terti\OneDrive\pdf\Payment Notification(29).pdf [FileDeduplicator.py:105]
2025-06-05 17:26:24,202 - file_manager - INFO - Dry run: Would remove duplicate: C:\Users\terti\OneDrive\pdf\Payment Notification(3).pdf [FileDeduplicator.py:105]
2025-06-05 17:26:24,202 - file_manager - INFO - Dry run: Would remove duplicate: C:\Users\terti\OneDrive\pdf\Payment Notification(30).pdf [FileDeduplicator.py:105]
2025-06-05 17:26:24,202 - file_manager - INFO - Dry run: Would remove duplicate: C:\Users\terti\OneDrive\pdf\Payment Notification(31).pdf [FileDeduplicator.py:105]
2025-06-05 17:26:24,202 - file_manager - INFO - Dry run: Would remove duplicate: C:\Users\terti\OneDrive\pdf\Payment Notification(32).pdf [FileDeduplicator.py:105]
2025-06-05 17:26:24,202 - file_manager - INFO - Dry run: Would remove duplicate: C:\Users\terti\OneDrive\pdf\Payment Notification(33).pdf [FileDeduplicator.py:105]
2025-06-05 17:26:24,202 - file_manager - INFO - Dry run: Would remove duplicate: C:\Users\terti\OneDrive\pdf\Payment Notification(34).pdf [FileDeduplicator.py:105]
2025-06-05 17:26:24,203 - file_manager - INFO - Dry run: Would remove duplicate: C:\Users\terti\OneDrive\pdf\Payment Notification(35).pdf [FileDeduplicator.py:105]
2025-06-05 17:26:24,203 - file_manager - INFO - Dry run: Would remove duplicate: C:\Users\terti\OneDrive\pdf\Payment Notification(36).pdf [FileDeduplicator.py:105]
2025-06-05 17:26:24,216 - file_manager - INFO - Dry run: Would remove duplicate: C:\Users\terti\OneDrive\pdf\Payment Notification(37).pdf [FileDeduplicator.py:105]
2025-06-05 17:26:24,216 - file_manager - INFO - Dry run: Would remove duplicate: C:\Users\terti\OneDrive\pdf\Payment Notification(38).pdf [FileDeduplicator.py:105]
2025-06-05 17:26:24,216 - file_manager - INFO - Dry run: Would remove duplicate: C:\Users\terti\OneDrive\pdf\Payment Notification(39).pdf [FileDeduplicator.py:105]
2025-06-05 17:26:24,216 - file_manager - INFO - Dry run: Would remove duplicate: C:\Users\terti\OneDrive\pdf\Payment Notification(4).pdf [FileDeduplicator.py:105]
2025-06-05 17:26:24,217 - file_manager - INFO - Dry run: Would remove duplicate: C:\Users\terti\OneDrive\pdf\Payment Notification(40).pdf [FileDeduplicator.py:105]
2025-06-05 17:26:24,217 - file_manager - INFO - Dry run: Would remove duplicate: C:\Users\terti\OneDrive\pdf\Payment Notification(41).pdf [FileDeduplicator.py:105]
2025-06-05 17:26:24,217 - file_manager - INFO - Dry run: Would remove duplicate: C:\Users\terti\OneDrive\pdf\Payment Notification(42).pdf [FileDeduplicator.py:105]
2025-06-05 17:26:24,217 - file_manager - INFO - Dry run: Would remove duplicate: C:\Users\terti\OneDrive\pdf\Payment Notification(43).pdf [FileDeduplicator.py:105]
2025-06-05 17:26:24,217 - file_manager - INFO - Dry run: Would remove duplicate: C:\Users\terti\OneDrive\pdf\Payment Notification(44).pdf [FileDeduplicator.py:105]
2025-06-05 17:26:24,217 - file_manager - INFO - Dry run: Would remove duplicate: C:\Users\terti\OneDrive\pdf\Payment Notification(45).pdf [FileDeduplicator.py:105]
2025-06-05 17:26:24,217 - file_manager - INFO - Dry run: Would remove duplicate: C:\Users\terti\OneDrive\pdf\Payment Notification(46).pdf [FileDeduplicator.py:105]
2025-06-05 17:26:24,217 - file_manager - INFO - Dry run: Would remove duplicate: C:\Users\terti\OneDrive\pdf\Payment Notification(47).pdf [FileDeduplicator.py:105]
2025-06-05 17:26:24,217 - file_manager - INFO - Dry run: Would remove duplicate: C:\Users\terti\OneDrive\pdf\Payment Notification(48).pdf [FileDeduplicator.py:105]
2025-06-05 17:26:24,217 - file_manager - INFO - Dry run: Would remove duplicate: C:\Users\terti\OneDrive\pdf\Payment Notification(5).pdf [FileDeduplicator.py:105]
2025-06-05 17:26:24,217 - file_manager - INFO - Dry run: Would remove duplicate: C:\Users\terti\OneDrive\pdf\Payment Notification(6).pdf [FileDeduplicator.py:105]
2025-06-05 17:26:24,217 - file_manager - INFO - Dry run: Would remove duplicate: C:\Users\terti\OneDrive\pdf\Payment Notification(7).pdf [FileDeduplicator.py:105]
2025-06-05 17:26:24,217 - file_manager - INFO - Dry run: Would remove duplicate: C:\Users\terti\OneDrive\pdf\Payment Notification(8).pdf [FileDeduplicator.py:105]
2025-06-05 17:26:24,218 - file_manager - INFO - Dry run: Would remove duplicate: C:\Users\terti\OneDrive\pdf\Payment Notification(9).pdf [FileDeduplicator.py:105]
2025-06-05 17:26:24,218 - file_manager - INFO - Dry run: Would remove duplicate: C:\Users\terti\OneDrive\pdf\Payment Notification-X0.pdf [FileDeduplicator.py:105]
2025-06-05 17:26:24,218 - file_manager - INFO - Dry run: Would remove duplicate: C:\Users\terti\OneDrive\pdf\Payment Notification.pdf [FileDeduplicator.py:105]
2025-06-05 17:26:24,218 - file_manager - INFO - Dry run: Would remove duplicate: C:\Users\terti\OneDrive\pdf\Payment Notification_1.pdf [FileDeduplicator.py:105]
2025-06-05 17:26:24,218 - file_manager - INFO - Dry run: Would remove duplicate: C:\Users\terti\OneDrive\pdf\Payment Notification_1_1.pdf [FileDeduplicator.py:105]
2025-06-05 17:26:24,218 - file_manager - INFO - Dry run: Would remove duplicate: C:\Users\terti\OneDrive\pdf\Payment Notification_2.pdf [FileDeduplicator.py:105]
2025-06-05 17:26:24,218 - file_manager - INFO - Dry run: Would remove duplicate: C:\Users\terti\OneDrive\pdf\Payment Notification_3.pdf [FileDeduplicator.py:105]
2025-06-05 17:26:24,218 - file_manager - INFO - Dry run: Would remove duplicate: C:\Users\terti\OneDrive\pdf\Payment Notification_4.pdf [FileDeduplicator.py:105]
2025-06-05 17:26:24,218 - file_manager - INFO - Dry run: Would remove duplicate: C:\Users\terti\OneDrive\pdf\Payment Notification_5.pdf [FileDeduplicator.py:105]
2025-06-05 17:26:24,231 - file_manager - INFO - Dry run: Would remove duplicate: C:\Users\terti\OneDrive\pdf\Paymenthistory-JUANITANEW (2).pdf [FileDeduplicator.py:105]
2025-06-05 17:26:24,232 - file_manager - INFO - Dry run: Would remove duplicate: C:\Users\terti\OneDrive\pdf\Paymenthistory-JUANITANEW(1).pdf [FileDeduplicator.py:105]
2025-06-05 17:26:24,232 - file_manager - INFO - Dry run: Would remove duplicate: C:\Users\terti\OneDrive\pdf\Paymenthistory-JUANITANEW(2).pdf [FileDeduplicator.py:105]
2025-06-05 17:26:24,232 - file_manager - INFO - Dry run: Would remove duplicate: C:\Users\terti\OneDrive\pdf\Paymenthistory-JUANITANEW.pdf [FileDeduplicator.py:105]
2025-06-05 17:26:24,232 - file_manager - INFO - Dry run: Would remove duplicate: C:\Users\terti\OneDrive\pdf\Paymenthistory-JUANITANEW_1.pdf [FileDeduplicator.py:105]
2025-06-05 17:26:24,232 - file_manager - INFO - Dry run: Would remove duplicate: C:\Users\terti\OneDrive\pdf\Payment_Notification 1_1.pdf [FileDeduplicator.py:105]
2025-06-05 17:26:24,232 - file_manager - INFO - Dry run: Would remove duplicate: C:\Users\terti\OneDrive\pdf\Payment_Notification 2.pdf [FileDeduplicator.py:105]
2025-06-05 17:26:24,232 - file_manager - INFO - Dry run: Would remove duplicate: C:\Users\terti\OneDrive\pdf\Payment_Notification 2_1.pdf [FileDeduplicator.py:105]
2025-06-05 17:26:24,232 - file_manager - INFO - Dry run: Would remove duplicate: C:\Users\terti\OneDrive\pdf\Payment_Notification_1_1.pdf [FileDeduplicator.py:105]
2025-06-05 17:26:24,232 - file_manager - INFO - Dry run: Would remove duplicate: C:\Users\terti\OneDrive\pdf\Payment_Notification_2.pdf [FileDeduplicator.py:105]
2025-06-05 17:26:24,232 - file_manager - INFO - Dry run: Would remove duplicate: C:\Users\terti\OneDrive\pdf\PayPalPDFUserGuideURL0_1.pdf [FileDeduplicator.py:105]
2025-06-05 17:26:24,232 - file_manager - INFO - Dry run: Would remove duplicate: C:\Users\terti\OneDrive\pdf\Payslip for November 2018_1.pdf [FileDeduplicator.py:105]
2025-06-05 17:26:24,232 - file_manager - INFO - Dry run: Would remove duplicate: C:\Users\terti\OneDrive\pdf\pdf_download_v4_1.pdf [FileDeduplicator.py:105]
2025-06-05 17:26:24,232 - file_manager - INFO - Dry run: Would remove duplicate: C:\Users\terti\OneDrive\pdf\penetration Testing.pdf [FileDeduplicator.py:105]
2025-06-05 17:26:24,232 - file_manager - INFO - Dry run: Would remove duplicate: C:\Users\terti\OneDrive\pdf\penetration-testing-with-kali_1.pdf [FileDeduplicator.py:105]
2025-06-05 17:26:24,232 - file_manager - INFO - Dry run: Would remove duplicate: C:\Users\terti\OneDrive\pdf\Permission to change banking details 1_1.pdf [FileDeduplicator.py:105]
2025-06-05 17:26:24,232 - file_manager - INFO - Dry run: Would remove duplicate: C:\Users\terti\OneDrive\pdf\Permission to change banking details 2.pdf [FileDeduplicator.py:105]
2025-06-05 17:26:24,232 - file_manager - INFO - Dry run: Would remove duplicate: C:\Users\terti\OneDrive\pdf\Permission to change banking details 2_1.pdf [FileDeduplicator.py:105]
2025-06-05 17:26:24,232 - file_manager - INFO - Dry run: Would remove duplicate: C:\Users\terti\OneDrive\pdf\Permission to change banking details.pdf [FileDeduplicator.py:105]
2025-06-05 17:26:24,232 - file_manager - INFO - Dry run: Would remove duplicate: C:\Users\terti\OneDrive\pdf\Permission to change banking details_1.pdf [FileDeduplicator.py:105]
2025-06-05 17:26:24,232 - file_manager - INFO - Dry run: Would remove duplicate: C:\Users\terti\OneDrive\pdf\Personal_Branding_Playbook(1)_1.pdf [FileDeduplicator.py:105]
2025-06-05 17:26:24,232 - file_manager - INFO - Dry run: Would remove duplicate: C:\Users\terti\OneDrive\pdf\Personal_Branding_Playbook(1)_2.pdf [FileDeduplicator.py:105]
2025-06-05 17:26:24,232 - file_manager - INFO - Dry run: Would remove duplicate: C:\Users\terti\OneDrive\pdf\Personal_Branding_Playbook_1.pdf [FileDeduplicator.py:105]
2025-06-05 17:26:24,232 - file_manager - INFO - Dry run: Would remove duplicate: C:\Users\terti\OneDrive\pdf\Personal_Branding_Playbook_2.pdf [FileDeduplicator.py:105]
2025-06-05 17:26:24,232 - file_manager - INFO - Dry run: Would remove duplicate: C:\Users\terti\OneDrive\pdf\PIRATE KING Resume - Dark.pdf [FileDeduplicator.py:105]
2025-06-05 17:26:24,247 - file_manager - INFO - Dry run: Would remove duplicate: C:\Users\terti\OneDrive\pdf\PIRATE KING Resume - White.pdf [FileDeduplicator.py:105]
2025-06-05 17:26:24,247 - file_manager - INFO - Dry run: Would remove duplicate: C:\Users\terti\OneDrive\pdf\POLMED - Hospital Admission Checklist 1_1.pdf [FileDeduplicator.py:105]
2025-06-05 17:26:24,248 - file_manager - INFO - Dry run: Would remove duplicate: C:\Users\terti\OneDrive\pdf\POLMED - Hospital Admission Checklist 2.pdf [FileDeduplicator.py:105]
2025-06-05 17:26:24,248 - file_manager - INFO - Dry run: Would remove duplicate: C:\Users\terti\OneDrive\pdf\POLMED - Hospital Admission Checklist 2_1.pdf [FileDeduplicator.py:105]
2025-06-05 17:26:24,248 - file_manager - INFO - Dry run: Would remove duplicate: C:\Users\terti\OneDrive\pdf\POLMED - Hospital Admission Checklist.pdf [FileDeduplicator.py:105]
2025-06-05 17:26:24,248 - file_manager - INFO - Dry run: Would remove duplicate: C:\Users\terti\OneDrive\pdf\POLMED - Hospital Admission Checklist_1.pdf [FileDeduplicator.py:105]
2025-06-05 17:26:24,248 - file_manager - INFO - Dry run: Would remove duplicate: C:\Users\terti\OneDrive\pdf\Polmed_2017_BoT_Elections__Nomination_Information_Sheet_v1 1_1.pdf [FileDeduplicator.py:105]
2025-06-05 17:26:24,248 - file_manager - INFO - Dry run: Would remove duplicate: C:\Users\terti\OneDrive\pdf\Polmed_2017_BoT_Elections__Nomination_Information_Sheet_v1 2.pdf [FileDeduplicator.py:105]
2025-06-05 17:26:24,248 - file_manager - INFO - Dry run: Would remove duplicate: C:\Users\terti\OneDrive\pdf\Polmed_2017_BoT_Elections__Nomination_Information_Sheet_v1 2_1.pdf [FileDeduplicator.py:105]
2025-06-05 17:26:24,248 - file_manager - INFO - Dry run: Would remove duplicate: C:\Users\terti\OneDrive\pdf\Polmed_2017_BoT_Elections__Nomination_Information_Sheet_v1.pdf [FileDeduplicator.py:105]
2025-06-05 17:26:24,248 - file_manager - INFO - Dry run: Would remove duplicate: C:\Users\terti\OneDrive\pdf\Polmed_2017_BoT_Elections__Nomination_Information_Sheet_v1_1.pdf [FileDeduplicator.py:105]
2025-06-05 17:26:24,248 - file_manager - INFO - Dry run: Would remove duplicate: C:\Users\terti\OneDrive\pdf\Polmed_BoT_2017_Election_CV_BOOKLET_web 1_1.pdf [FileDeduplicator.py:105]
2025-06-05 17:26:24,248 - file_manager - INFO - Dry run: Would remove duplicate: C:\Users\terti\OneDrive\pdf\Polmed_BoT_2017_Election_CV_BOOKLET_web 2.pdf [FileDeduplicator.py:105]
2025-06-05 17:26:24,248 - file_manager - INFO - Dry run: Would remove duplicate: C:\Users\terti\OneDrive\pdf\Polmed_BoT_2017_Election_CV_BOOKLET_web 2_1.pdf [FileDeduplicator.py:105]
2025-06-05 17:26:24,248 - file_manager - INFO - Dry run: Would remove duplicate: C:\Users\terti\OneDrive\pdf\Polmed_BoT_2017_Election_CV_BOOKLET_web.pdf [FileDeduplicator.py:105]
2025-06-05 17:26:24,248 - file_manager - INFO - Dry run: Would remove duplicate: C:\Users\terti\OneDrive\pdf\Polmed_BoT_2017_Election_CV_BOOKLET_web_1.pdf [FileDeduplicator.py:105]
2025-06-05 17:26:24,248 - file_manager - INFO - Dry run: Would remove duplicate: C:\Users\terti\OneDrive\pdf\Polmed_BoT_2017_Election_Nomination_Form_v1 1_1.pdf [FileDeduplicator.py:105]
2025-06-05 17:26:24,248 - file_manager - INFO - Dry run: Would remove duplicate: C:\Users\terti\OneDrive\pdf\Polmed_BoT_2017_Election_Nomination_Form_v1 2.pdf [FileDeduplicator.py:105]
2025-06-05 17:26:24,248 - file_manager - INFO - Dry run: Would remove duplicate: C:\Users\terti\OneDrive\pdf\Polmed_BoT_2017_Election_Nomination_Form_v1 2_1.pdf [FileDeduplicator.py:105]
2025-06-05 17:26:24,248 - file_manager - INFO - Dry run: Would remove duplicate: C:\Users\terti\OneDrive\pdf\Polmed_BoT_2017_Election_Nomination_Form_v1.pdf [FileDeduplicator.py:105]
2025-06-05 17:26:24,248 - file_manager - INFO - Dry run: Would remove duplicate: C:\Users\terti\OneDrive\pdf\Polmed_BoT_2017_Election_Nomination_Form_v1_1.pdf [FileDeduplicator.py:105]
2025-06-05 17:26:24,248 - file_manager - INFO - Dry run: Would remove duplicate: C:\Users\terti\OneDrive\pdf\Polmed_VOTING_STATIONS 1_1.pdf [FileDeduplicator.py:105]
2025-06-05 17:26:24,248 - file_manager - INFO - Dry run: Would remove duplicate: C:\Users\terti\OneDrive\pdf\Polmed_VOTING_STATIONS 2.pdf [FileDeduplicator.py:105]
2025-06-05 17:26:24,263 - file_manager - INFO - Dry run: Would remove duplicate: C:\Users\terti\OneDrive\pdf\Polmed_VOTING_STATIONS 2_1.pdf [FileDeduplicator.py:105]
2025-06-05 17:26:24,263 - file_manager - INFO - Dry run: Would remove duplicate: C:\Users\terti\OneDrive\pdf\Polmed_VOTING_STATIONS.pdf [FileDeduplicator.py:105]
2025-06-05 17:26:24,263 - file_manager - INFO - Dry run: Would remove duplicate: C:\Users\terti\OneDrive\pdf\Polmed_VOTING_STATIONS_1.pdf [FileDeduplicator.py:105]
2025-06-05 17:26:24,263 - file_manager - INFO - Dry run: Would remove duplicate: C:\Users\terti\OneDrive\pdf\PQ 657 - Singh - NW1697E_1.pdf [FileDeduplicator.py:105]
2025-06-05 17:26:24,263 - file_manager - INFO - Dry run: Would remove duplicate: C:\Users\terti\OneDrive\pdf\pr2_1.pdf [FileDeduplicator.py:105]
2025-06-05 17:26:24,263 - file_manager - INFO - Dry run: Would remove duplicate: C:\Users\terti\OneDrive\pdf\Prepping_For_Interview_Checklist_1.pdf [FileDeduplicator.py:105]
2025-06-05 17:26:24,263 - file_manager - INFO - Dry run: Would remove duplicate: C:\Users\terti\OneDrive\pdf\prescriptive-guidance_1.pdf [FileDeduplicator.py:105]
2025-06-05 17:26:24,263 - file_manager - INFO - Dry run: Would remove duplicate: C:\Users\terti\OneDrive\pdf\Presentation_1.pdf [FileDeduplicator.py:105]
2025-06-05 17:26:24,263 - file_manager - INFO - Dry run: Would remove duplicate: C:\Users\terti\OneDrive\pdf\Profile (1)(1).pdf [FileDeduplicator.py:105]
2025-06-05 17:26:24,263 - file_manager - INFO - Dry run: Would remove duplicate: C:\Users\terti\OneDrive\pdf\Profile (1)-X0.pdf [FileDeduplicator.py:105]
2025-06-05 17:26:24,263 - file_manager - INFO - Dry run: Would remove duplicate: C:\Users\terti\OneDrive\pdf\Profile (11)_1.pdf [FileDeduplicator.py:105]
2025-06-05 17:26:24,263 - file_manager - INFO - Dry run: Would remove duplicate: C:\Users\terti\OneDrive\pdf\Profile (1111)_1.pdf [FileDeduplicator.py:105]
2025-06-05 17:26:24,263 - file_manager - INFO - Dry run: Would remove duplicate: C:\Users\terti\OneDrive\pdf\Profile (1111111)_1.pdf [FileDeduplicator.py:105]
2025-06-05 17:26:24,263 - file_manager - INFO - Dry run: Would remove duplicate: C:\Users\terti\OneDrive\pdf\Profile (3).pdf [FileDeduplicator.py:105]
2025-06-05 17:26:24,263 - file_manager - INFO - Dry run: Would remove duplicate: C:\Users\terti\OneDrive\pdf\Profile (4).pdf [FileDeduplicator.py:105]
2025-06-05 17:26:24,263 - file_manager - INFO - Dry run: Would remove duplicate: C:\Users\terti\OneDrive\pdf\Profile (5).pdf [FileDeduplicator.py:105]
2025-06-05 17:26:24,264 - file_manager - INFO - Dry run: Would remove duplicate: C:\Users\terti\OneDrive\pdf\Profile-1.pdf [FileDeduplicator.py:105]
2025-06-05 17:26:24,264 - file_manager - INFO - Dry run: Would remove duplicate: C:\Users\terti\OneDrive\pdf\ProgrammingGroundUp-1-0-booksize_1.pdf [FileDeduplicator.py:105]
2025-06-05 17:26:24,264 - file_manager - INFO - Dry run: Would remove duplicate: C:\Users\terti\OneDrive\pdf\proof of banking details(2).pdf [FileDeduplicator.py:105]
2025-06-05 17:26:24,264 - file_manager - INFO - Dry run: Would remove duplicate: C:\Users\terti\OneDrive\pdf\proof of banking details.pdf [FileDeduplicator.py:105]
2025-06-05 17:26:24,264 - file_manager - INFO - Dry run: Would remove duplicate: C:\Users\terti\OneDrive\pdf\proof of banking details_1.pdf [FileDeduplicator.py:105]
2025-06-05 17:26:24,264 - file_manager - INFO - Dry run: Would remove duplicate: C:\Users\terti\OneDrive\pdf\proof of residence(2).pdf [FileDeduplicator.py:105]
2025-06-05 17:26:24,264 - file_manager - INFO - Dry run: Would remove duplicate: C:\Users\terti\OneDrive\pdf\proof of residence.pdf [FileDeduplicator.py:105]
2025-06-05 17:26:24,264 - file_manager - INFO - Dry run: Would remove duplicate: C:\Users\terti\OneDrive\pdf\proof of residence_1.pdf [FileDeduplicator.py:105]
2025-06-05 17:26:24,264 - file_manager - INFO - Dry run: Would remove duplicate: C:\Users\terti\OneDrive\pdf\proof of residence_2.pdf [FileDeduplicator.py:105]
2025-06-05 17:26:24,264 - file_manager - INFO - Dry run: Would remove duplicate: C:\Users\terti\OneDrive\pdf\proof of residence_3.pdf [FileDeduplicator.py:105]
2025-06-05 17:26:24,279 - file_manager - INFO - Dry run: Would remove duplicate: C:\Users\terti\OneDrive\pdf\PropIQ Payment Confirmation (1)_1.pdf [FileDeduplicator.py:105]
2025-06-05 17:26:24,279 - file_manager - INFO - Dry run: Would remove duplicate: C:\Users\terti\OneDrive\pdf\PropIQ Payment Confirmation (2).pdf [FileDeduplicator.py:105]
2025-06-05 17:26:24,279 - file_manager - INFO - Dry run: Would remove duplicate: C:\Users\terti\OneDrive\pdf\PropIQ Payment Confirmation (2)_1.pdf [FileDeduplicator.py:105]
2025-06-05 17:26:24,279 - file_manager - INFO - Dry run: Would remove duplicate: C:\Users\terti\OneDrive\pdf\PropIQ Payment Confirmation (3)_1.pdf [FileDeduplicator.py:105]
2025-06-05 17:26:24,279 - file_manager - INFO - Dry run: Would remove duplicate: C:\Users\terti\OneDrive\pdf\PropIQ Payment Confirmation 1.pdf [FileDeduplicator.py:105]
2025-06-05 17:26:24,279 - file_manager - INFO - Dry run: Would remove duplicate: C:\Users\terti\OneDrive\pdf\PropIQ Payment Confirmation 1_1.pdf [FileDeduplicator.py:105]
2025-06-05 17:26:24,279 - file_manager - INFO - Dry run: Would remove duplicate: C:\Users\terti\OneDrive\pdf\PropIQ Payment Confirmation 2.pdf [FileDeduplicator.py:105]
2025-06-05 17:26:24,279 - file_manager - INFO - Dry run: Would remove duplicate: C:\Users\terti\OneDrive\pdf\PropIQ Payment Confirmation 2_1.pdf [FileDeduplicator.py:105]
2025-06-05 17:26:24,279 - file_manager - INFO - Dry run: Would remove duplicate: C:\Users\terti\OneDrive\pdf\PropIQ Payment Confirmation 3.pdf [FileDeduplicator.py:105]
2025-06-05 17:26:24,279 - file_manager - INFO - Dry run: Would remove duplicate: C:\Users\terti\OneDrive\pdf\PropIQ Payment Confirmation 3_1.pdf [FileDeduplicator.py:105]
2025-06-05 17:26:24,279 - file_manager - INFO - Dry run: Would remove duplicate: C:\Users\terti\OneDrive\pdf\PropIQ Payment Confirmation 4_1.pdf [FileDeduplicator.py:105]
2025-06-05 17:26:24,279 - file_manager - INFO - Dry run: Would remove duplicate: C:\Users\terti\OneDrive\pdf\PropIQ Payment Confirmation 5.pdf [FileDeduplicator.py:105]
2025-06-05 17:26:24,279 - file_manager - INFO - Dry run: Would remove duplicate: C:\Users\terti\OneDrive\pdf\PropIQ Payment Confirmation 5_1.pdf [FileDeduplicator.py:105]
2025-06-05 17:26:24,279 - file_manager - INFO - Dry run: Would remove duplicate: C:\Users\terti\OneDrive\pdf\PropIQ Payment Confirmation.pdf [FileDeduplicator.py:105]
2025-06-05 17:26:24,279 - file_manager - INFO - Dry run: Would remove duplicate: C:\Users\terti\OneDrive\pdf\PropIQ Payment Confirmation_1.pdf [FileDeduplicator.py:105]
2025-06-05 17:26:24,279 - file_manager - INFO - Dry run: Would remove duplicate: C:\Users\terti\OneDrive\pdf\PropIQ Report (1)_1.pdf [FileDeduplicator.py:105]
2025-06-05 17:26:24,279 - file_manager - INFO - Dry run: Would remove duplicate: C:\Users\terti\OneDrive\pdf\PropIQ Report (2)_1.pdf [FileDeduplicator.py:105]
2025-06-05 17:26:24,279 - file_manager - INFO - Dry run: Would remove duplicate: C:\Users\terti\OneDrive\pdf\PropIQ Report (3).pdf [FileDeduplicator.py:105]
2025-06-05 17:26:24,279 - file_manager - INFO - Dry run: Would remove duplicate: C:\Users\terti\OneDrive\pdf\PropIQ Report (3)_1.pdf [FileDeduplicator.py:105]
2025-06-05 17:26:24,280 - file_manager - INFO - Dry run: Would remove duplicate: C:\Users\terti\OneDrive\pdf\PropIQ Report 1.pdf [FileDeduplicator.py:105]
2025-06-05 17:26:24,280 - file_manager - INFO - Dry run: Would remove duplicate: C:\Users\terti\OneDrive\pdf\PropIQ Report 1_1.pdf [FileDeduplicator.py:105]
2025-06-05 17:26:24,280 - file_manager - INFO - Dry run: Would remove duplicate: C:\Users\terti\OneDrive\pdf\PropIQ Report 2.pdf [FileDeduplicator.py:105]
2025-06-05 17:26:24,280 - file_manager - INFO - Dry run: Would remove duplicate: C:\Users\terti\OneDrive\pdf\PropIQ Report 2_1.pdf [FileDeduplicator.py:105]
2025-06-05 17:26:24,280 - file_manager - INFO - Dry run: Would remove duplicate: C:\Users\terti\OneDrive\pdf\PropIQ Report 3.pdf [FileDeduplicator.py:105]
2025-06-05 17:26:24,280 - file_manager - INFO - Dry run: Would remove duplicate: C:\Users\terti\OneDrive\pdf\PropIQ Report 3_1.pdf [FileDeduplicator.py:105]
2025-06-05 17:26:24,295 - file_manager - INFO - Dry run: Would remove duplicate: C:\Users\terti\OneDrive\pdf\PropIQ Report 4_1.pdf [FileDeduplicator.py:105]
2025-06-05 17:26:24,295 - file_manager - INFO - Dry run: Would remove duplicate: C:\Users\terti\OneDrive\pdf\PropIQ Report 5.pdf [FileDeduplicator.py:105]
2025-06-05 17:26:24,295 - file_manager - INFO - Dry run: Would remove duplicate: C:\Users\terti\OneDrive\pdf\PropIQ Report 5_1.pdf [FileDeduplicator.py:105]
2025-06-05 17:26:24,295 - file_manager - INFO - Dry run: Would remove duplicate: C:\Users\terti\OneDrive\pdf\PropIQ Report.pdf [FileDeduplicator.py:105]
2025-06-05 17:26:24,295 - file_manager - INFO - Dry run: Would remove duplicate: C:\Users\terti\OneDrive\pdf\PropIQ Report_1.pdf [FileDeduplicator.py:105]
2025-06-05 17:26:24,295 - file_manager - INFO - Dry run: Would remove duplicate: C:\Users\terti\OneDrive\pdf\protection_order_notice_complainant(1)_1.pdf [FileDeduplicator.py:105]
2025-06-05 17:26:24,295 - file_manager - INFO - Dry run: Would remove duplicate: C:\Users\terti\OneDrive\pdf\protection_order_notice_complainant(1)_2.pdf [FileDeduplicator.py:105]
2025-06-05 17:26:24,296 - file_manager - INFO - Dry run: Would remove duplicate: C:\Users\terti\OneDrive\pdf\protection_order_notice_complainant_1.pdf [FileDeduplicator.py:105]
2025-06-05 17:26:24,296 - file_manager - INFO - Dry run: Would remove duplicate: C:\Users\terti\OneDrive\pdf\protection_order_notice_complainant_2.pdf [FileDeduplicator.py:105]
2025-06-05 17:26:24,296 - file_manager - INFO - Dry run: Would remove duplicate: C:\Users\terti\OneDrive\pdf\ProvStatementbfre00074a-L-20170320 (2).pdf [FileDeduplicator.py:105]
2025-06-05 17:26:24,296 - file_manager - INFO - Dry run: Would remove duplicate: C:\Users\terti\OneDrive\pdf\ProvStatementbfre00074a-L-20170320(1).pdf [FileDeduplicator.py:105]
2025-06-05 17:26:24,296 - file_manager - INFO - Dry run: Would remove duplicate: C:\Users\terti\OneDrive\pdf\ProvStatementbfre00074a-L-20170320(2).pdf [FileDeduplicator.py:105]
2025-06-05 17:26:24,296 - file_manager - INFO - Dry run: Would remove duplicate: C:\Users\terti\OneDrive\pdf\ProvStatementbfre00074a-L-20170320.pdf [FileDeduplicator.py:105]
2025-06-05 17:26:24,296 - file_manager - INFO - Dry run: Would remove duplicate: C:\Users\terti\OneDrive\pdf\ProvStatementbfre00074a-L-20170320_1.pdf [FileDeduplicator.py:105]
2025-06-05 17:26:24,296 - file_manager - INFO - Dry run: Would remove duplicate: C:\Users\terti\OneDrive\pdf\ProvStatementbfre00074a-L-20170619 1_1.pdf [FileDeduplicator.py:105]
2025-06-05 17:26:24,296 - file_manager - INFO - Dry run: Would remove duplicate: C:\Users\terti\OneDrive\pdf\ProvStatementbfre00074a-L-20170619.pdf [FileDeduplicator.py:105]
2025-06-05 17:26:24,296 - file_manager - INFO - Dry run: Would remove duplicate: C:\Users\terti\OneDrive\pdf\ProvStatementbfre00074a-L-20170619_1.pdf [FileDeduplicator.py:105]
2025-06-05 17:26:24,296 - file_manager - INFO - Dry run: Would remove duplicate: C:\Users\terti\OneDrive\pdf\pr_1.pdf [FileDeduplicator.py:105]
2025-06-05 17:26:24,296 - file_manager - INFO - Dry run: Would remove duplicate: C:\Users\terti\OneDrive\pdf\PSP Affidavit Signed_1.pdf [FileDeduplicator.py:105]
2025-06-05 17:26:24,296 - file_manager - INFO - Dry run: Would remove duplicate: C:\Users\terti\OneDrive\pdf\PSP Affidavit Signed_2.pdf [FileDeduplicator.py:105]
2025-06-05 17:26:24,296 - file_manager - INFO - Dry run: Would remove duplicate: C:\Users\terti\OneDrive\pdf\PSP Affidavit_1.pdf [FileDeduplicator.py:105]
2025-06-05 17:26:24,296 - file_manager - INFO - Dry run: Would remove duplicate: C:\Users\terti\OneDrive\pdf\PSP Affidavit_2.pdf [FileDeduplicator.py:105]
2025-06-05 17:26:24,297 - file_manager - INFO - Dry run: Would remove duplicate: C:\Users\terti\OneDrive\pdf\PSP Overview_1.pdf [FileDeduplicator.py:105]
2025-06-05 17:26:24,297 - file_manager - INFO - Dry run: Would remove duplicate: C:\Users\terti\OneDrive\pdf\PSP Overview_2.pdf [FileDeduplicator.py:105]
2025-06-05 17:26:24,297 - file_manager - INFO - Dry run: Would remove duplicate: C:\Users\terti\OneDrive\pdf\Psychometric Assessments(1)_1.pdf [FileDeduplicator.py:105]
2025-06-05 17:26:24,310 - file_manager - INFO - Dry run: Would remove duplicate: C:\Users\terti\OneDrive\pdf\Psychometric Assessments.pdf [FileDeduplicator.py:105]
2025-06-05 17:26:24,311 - file_manager - INFO - Dry run: Would remove duplicate: C:\Users\terti\OneDrive\pdf\Psychometric Assessments_1.pdf [FileDeduplicator.py:105]
2025-06-05 17:26:24,311 - file_manager - INFO - Dry run: Would remove duplicate: C:\Users\terti\OneDrive\pdf\q253070 (2).pdf [FileDeduplicator.py:105]
2025-06-05 17:26:24,311 - file_manager - INFO - Dry run: Would remove duplicate: C:\Users\terti\OneDrive\pdf\q253070(1).pdf [FileDeduplicator.py:105]
2025-06-05 17:26:24,311 - file_manager - INFO - Dry run: Would remove duplicate: C:\Users\terti\OneDrive\pdf\q253070(2).pdf [FileDeduplicator.py:105]
2025-06-05 17:26:24,311 - file_manager - INFO - Dry run: Would remove duplicate: C:\Users\terti\OneDrive\pdf\q253070.pdf [FileDeduplicator.py:105]
2025-06-05 17:26:24,311 - file_manager - INFO - Dry run: Would remove duplicate: C:\Users\terti\OneDrive\pdf\q253070_1.pdf [FileDeduplicator.py:105]
2025-06-05 17:26:24,311 - file_manager - INFO - Dry run: Would remove duplicate: C:\Users\terti\OneDrive\pdf\QA_Test Engineer Prep (1)(1)_1.pdf [FileDeduplicator.py:105]
2025-06-05 17:26:24,311 - file_manager - INFO - Dry run: Would remove duplicate: C:\Users\terti\OneDrive\pdf\QA_Test Engineer Prep.pdf [FileDeduplicator.py:105]
2025-06-05 17:26:24,311 - file_manager - INFO - Dry run: Would remove duplicate: C:\Users\terti\OneDrive\pdf\QA_Test Engineer Prep_1.pdf [FileDeduplicator.py:105]
2025-06-05 17:26:24,311 - file_manager - INFO - Dry run: Would remove duplicate: C:\Users\terti\OneDrive\pdf\Quantcast - Dashboard_1.pdf [FileDeduplicator.py:105]
2025-06-05 17:26:24,311 - file_manager - INFO - Dry run: Would remove duplicate: C:\Users\terti\OneDrive\pdf\Quotation - QUO12560 - 17_10_2022.pdf [FileDeduplicator.py:105]
2025-06-05 17:26:24,311 - file_manager - INFO - Dry run: Would remove duplicate: C:\Users\terti\OneDrive\pdf\Quotation_QU170184.PDF [FileDeduplicator.py:105]
2025-06-05 17:26:24,311 - file_manager - INFO - Dry run: Would remove duplicate: C:\Users\terti\OneDrive\pdf\Quote - Website - Redesign - Mobile Ready_1.pdf [FileDeduplicator.py:105]
2025-06-05 17:26:24,311 - file_manager - INFO - Dry run: Would remove duplicate: C:\Users\terti\OneDrive\pdf\Quote - Website - Redesign - Mobile Ready_2.pdf [FileDeduplicator.py:105]
2025-06-05 17:26:24,311 - file_manager - INFO - Dry run: Would remove duplicate: C:\Users\terti\OneDrive\pdf\Quote_-_Website_-_Redesign_-_Mobile_Ready.pdf [FileDeduplicator.py:105]
2025-06-05 17:26:24,311 - file_manager - INFO - Dry run: Would remove duplicate: C:\Users\terti\OneDrive\pdf\radisson_confirmation_26KHBLC8_2.pdf [FileDeduplicator.py:105]
2025-06-05 17:26:24,311 - file_manager - INFO - Dry run: Would remove duplicate: C:\Users\terti\OneDrive\pdf\Ramp-Up_Guide_Containers_1.pdf [FileDeduplicator.py:105]
2025-06-05 17:26:24,311 - file_manager - INFO - Dry run: Would remove duplicate: C:\Users\terti\OneDrive\pdf\random_000022(2).pdf [FileDeduplicator.py:105]
2025-06-05 17:26:24,312 - file_manager - INFO - Dry run: Would remove duplicate: C:\Users\terti\OneDrive\pdf\random_000022.pdf [FileDeduplicator.py:105]
2025-06-05 17:26:24,312 - file_manager - INFO - Dry run: Would remove duplicate: C:\Users\terti\OneDrive\pdf\random_000022_1.pdf [FileDeduplicator.py:105]
2025-06-05 17:26:24,312 - file_manager - INFO - Dry run: Would remove duplicate: C:\Users\terti\OneDrive\pdf\random_000023(2).pdf [FileDeduplicator.py:105]
2025-06-05 17:26:24,312 - file_manager - INFO - Dry run: Would remove duplicate: C:\Users\terti\OneDrive\pdf\random_000023.pdf [FileDeduplicator.py:105]
2025-06-05 17:26:24,312 - file_manager - INFO - Dry run: Would remove duplicate: C:\Users\terti\OneDrive\pdf\random_000023_1.pdf [FileDeduplicator.py:105]
2025-06-05 17:26:24,312 - file_manager - INFO - Dry run: Would remove duplicate: C:\Users\terti\OneDrive\pdf\random_000024(2).pdf [FileDeduplicator.py:105]
2025-06-05 17:26:24,312 - file_manager - INFO - Dry run: Would remove duplicate: C:\Users\terti\OneDrive\pdf\random_000024.pdf [FileDeduplicator.py:105]
2025-06-05 17:26:24,326 - file_manager - INFO - Dry run: Would remove duplicate: C:\Users\terti\OneDrive\pdf\random_000024_1.pdf [FileDeduplicator.py:105]
2025-06-05 17:26:24,327 - file_manager - INFO - Dry run: Would remove duplicate: C:\Users\terti\OneDrive\pdf\random_000025(2).pdf [FileDeduplicator.py:105]
2025-06-05 17:26:24,327 - file_manager - INFO - Dry run: Would remove duplicate: C:\Users\terti\OneDrive\pdf\random_000025.pdf [FileDeduplicator.py:105]
2025-06-05 17:26:24,327 - file_manager - INFO - Dry run: Would remove duplicate: C:\Users\terti\OneDrive\pdf\random_000025_1.pdf [FileDeduplicator.py:105]
2025-06-05 17:26:24,327 - file_manager - INFO - Dry run: Would remove duplicate: C:\Users\terti\OneDrive\pdf\random_000026(2).pdf [FileDeduplicator.py:105]
2025-06-05 17:26:24,327 - file_manager - INFO - Dry run: Would remove duplicate: C:\Users\terti\OneDrive\pdf\random_000026.pdf [FileDeduplicator.py:105]
2025-06-05 17:26:24,327 - file_manager - INFO - Dry run: Would remove duplicate: C:\Users\terti\OneDrive\pdf\random_000026_1.pdf [FileDeduplicator.py:105]
2025-06-05 17:26:24,327 - file_manager - INFO - Dry run: Would remove duplicate: C:\Users\terti\OneDrive\pdf\random_000027(2).pdf [FileDeduplicator.py:105]
2025-06-05 17:26:24,327 - file_manager - INFO - Dry run: Would remove duplicate: C:\Users\terti\OneDrive\pdf\random_000027.pdf [FileDeduplicator.py:105]
2025-06-05 17:26:24,327 - file_manager - INFO - Dry run: Would remove duplicate: C:\Users\terti\OneDrive\pdf\random_000027_1.pdf [FileDeduplicator.py:105]
2025-06-05 17:26:24,327 - file_manager - INFO - Dry run: Would remove duplicate: C:\Users\terti\OneDrive\pdf\random_000030(2).pdf [FileDeduplicator.py:105]
2025-06-05 17:26:24,327 - file_manager - INFO - Dry run: Would remove duplicate: C:\Users\terti\OneDrive\pdf\random_000030.pdf [FileDeduplicator.py:105]
2025-06-05 17:26:24,327 - file_manager - INFO - Dry run: Would remove duplicate: C:\Users\terti\OneDrive\pdf\random_000030_1.pdf [FileDeduplicator.py:105]
2025-06-05 17:26:24,327 - file_manager - INFO - Dry run: Would remove duplicate: C:\Users\terti\OneDrive\pdf\random_000031(2).pdf [FileDeduplicator.py:105]
2025-06-05 17:26:24,327 - file_manager - INFO - Dry run: Would remove duplicate: C:\Users\terti\OneDrive\pdf\random_000031.pdf [FileDeduplicator.py:105]
2025-06-05 17:26:24,327 - file_manager - INFO - Dry run: Would remove duplicate: C:\Users\terti\OneDrive\pdf\random_000031_1.pdf [FileDeduplicator.py:105]
2025-06-05 17:26:24,327 - file_manager - INFO - Dry run: Would remove duplicate: C:\Users\terti\OneDrive\pdf\random_000032(2).pdf [FileDeduplicator.py:105]
2025-06-05 17:26:24,327 - file_manager - INFO - Dry run: Would remove duplicate: C:\Users\terti\OneDrive\pdf\random_000032.pdf [FileDeduplicator.py:105]
2025-06-05 17:26:24,328 - file_manager - INFO - Dry run: Would remove duplicate: C:\Users\terti\OneDrive\pdf\random_000032_1.pdf [FileDeduplicator.py:105]
2025-06-05 17:26:24,328 - file_manager - INFO - Dry run: Would remove duplicate: C:\Users\terti\OneDrive\pdf\random_000043(2).pdf [FileDeduplicator.py:105]
2025-06-05 17:26:24,328 - file_manager - INFO - Dry run: Would remove duplicate: C:\Users\terti\OneDrive\pdf\random_000043.pdf [FileDeduplicator.py:105]
2025-06-05 17:26:24,328 - file_manager - INFO - Dry run: Would remove duplicate: C:\Users\terti\OneDrive\pdf\random_000043_1.pdf [FileDeduplicator.py:105]
2025-06-05 17:26:24,328 - file_manager - INFO - Dry run: Would remove duplicate: C:\Users\terti\OneDrive\pdf\ransomware-trends-executive-brief.pdf [FileDeduplicator.py:105]
2025-06-05 17:26:24,328 - file_manager - INFO - Dry run: Would remove duplicate: C:\Users\terti\OneDrive\pdf\RaymondSekgobelaResume.pdf [FileDeduplicator.py:105]
2025-06-05 17:26:24,328 - file_manager - INFO - Dry run: Would remove duplicate: C:\Users\terti\OneDrive\pdf\RCPC Outcome - Respondent Geldenhuys 1_1.pdf [FileDeduplicator.py:105]
2025-06-05 17:26:24,328 - file_manager - INFO - Dry run: Would remove duplicate: C:\Users\terti\OneDrive\pdf\RCPC Outcome - Respondent Geldenhuys 2.pdf [FileDeduplicator.py:105]
2025-06-05 17:26:24,342 - file_manager - INFO - Dry run: Would remove duplicate: C:\Users\terti\OneDrive\pdf\RCPC Outcome - Respondent Geldenhuys 2_1.pdf [FileDeduplicator.py:105]
2025-06-05 17:26:24,342 - file_manager - INFO - Dry run: Would remove duplicate: C:\Users\terti\OneDrive\pdf\RCPC Outcome - Respondent Geldenhuys 3.pdf [FileDeduplicator.py:105]
2025-06-05 17:26:24,342 - file_manager - INFO - Dry run: Would remove duplicate: C:\Users\terti\OneDrive\pdf\RCPC Outcome - Respondent Geldenhuys 3_1.pdf [FileDeduplicator.py:105]
2025-06-05 17:26:24,342 - file_manager - INFO - Dry run: Would remove duplicate: C:\Users\terti\OneDrive\pdf\RCPC Outcome - Respondent Geldenhuys 4.pdf [FileDeduplicator.py:105]
2025-06-05 17:26:24,342 - file_manager - INFO - Dry run: Would remove duplicate: C:\Users\terti\OneDrive\pdf\RCPC Outcome - Respondent Geldenhuys 4_1.pdf [FileDeduplicator.py:105]
2025-06-05 17:26:24,342 - file_manager - INFO - Dry run: Would remove duplicate: C:\Users\terti\OneDrive\pdf\RCPC Outcome - Respondent Geldenhuys.pdf [FileDeduplicator.py:105]
2025-06-05 17:26:24,342 - file_manager - INFO - Dry run: Would remove duplicate: C:\Users\terti\OneDrive\pdf\RCPC Outcome - Respondent Geldenhuys_1.pdf [FileDeduplicator.py:105]
2025-06-05 17:26:24,342 - file_manager - INFO - Dry run: Would remove duplicate: C:\Users\terti\OneDrive\pdf\RE AD- Programme Manager _1.pdf [FileDeduplicator.py:105]
2025-06-05 17:26:24,343 - file_manager - INFO - Dry run: Would remove duplicate: C:\Users\terti\OneDrive\pdf\RE AD-Senior System Administrator -LINUX_0_1.pdf [FileDeduplicator.py:105]
2025-06-05 17:26:24,343 - file_manager - INFO - Dry run: Would remove duplicate: C:\Users\terti\OneDrive\pdf\react-js-interview-questions(1)_1.pdf [FileDeduplicator.py:105]
2025-06-05 17:26:24,343 - file_manager - INFO - Dry run: Would remove duplicate: C:\Users\terti\OneDrive\pdf\react-js-interview-questions(1)_2.pdf [FileDeduplicator.py:105]
2025-06-05 17:26:24,343 - file_manager - INFO - Dry run: Would remove duplicate: C:\Users\terti\OneDrive\pdf\react-js-interview-questions_1.pdf [FileDeduplicator.py:105]
2025-06-05 17:26:24,343 - file_manager - INFO - Dry run: Would remove duplicate: C:\Users\terti\OneDrive\pdf\react-js-interview-questions_2.pdf [FileDeduplicator.py:105]
2025-06-05 17:26:24,343 - file_manager - INFO - Dry run: Would remove duplicate: C:\Users\terti\OneDrive\pdf\real-time-honeypot-forensic-investigation-german-organized-crime-network-39640_1.pdf [FileDeduplicator.py:105]
2025-06-05 17:26:24,343 - file_manager - INFO - Dry run: Would remove duplicate: C:\Users\terti\OneDrive\pdf\Red Team Guide_1.pdf [FileDeduplicator.py:105]
2025-06-05 17:26:24,343 - file_manager - INFO - Dry run: Would remove duplicate: C:\Users\terti\OneDrive\pdf\Refund Status_None_1.pdf [FileDeduplicator.py:105]
2025-06-05 17:26:24,343 - file_manager - INFO - Dry run: Would remove duplicate: C:\Users\terti\OneDrive\pdf\Reinforce Hosing (Pty) Ltd 1_1.pdf [FileDeduplicator.py:105]
2025-06-05 17:26:24,343 - file_manager - INFO - Dry run: Would remove duplicate: C:\Users\terti\OneDrive\pdf\Reinforce Hosing (Pty) Ltd 2.pdf [FileDeduplicator.py:105]
2025-06-05 17:26:24,343 - file_manager - INFO - Dry run: Would remove duplicate: C:\Users\terti\OneDrive\pdf\Reinforce Hosing (Pty) Ltd 2_1.pdf [FileDeduplicator.py:105]
2025-06-05 17:26:24,343 - file_manager - INFO - Dry run: Would remove duplicate: C:\Users\terti\OneDrive\pdf\Reinforce Hosing (Pty) Ltd.pdf [FileDeduplicator.py:105]
2025-06-05 17:26:24,343 - file_manager - INFO - Dry run: Would remove duplicate: C:\Users\terti\OneDrive\pdf\Reinforce Hosing (Pty) Ltd_1.pdf [FileDeduplicator.py:105]
2025-06-05 17:26:24,343 - file_manager - INFO - Dry run: Would remove duplicate: C:\Users\terti\OneDrive\pdf\Rekening mnr. Tertius Geldenhuys (1 Jun '17) 1_1.pdf [FileDeduplicator.py:105]
2025-06-05 17:26:24,343 - file_manager - INFO - Dry run: Would remove duplicate: C:\Users\terti\OneDrive\pdf\Rekening mnr. Tertius Geldenhuys (1 Jun '17) 2.pdf [FileDeduplicator.py:105]
2025-06-05 17:26:24,343 - file_manager - INFO - Dry run: Would remove duplicate: C:\Users\terti\OneDrive\pdf\Rekening mnr. Tertius Geldenhuys (1 Jun '17) 2_1.pdf [FileDeduplicator.py:105]
2025-06-05 17:26:24,358 - file_manager - INFO - Dry run: Would remove duplicate: C:\Users\terti\OneDrive\pdf\Rekening mnr. Tertius Geldenhuys (1 Jun '17).pdf [FileDeduplicator.py:105]
2025-06-05 17:26:24,358 - file_manager - INFO - Dry run: Would remove duplicate: C:\Users\terti\OneDrive\pdf\Rekening mnr. Tertius Geldenhuys (1 Jun '17)_1.pdf [FileDeduplicator.py:105]
2025-06-05 17:26:24,358 - file_manager - INFO - Dry run: Would remove duplicate: C:\Users\terti\OneDrive\pdf\Rekening mnr. Tertius Geldenhuys (13 Jun '17) 1_1.pdf [FileDeduplicator.py:105]
2025-06-05 17:26:24,358 - file_manager - INFO - Dry run: Would remove duplicate: C:\Users\terti\OneDrive\pdf\Rekening mnr. Tertius Geldenhuys (13 Jun '17) 2.pdf [FileDeduplicator.py:105]
2025-06-05 17:26:24,358 - file_manager - INFO - Dry run: Would remove duplicate: C:\Users\terti\OneDrive\pdf\Rekening mnr. Tertius Geldenhuys (13 Jun '17) 2_1.pdf [FileDeduplicator.py:105]
2025-06-05 17:26:24,358 - file_manager - INFO - Dry run: Would remove duplicate: C:\Users\terti\OneDrive\pdf\Rekening mnr. Tertius Geldenhuys (13 Jun '17).pdf [FileDeduplicator.py:105]
2025-06-05 17:26:24,358 - file_manager - INFO - Dry run: Would remove duplicate: C:\Users\terti\OneDrive\pdf\Rekening mnr. Tertius Geldenhuys (13 Jun '17)_1.pdf [FileDeduplicator.py:105]
2025-06-05 17:26:24,358 - file_manager - INFO - Dry run: Would remove duplicate: C:\Users\terti\OneDrive\pdf\Rekening mnr. Tertius Geldenhuys (14 Jul '17) 1_1.pdf [FileDeduplicator.py:105]
2025-06-05 17:26:24,358 - file_manager - INFO - Dry run: Would remove duplicate: C:\Users\terti\OneDrive\pdf\Rekening mnr. Tertius Geldenhuys (14 Jul '17) 2.pdf [FileDeduplicator.py:105]
2025-06-05 17:26:24,358 - file_manager - INFO - Dry run: Would remove duplicate: C:\Users\terti\OneDrive\pdf\Rekening mnr. Tertius Geldenhuys (14 Jul '17) 2_1.pdf [FileDeduplicator.py:105]
2025-06-05 17:26:24,358 - file_manager - INFO - Dry run: Would remove duplicate: C:\Users\terti\OneDrive\pdf\Rekening mnr. Tertius Geldenhuys (14 Jul '17).pdf [FileDeduplicator.py:105]
2025-06-05 17:26:24,358 - file_manager - INFO - Dry run: Would remove duplicate: C:\Users\terti\OneDrive\pdf\Rekening mnr. Tertius Geldenhuys (14 Jul '17)_1.pdf [FileDeduplicator.py:105]
2025-06-05 17:26:24,358 - file_manager - INFO - Dry run: Would remove duplicate: C:\Users\terti\OneDrive\pdf\Rekening mnr. Tertius Geldenhuys (26 Jul '17) 1_1.pdf [FileDeduplicator.py:105]
2025-06-05 17:26:24,358 - file_manager - INFO - Dry run: Would remove duplicate: C:\Users\terti\OneDrive\pdf\Rekening mnr. Tertius Geldenhuys (26 Jul '17) 2.pdf [FileDeduplicator.py:105]
2025-06-05 17:26:24,358 - file_manager - INFO - Dry run: Would remove duplicate: C:\Users\terti\OneDrive\pdf\Rekening mnr. Tertius Geldenhuys (26 Jul '17) 2_1.pdf [FileDeduplicator.py:105]
2025-06-05 17:26:24,358 - file_manager - INFO - Dry run: Would remove duplicate: C:\Users\terti\OneDrive\pdf\Rekening mnr. Tertius Geldenhuys (26 Jul '17).pdf [FileDeduplicator.py:105]
2025-06-05 17:26:24,359 - file_manager - INFO - Dry run: Would remove duplicate: C:\Users\terti\OneDrive\pdf\Rekening mnr. Tertius Geldenhuys (26 Jul '17)_1.pdf [FileDeduplicator.py:105]
2025-06-05 17:26:24,359 - file_manager - INFO - Dry run: Would remove duplicate: C:\Users\terti\OneDrive\pdf\Rekening mnr. Tertius Geldenhuys (26 Jul '17)_2.pdf [FileDeduplicator.py:105]
2025-06-05 17:26:24,359 - file_manager - INFO - Dry run: Would remove duplicate: C:\Users\terti\OneDrive\pdf\Rekening mnr. Tertius Geldenhuys (26 Jul _17).pdf [FileDeduplicator.py:105]
2025-06-05 17:26:24,359 - file_manager - INFO - Dry run: Would remove duplicate: C:\Users\terti\OneDrive\pdf\Rekening mnr. Tertius Geldenhuys (30 Jun '17) 1_1.pdf [FileDeduplicator.py:105]
2025-06-05 17:26:24,359 - file_manager - INFO - Dry run: Would remove duplicate: C:\Users\terti\OneDrive\pdf\Rekening mnr. Tertius Geldenhuys (30 Jun '17) 2.pdf [FileDeduplicator.py:105]
2025-06-05 17:26:24,359 - file_manager - INFO - Dry run: Would remove duplicate: C:\Users\terti\OneDrive\pdf\Rekening mnr. Tertius Geldenhuys (30 Jun '17) 2_1.pdf [FileDeduplicator.py:105]
2025-06-05 17:26:24,373 - file_manager - INFO - Dry run: Would remove duplicate: C:\Users\terti\OneDrive\pdf\Rekening mnr. Tertius Geldenhuys (30 Jun '17).pdf [FileDeduplicator.py:105]
2025-06-05 17:26:24,373 - file_manager - INFO - Dry run: Would remove duplicate: C:\Users\terti\OneDrive\pdf\Rekening mnr. Tertius Geldenhuys (30 Jun '17)_1.pdf [FileDeduplicator.py:105]
2025-06-05 17:26:24,373 - file_manager - INFO - Dry run: Would remove duplicate: C:\Users\terti\OneDrive\pdf\Rekening mnr. Tertius Geldenhuys (30 Jun _17)(1)_1.pdf [FileDeduplicator.py:105]
2025-06-05 17:26:24,373 - file_manager - INFO - Dry run: Would remove duplicate: C:\Users\terti\OneDrive\pdf\Rekening mnr. Tertius Geldenhuys (30 Jun _17)(1)_2.pdf [FileDeduplicator.py:105]
2025-06-05 17:26:24,373 - file_manager - INFO - Dry run: Would remove duplicate: C:\Users\terti\OneDrive\pdf\Rekening mnr. Tertius Geldenhuys (30 Jun _17)(2).pdf [FileDeduplicator.py:105]
2025-06-05 17:26:24,373 - file_manager - INFO - Dry run: Would remove duplicate: C:\Users\terti\OneDrive\pdf\Rekening mnr. Tertius Geldenhuys (30 Jun _17)(2)_1.pdf [FileDeduplicator.py:105]
2025-06-05 17:26:24,373 - file_manager - INFO - Dry run: Would remove duplicate: C:\Users\terti\OneDrive\pdf\Rekening mnr. Tertius Geldenhuys (30 Jun _17)(2)_2.pdf [FileDeduplicator.py:105]
2025-06-05 17:26:24,373 - file_manager - INFO - Dry run: Would remove duplicate: C:\Users\terti\OneDrive\pdf\Rekening mnr. Tertius Geldenhuys (30 Jun _17)(3)_1.pdf [FileDeduplicator.py:105]
2025-06-05 17:26:24,373 - file_manager - INFO - Dry run: Would remove duplicate: C:\Users\terti\OneDrive\pdf\Rekening mnr. Tertius Geldenhuys (30 Jun _17)(3)_2.pdf [FileDeduplicator.py:105]
2025-06-05 17:26:24,373 - file_manager - INFO - Dry run: Would remove duplicate: C:\Users\terti\OneDrive\pdf\Rekening mnr. Tertius Geldenhuys (30 Jun _17)(4).pdf [FileDeduplicator.py:105]
2025-06-05 17:26:24,373 - file_manager - INFO - Dry run: Would remove duplicate: C:\Users\terti\OneDrive\pdf\Rekening mnr. Tertius Geldenhuys (30 Jun _17)(4)_1.pdf [FileDeduplicator.py:105]
2025-06-05 17:26:24,373 - file_manager - INFO - Dry run: Would remove duplicate: C:\Users\terti\OneDrive\pdf\Rekening mnr. Tertius Geldenhuys (30 Jun _17)(4)_2.pdf [FileDeduplicator.py:105]
2025-06-05 17:26:24,373 - file_manager - INFO - Dry run: Would remove duplicate: C:\Users\terti\OneDrive\pdf\Rekening mnr. Tertius Geldenhuys (30 Jun _17)(5)_1.pdf [FileDeduplicator.py:105]
2025-06-05 17:26:24,374 - file_manager - INFO - Dry run: Would remove duplicate: C:\Users\terti\OneDrive\pdf\Rekening mnr. Tertius Geldenhuys (30 Jun _17)(5)_2.pdf [FileDeduplicator.py:105]
2025-06-05 17:26:24,374 - file_manager - INFO - Dry run: Would remove duplicate: C:\Users\terti\OneDrive\pdf\Rekening mnr. Tertius Geldenhuys (30 Jun _17).pdf [FileDeduplicator.py:105]
2025-06-05 17:26:24,374 - file_manager - INFO - Dry run: Would remove duplicate: C:\Users\terti\OneDrive\pdf\Rekening mnr. Tertius Geldenhuys (30 Jun _17)_1.pdf [FileDeduplicator.py:105]
2025-06-05 17:26:24,374 - file_manager - INFO - Dry run: Would remove duplicate: C:\Users\terti\OneDrive\pdf\Rekening mnr. Tertius Geldenhuys (30 Jun _17)_2.pdf [FileDeduplicator.py:105]
2025-06-05 17:26:24,374 - file_manager - INFO - Dry run: Would remove duplicate: C:\Users\terti\OneDrive\pdf\Remote Desktop Protocol (RDP)_1.pdf [FileDeduplicator.py:105]
2025-06-05 17:26:24,374 - file_manager - INFO - Dry run: Would remove duplicate: C:\Users\terti\OneDrive\pdf\Renprop Rentals - Application Private Tenant 2023.pdf [FileDeduplicator.py:105]
2025-06-05 17:26:24,374 - file_manager - INFO - Dry run: Would remove duplicate: C:\Users\terti\OneDrive\pdf\Rental Application 703 Trilogy , Menlyn_1.pdf [FileDeduplicator.py:105]
2025-06-05 17:26:24,374 - file_manager - INFO - Dry run: Would remove duplicate: C:\Users\terti\OneDrive\pdf\Rental Application 703 Trilogy - signed_1.pdf [FileDeduplicator.py:105]
2025-06-05 17:26:24,374 - file_manager - INFO - Dry run: Would remove duplicate: C:\Users\terti\OneDrive\pdf\report-for-corporatespec-com (1).pdf [FileDeduplicator.py:105]
2025-06-05 17:26:24,389 - file_manager - INFO - Dry run: Would remove duplicate: C:\Users\terti\OneDrive\pdf\report-for-corporatespec-com.pdf [FileDeduplicator.py:105]
2025-06-05 17:26:24,389 - file_manager - INFO - Dry run: Would remove duplicate: C:\Users\terti\OneDrive\pdf\Resume Format Length, Style and Design_1.pdf [FileDeduplicator.py:105]
2025-06-05 17:26:24,389 - file_manager - INFO - Dry run: Would remove duplicate: C:\Users\terti\OneDrive\pdf\Resume Format_1.pdf [FileDeduplicator.py:105]
2025-06-05 17:26:24,389 - file_manager - INFO - Dry run: Would remove duplicate: C:\Users\terti\OneDrive\pdf\Resume of Tertius Geldenhuys_1.pdf [FileDeduplicator.py:105]
2025-06-05 17:26:24,389 - file_manager - INFO - Dry run: Would remove duplicate: C:\Users\terti\OneDrive\pdf\Resume Tertius Geldenhuys_11111_1.pdf [FileDeduplicator.py:105]
2025-06-05 17:26:24,389 - file_manager - INFO - Dry run: Would remove duplicate: C:\Users\terti\OneDrive\pdf\Resume(1).pdf [FileDeduplicator.py:105]
2025-06-05 17:26:24,389 - file_manager - INFO - Dry run: Would remove duplicate: C:\Users\terti\OneDrive\pdf\Resume(1)_1.pdf [FileDeduplicator.py:105]
2025-06-05 17:26:24,389 - file_manager - INFO - Dry run: Would remove duplicate: C:\Users\terti\OneDrive\pdf\resume(1)_2.pdf [FileDeduplicator.py:105]
2025-06-05 17:26:24,389 - file_manager - INFO - Dry run: Would remove duplicate: C:\Users\terti\OneDrive\pdf\resume(1)_3.pdf [FileDeduplicator.py:105]
2025-06-05 17:26:24,389 - file_manager - INFO - Dry run: Would remove duplicate: C:\Users\terti\OneDrive\pdf\resume(2)_1.pdf [FileDeduplicator.py:105]
2025-06-05 17:26:24,389 - file_manager - INFO - Dry run: Would remove duplicate: C:\Users\terti\OneDrive\pdf\resume(2)_2.pdf [FileDeduplicator.py:105]
2025-06-05 17:26:24,389 - file_manager - INFO - Dry run: Would remove duplicate: C:\Users\terti\OneDrive\pdf\resume(3)_1.pdf [FileDeduplicator.py:105]
2025-06-05 17:26:24,389 - file_manager - INFO - Dry run: Would remove duplicate: C:\Users\terti\OneDrive\pdf\resume(3)_2.pdf [FileDeduplicator.py:105]
2025-06-05 17:26:24,389 - file_manager - INFO - Dry run: Would remove duplicate: C:\Users\terti\OneDrive\pdf\Resume-Tertius-Geldenhuys (1)_1.pdf [FileDeduplicator.py:105]
2025-06-05 17:26:24,389 - file_manager - INFO - Dry run: Would remove duplicate: C:\Users\terti\OneDrive\pdf\Resume-Tertius-Geldenhuys (2)(1).pdf [FileDeduplicator.py:105]
2025-06-05 17:26:24,389 - file_manager - INFO - Dry run: Would remove duplicate: C:\Users\terti\OneDrive\pdf\Resume-Tertius-Geldenhuys (2)(1)_1.pdf [FileDeduplicator.py:105]
2025-06-05 17:26:24,389 - file_manager - INFO - Dry run: Would remove duplicate: C:\Users\terti\OneDrive\pdf\Resume-Tertius-Geldenhuys (2)-1(1) (1).pdf [FileDeduplicator.py:105]
2025-06-05 17:26:24,389 - file_manager - INFO - Dry run: Would remove duplicate: C:\Users\terti\OneDrive\pdf\Resume-Tertius-Geldenhuys (2)-1(1)(1) (1).pdf [FileDeduplicator.py:105]
2025-06-05 17:26:24,389 - file_manager - INFO - Dry run: Would remove duplicate: C:\Users\terti\OneDrive\pdf\Resume-Tertius-Geldenhuys (2)-1(1)(1)(1).pdf [FileDeduplicator.py:105]
2025-06-05 17:26:24,389 - file_manager - INFO - Dry run: Would remove duplicate: C:\Users\terti\OneDrive\pdf\Resume-Tertius-Geldenhuys (2)-1(1)(1)(1)_1.pdf [FileDeduplicator.py:105]
2025-06-05 17:26:24,389 - file_manager - INFO - Dry run: Would remove duplicate: C:\Users\terti\OneDrive\pdf\Resume-Tertius-Geldenhuys (2)-1(1)(1).pdf [FileDeduplicator.py:105]
2025-06-05 17:26:24,389 - file_manager - INFO - Dry run: Would remove duplicate: C:\Users\terti\OneDrive\pdf\Resume-Tertius-Geldenhuys (2)-1(1)(1)_1.pdf [FileDeduplicator.py:105]
2025-06-05 17:26:24,389 - file_manager - INFO - Dry run: Would remove duplicate: C:\Users\terti\OneDrive\pdf\Resume-Tertius-Geldenhuys (2)-1(1)(2).pdf [FileDeduplicator.py:105]
2025-06-05 17:26:24,389 - file_manager - INFO - Dry run: Would remove duplicate: C:\Users\terti\OneDrive\pdf\Resume-Tertius-Geldenhuys (2)-1(1)(2)_1.pdf [FileDeduplicator.py:105]
2025-06-05 17:26:24,389 - file_manager - INFO - Dry run: Would remove duplicate: C:\Users\terti\OneDrive\pdf\Resume-Tertius-Geldenhuys (2)-1(1)-1 (1).pdf [FileDeduplicator.py:105]
2025-06-05 17:26:24,404 - file_manager - INFO - Dry run: Would remove duplicate: C:\Users\terti\OneDrive\pdf\Resume-Tertius-Geldenhuys (2)-1(1)-1(1).pdf [FileDeduplicator.py:105]
2025-06-05 17:26:24,404 - file_manager - INFO - Dry run: Would remove duplicate: C:\Users\terti\OneDrive\pdf\Resume-Tertius-Geldenhuys (2)-1(1)-1(1)_1.pdf [FileDeduplicator.py:105]
2025-06-05 17:26:24,404 - file_manager - INFO - Dry run: Would remove duplicate: C:\Users\terti\OneDrive\pdf\Resume-Tertius-Geldenhuys (2)-1(1)-1.pdf [FileDeduplicator.py:105]
2025-06-05 17:26:24,405 - file_manager - INFO - Dry run: Would remove duplicate: C:\Users\terti\OneDrive\pdf\Resume-Tertius-Geldenhuys (2)-1(1)-1_1.pdf [FileDeduplicator.py:105]
2025-06-05 17:26:24,405 - file_manager - INFO - Dry run: Would remove duplicate: C:\Users\terti\OneDrive\pdf\Resume-Tertius-Geldenhuys (2)-1(1).pdf [FileDeduplicator.py:105]
2025-06-05 17:26:24,405 - file_manager - INFO - Dry run: Would remove duplicate: C:\Users\terti\OneDrive\pdf\Resume-Tertius-Geldenhuys (2)-1(1)_1.pdf [FileDeduplicator.py:105]
2025-06-05 17:26:24,405 - file_manager - INFO - Dry run: Would remove duplicate: C:\Users\terti\OneDrive\pdf\Resume-Tertius-Geldenhuys (2)-X0.pdf [FileDeduplicator.py:105]
2025-06-05 17:26:24,405 - file_manager - INFO - Dry run: Would remove duplicate: C:\Users\terti\OneDrive\pdf\Resume-Tertius-Geldenhuys (2).pdf [FileDeduplicator.py:105]
2025-06-05 17:26:24,405 - file_manager - INFO - Dry run: Would remove duplicate: C:\Users\terti\OneDrive\pdf\Resume-Tertius-Geldenhuys (2)_1.pdf [FileDeduplicator.py:105]
2025-06-05 17:26:24,405 - file_manager - INFO - Dry run: Would remove duplicate: C:\Users\terti\OneDrive\pdf\Resume-Tertius-Geldenhuys-20120901V2 2.pdf [FileDeduplicator.py:105]
2025-06-05 17:26:24,405 - file_manager - INFO - Dry run: Would remove duplicate: C:\Users\terti\OneDrive\pdf\Resume-Tertius-Geldenhuys-20120901V2.pdf [FileDeduplicator.py:105]
2025-06-05 17:26:24,405 - file_manager - INFO - Dry run: Would remove duplicate: C:\Users\terti\OneDrive\pdf\Resume-Tertius-Geldenhuys-20210826.pdf [FileDeduplicator.py:105]
2025-06-05 17:26:24,405 - file_manager - INFO - Dry run: Would remove duplicate: C:\Users\terti\OneDrive\pdf\resume-tertius-geldenhuys-20250407_2.pdf [FileDeduplicator.py:105]
2025-06-05 17:26:24,405 - file_manager - INFO - Dry run: Would remove duplicate: C:\Users\terti\OneDrive\pdf\Resume-Tertius-Geldenhuys-Export-AWS.pdf [FileDeduplicator.py:105]
2025-06-05 17:26:24,405 - file_manager - INFO - Dry run: Would remove duplicate: C:\Users\terti\OneDrive\pdf\Resume-Tertius-Geldenhuys-LinkedIn (1).pdf [FileDeduplicator.py:105]
2025-06-05 17:26:24,405 - file_manager - INFO - Dry run: Would remove duplicate: C:\Users\terti\OneDrive\pdf\Resume-Tertius-Geldenhuys-LinkedIn.pdf [FileDeduplicator.py:105]
2025-06-05 17:26:24,405 - file_manager - INFO - Dry run: Would remove duplicate: C:\Users\terti\OneDrive\pdf\Resume-Tertius-Geldenhuys-LinkedIn_1.pdf [FileDeduplicator.py:105]
2025-06-05 17:26:24,405 - file_manager - INFO - Dry run: Would remove duplicate: C:\Users\terti\OneDrive\pdf\Resume-Tertius-Geldenhuys-Long (1).pdf [FileDeduplicator.py:105]
2025-06-05 17:26:24,405 - file_manager - INFO - Dry run: Would remove duplicate: C:\Users\terti\OneDrive\pdf\Resume-Tertius-Geldenhuys-Long-X0.pdf [FileDeduplicator.py:105]
2025-06-05 17:26:24,405 - file_manager - INFO - Dry run: Would remove duplicate: C:\Users\terti\OneDrive\pdf\Resume-Tertius-Geldenhuys-Long_1.pdf [FileDeduplicator.py:105]
2025-06-05 17:26:24,405 - file_manager - INFO - Dry run: Would remove duplicate: C:\Users\terti\OneDrive\pdf\Resume-Tertius-Geldenhuys-Short_1.pdf [FileDeduplicator.py:105]
2025-06-05 17:26:24,405 - file_manager - INFO - Dry run: Would remove duplicate: C:\Users\terti\OneDrive\pdf\Resume-Tertius-Geldenhuys.pdf [FileDeduplicator.py:105]
2025-06-05 17:26:24,405 - file_manager - INFO - Dry run: Would remove duplicate: C:\Users\terti\OneDrive\pdf\Resume-Tertius-Geldenhuys[974].pdf [FileDeduplicator.py:105]
2025-06-05 17:26:24,405 - file_manager - INFO - Dry run: Would remove duplicate: C:\Users\terti\OneDrive\pdf\Resume-Tertius-Geldenhuys_.1111111111111_1.pdf [FileDeduplicator.py:105]
2025-06-05 17:26:24,420 - file_manager - INFO - Dry run: Would remove duplicate: C:\Users\terti\OneDrive\pdf\Resume.pdf [FileDeduplicator.py:105]
2025-06-05 17:26:24,420 - file_manager - INFO - Dry run: Would remove duplicate: C:\Users\terti\OneDrive\pdf\Resume_1.pdf [FileDeduplicator.py:105]
2025-06-05 17:26:24,420 - file_manager - INFO - Dry run: Would remove duplicate: C:\Users\terti\OneDrive\pdf\resume_1_1.pdf [FileDeduplicator.py:105]
2025-06-05 17:26:24,421 - file_manager - INFO - Dry run: Would remove duplicate: C:\Users\terti\OneDrive\pdf\resume_2.pdf [FileDeduplicator.py:105]
2025-06-05 17:26:24,421 - file_manager - INFO - Dry run: Would remove duplicate: C:\Users\terti\OneDrive\pdf\resume_3.pdf [FileDeduplicator.py:105]
2025-06-05 17:26:24,421 - file_manager - INFO - Dry run: Would remove duplicate: C:\Users\terti\OneDrive\pdf\Resume_Guide(1)_1.pdf [FileDeduplicator.py:105]
2025-06-05 17:26:24,421 - file_manager - INFO - Dry run: Would remove duplicate: C:\Users\terti\OneDrive\pdf\Resume_Guide(1)_2.pdf [FileDeduplicator.py:105]
2025-06-05 17:26:24,421 - file_manager - INFO - Dry run: Would remove duplicate: C:\Users\terti\OneDrive\pdf\Resume_Guide_1.pdf [FileDeduplicator.py:105]
2025-06-05 17:26:24,421 - file_manager - INFO - Dry run: Would remove duplicate: C:\Users\terti\OneDrive\pdf\Resume_Guide_2.pdf [FileDeduplicator.py:105]
2025-06-05 17:26:24,421 - file_manager - INFO - Dry run: Would remove duplicate: C:\Users\terti\OneDrive\pdf\RETIEF 1_1.pdf [FileDeduplicator.py:105]
2025-06-05 17:26:24,421 - file_manager - INFO - Dry run: Would remove duplicate: C:\Users\terti\OneDrive\pdf\RETIEF DRAWINGS 1_1.pdf [FileDeduplicator.py:105]
2025-06-05 17:26:24,421 - file_manager - INFO - Dry run: Would remove duplicate: C:\Users\terti\OneDrive\pdf\RETIEF DRAWINGS.pdf [FileDeduplicator.py:105]
2025-06-05 17:26:24,421 - file_manager - INFO - Dry run: Would remove duplicate: C:\Users\terti\OneDrive\pdf\RETIEF DRAWINGS_1.pdf [FileDeduplicator.py:105]
2025-06-05 17:26:24,421 - file_manager - INFO - Dry run: Would remove duplicate: C:\Users\terti\OneDrive\pdf\RETIEF.pdf [FileDeduplicator.py:105]
2025-06-05 17:26:24,421 - file_manager - INFO - Dry run: Would remove duplicate: C:\Users\terti\OneDrive\pdf\RETIEF_1.pdf [FileDeduplicator.py:105]
2025-06-05 17:26:24,421 - file_manager - INFO - Dry run: Would remove duplicate: C:\Users\terti\OneDrive\pdf\Risk Tracker Ideal Process Mock-Up_HMC_V2_11.02.2019.pdf [FileDeduplicator.py:105]
2025-06-05 17:26:24,421 - file_manager - INFO - Dry run: Would remove duplicate: C:\Users\terti\OneDrive\pdf\Risk Tracker Ideal Process Mock-Up_HMC_V2_11.02.2019_1.pdf [FileDeduplicator.py:105]
2025-06-05 17:26:24,421 - file_manager - INFO - Dry run: Would remove duplicate: C:\Users\terti\OneDrive\pdf\ROMEZA - INV 15 JAN 2016 (2).pdf [FileDeduplicator.py:105]
2025-06-05 17:26:24,421 - file_manager - INFO - Dry run: Would remove duplicate: C:\Users\terti\OneDrive\pdf\ROMEZA - INV 15 JAN 2016(1).pdf [FileDeduplicator.py:105]
2025-06-05 17:26:24,421 - file_manager - INFO - Dry run: Would remove duplicate: C:\Users\terti\OneDrive\pdf\ROMEZA - INV 15 JAN 2016(2).pdf [FileDeduplicator.py:105]
2025-06-05 17:26:24,421 - file_manager - INFO - Dry run: Would remove duplicate: C:\Users\terti\OneDrive\pdf\ROMEZA - INV 15 JAN 2016.pdf [FileDeduplicator.py:105]
2025-06-05 17:26:24,421 - file_manager - INFO - Dry run: Would remove duplicate: C:\Users\terti\OneDrive\pdf\ROMEZA - INV 15 JAN 2016_1.pdf [FileDeduplicator.py:105]
2025-06-05 17:26:24,421 - file_manager - INFO - Dry run: Would remove duplicate: C:\Users\terti\OneDrive\pdf\ROP - Reynard - Reynhard - 23-09-25_1.pdf [FileDeduplicator.py:105]
2025-06-05 17:26:24,421 - file_manager - INFO - Dry run: Would remove duplicate: C:\Users\terti\OneDrive\pdf\RSAWEB_Accounts_Suspension Mark-up-l33t.PDF [FileDeduplicator.py:105]
2025-06-05 17:26:24,421 - file_manager - INFO - Dry run: Would remove duplicate: C:\Users\terti\OneDrive\pdf\Rust-Programming-Language-Tutorial-Basics-eBook(1)_1.pdf [FileDeduplicator.py:105]
2025-06-05 17:26:24,421 - file_manager - INFO - Dry run: Would remove duplicate: C:\Users\terti\OneDrive\pdf\Rust-Programming-Language-Tutorial-Basics-eBook(1)_2.pdf [FileDeduplicator.py:105]
2025-06-05 17:26:24,436 - file_manager - INFO - Dry run: Would remove duplicate: C:\Users\terti\OneDrive\pdf\Rust-Programming-Language-Tutorial-Basics-eBook.pdf [FileDeduplicator.py:105]
2025-06-05 17:26:24,436 - file_manager - INFO - Dry run: Would remove duplicate: C:\Users\terti\OneDrive\pdf\Rust-Programming-Language-Tutorial-Basics-eBook_1.pdf [FileDeduplicator.py:105]
2025-06-05 17:26:24,436 - file_manager - INFO - Dry run: Would remove duplicate: C:\Users\terti\OneDrive\pdf\Rust-Programming-Language-Tutorial-Basics-eBook_2.pdf [FileDeduplicator.py:105]
2025-06-05 17:26:24,437 - file_manager - INFO - Dry run: Would remove duplicate: C:\Users\terti\OneDrive\pdf\sabc_renuc1_426023347_426023347_105915 (2).pdf [FileDeduplicator.py:105]
2025-06-05 17:26:24,437 - file_manager - INFO - Dry run: Would remove duplicate: C:\Users\terti\OneDrive\pdf\sabc_renuc1_426023347_426023347_105915(1).pdf [FileDeduplicator.py:105]
2025-06-05 17:26:24,437 - file_manager - INFO - Dry run: Would remove duplicate: C:\Users\terti\OneDrive\pdf\sabc_renuc1_426023347_426023347_105915(2).pdf [FileDeduplicator.py:105]
2025-06-05 17:26:24,437 - file_manager - INFO - Dry run: Would remove duplicate: C:\Users\terti\OneDrive\pdf\sabc_renuc1_426023347_426023347_105915.pdf [FileDeduplicator.py:105]
2025-06-05 17:26:24,437 - file_manager - INFO - Dry run: Would remove duplicate: C:\Users\terti\OneDrive\pdf\sabc_renuc1_426023347_426023347_105915_1.pdf [FileDeduplicator.py:105]
2025-06-05 17:26:24,437 - file_manager - INFO - Dry run: Would remove duplicate: C:\Users\terti\OneDrive\pdf\SABMAS Provider take-on letter 1_1.pdf [FileDeduplicator.py:105]
2025-06-05 17:26:24,437 - file_manager - INFO - Dry run: Would remove duplicate: C:\Users\terti\OneDrive\pdf\SABMAS Provider take-on letter.pdf [FileDeduplicator.py:105]
2025-06-05 17:26:24,437 - file_manager - INFO - Dry run: Would remove duplicate: C:\Users\terti\OneDrive\pdf\SABMAS Provider take-on letter_1.pdf [FileDeduplicator.py:105]
2025-06-05 17:26:24,437 - file_manager - INFO - Dry run: Would remove duplicate: C:\Users\terti\OneDrive\pdf\SABMAS take-on reminder 1_1.pdf [FileDeduplicator.py:105]
2025-06-05 17:26:24,437 - file_manager - INFO - Dry run: Would remove duplicate: C:\Users\terti\OneDrive\pdf\SABMAS take-on reminder 2.pdf [FileDeduplicator.py:105]
2025-06-05 17:26:24,437 - file_manager - INFO - Dry run: Would remove duplicate: C:\Users\terti\OneDrive\pdf\SABMAS take-on reminder 2_1.pdf [FileDeduplicator.py:105]
2025-06-05 17:26:24,437 - file_manager - INFO - Dry run: Would remove duplicate: C:\Users\terti\OneDrive\pdf\SABMAS take-on reminder.pdf [FileDeduplicator.py:105]
2025-06-05 17:26:24,437 - file_manager - INFO - Dry run: Would remove duplicate: C:\Users\terti\OneDrive\pdf\SABMAS take-on reminder_1.pdf [FileDeduplicator.py:105]
2025-06-05 17:26:24,437 - file_manager - INFO - Dry run: Would remove duplicate: C:\Users\terti\OneDrive\pdf\Safari - 13 Jul 2018 at 21_48.pdf [FileDeduplicator.py:105]
2025-06-05 17:26:24,437 - file_manager - INFO - Dry run: Would remove duplicate: C:\Users\terti\OneDrive\pdf\SageTermsAndConditions(1)_1.pdf [FileDeduplicator.py:105]
2025-06-05 17:26:24,437 - file_manager - INFO - Dry run: Would remove duplicate: C:\Users\terti\OneDrive\pdf\SageTermsAndConditions(1)_2.pdf [FileDeduplicator.py:105]
2025-06-05 17:26:24,437 - file_manager - INFO - Dry run: Would remove duplicate: C:\Users\terti\OneDrive\pdf\SageTermsAndConditions_1.pdf [FileDeduplicator.py:105]
2025-06-05 17:26:24,437 - file_manager - INFO - Dry run: Would remove duplicate: C:\Users\terti\OneDrive\pdf\SageTermsAndConditions_1_1.pdf [FileDeduplicator.py:105]
2025-06-05 17:26:24,437 - file_manager - INFO - Dry run: Would remove duplicate: C:\Users\terti\OneDrive\pdf\SageTermsAndConditions_2.pdf [FileDeduplicator.py:105]
2025-06-05 17:26:24,438 - file_manager - INFO - Dry run: Would remove duplicate: C:\Users\terti\OneDrive\pdf\SageTermsAndConditions_3.pdf [FileDeduplicator.py:105]
2025-06-05 17:26:24,438 - file_manager - INFO - Dry run: Would remove duplicate: C:\Users\terti\OneDrive\pdf\SARAF 2017 1_1.pdf [FileDeduplicator.py:105]
2025-06-05 17:26:24,452 - file_manager - INFO - Dry run: Would remove duplicate: C:\Users\terti\OneDrive\pdf\SARAF 2017 2.pdf [FileDeduplicator.py:105]
2025-06-05 17:26:24,452 - file_manager - INFO - Dry run: Would remove duplicate: C:\Users\terti\OneDrive\pdf\SARAF 2017 2_1.pdf [FileDeduplicator.py:105]
2025-06-05 17:26:24,452 - file_manager - INFO - Dry run: Would remove duplicate: C:\Users\terti\OneDrive\pdf\SARAF 2017.pdf [FileDeduplicator.py:105]
2025-06-05 17:26:24,452 - file_manager - INFO - Dry run: Would remove duplicate: C:\Users\terti\OneDrive\pdf\SARAF 2017_1.pdf [FileDeduplicator.py:105]
2025-06-05 17:26:24,452 - file_manager - INFO - Dry run: Would remove duplicate: C:\Users\terti\OneDrive\pdf\Sarah Cloherty.pdf [FileDeduplicator.py:105]
2025-06-05 17:26:24,452 - file_manager - INFO - Dry run: Would remove duplicate: C:\Users\terti\OneDrive\pdf\Sarah Cloherty_1.pdf [FileDeduplicator.py:105]
2025-06-05 17:26:24,452 - file_manager - INFO - Dry run: Would remove duplicate: C:\Users\terti\OneDrive\pdf\SARS record- Ovotron Income tax status -inactive.pdf [FileDeduplicator.py:105]
2025-06-05 17:26:24,452 - file_manager - INFO - Dry run: Would remove duplicate: C:\Users\terti\OneDrive\pdf\SA_Plastikor_Credit_Application.pdf [FileDeduplicator.py:105]
2025-06-05 17:26:24,452 - file_manager - INFO - Dry run: Would remove duplicate: C:\Users\terti\OneDrive\pdf\sb-zero-trust-network-access-for-visibility-and-control_1.pdf [FileDeduplicator.py:105]
2025-06-05 17:26:24,452 - file_manager - INFO - Dry run: Would remove duplicate: C:\Users\terti\OneDrive\pdf\Scan - 2021-01-26 21_30_04_1.pdf [FileDeduplicator.py:105]
2025-06-05 17:26:24,452 - file_manager - INFO - Dry run: Would remove duplicate: C:\Users\terti\OneDrive\pdf\Scan 09 Mar 21 · 01·23·24(1).pdf [FileDeduplicator.py:105]
2025-06-05 17:26:24,453 - file_manager - INFO - Dry run: Would remove duplicate: C:\Users\terti\OneDrive\pdf\Scan 09 Mar 21 · 01·23·24(1)_1.pdf [FileDeduplicator.py:105]
2025-06-05 17:26:24,453 - file_manager - INFO - Dry run: Would remove duplicate: C:\Users\terti\OneDrive\pdf\Scan 09 Mar 21 · 01·23·24.pdf [FileDeduplicator.py:105]
2025-06-05 17:26:24,453 - file_manager - INFO - Dry run: Would remove duplicate: C:\Users\terti\OneDrive\pdf\Scan 09 Mar 21 · 01·23·24_1.pdf [FileDeduplicator.py:105]
2025-06-05 17:26:24,453 - file_manager - INFO - Dry run: Would remove duplicate: C:\Users\terti\OneDrive\pdf\Scan 09 Mar 21 · 01·24·51(1).pdf [FileDeduplicator.py:105]
2025-06-05 17:26:24,453 - file_manager - INFO - Dry run: Would remove duplicate: C:\Users\terti\OneDrive\pdf\Scan 09 Mar 21 · 01·24·51(1)_1.pdf [FileDeduplicator.py:105]
2025-06-05 17:26:24,453 - file_manager - INFO - Dry run: Would remove duplicate: C:\Users\terti\OneDrive\pdf\Scan 09 Mar 21 · 01·24·51.pdf [FileDeduplicator.py:105]
2025-06-05 17:26:24,453 - file_manager - INFO - Dry run: Would remove duplicate: C:\Users\terti\OneDrive\pdf\Scan 09 Mar 21 · 01·24·51_1.pdf [FileDeduplicator.py:105]
2025-06-05 17:26:24,453 - file_manager - INFO - Dry run: Would remove duplicate: C:\Users\terti\OneDrive\pdf\Scan5119 1_1.pdf [FileDeduplicator.py:105]
2025-06-05 17:26:24,453 - file_manager - INFO - Dry run: Would remove duplicate: C:\Users\terti\OneDrive\pdf\Scan5119 2.pdf [FileDeduplicator.py:105]
2025-06-05 17:26:24,453 - file_manager - INFO - Dry run: Would remove duplicate: C:\Users\terti\OneDrive\pdf\Scan5119 2_1.pdf [FileDeduplicator.py:105]
2025-06-05 17:26:24,453 - file_manager - INFO - Dry run: Would remove duplicate: C:\Users\terti\OneDrive\pdf\Scan5119.pdf [FileDeduplicator.py:105]
2025-06-05 17:26:24,453 - file_manager - INFO - Dry run: Would remove duplicate: C:\Users\terti\OneDrive\pdf\Scan5119_1.pdf [FileDeduplicator.py:105]
2025-06-05 17:26:24,453 - file_manager - INFO - Dry run: Would remove duplicate: C:\Users\terti\OneDrive\pdf\Scanning  Indexing_Generic Process_20201006_1.pdf [FileDeduplicator.py:105]
2025-06-05 17:26:24,453 - file_manager - INFO - Dry run: Would remove duplicate: C:\Users\terti\OneDrive\pdf\Scan_0090 (003)_1.pdf [FileDeduplicator.py:105]
2025-06-05 17:26:24,467 - file_manager - INFO - Dry run: Would remove duplicate: C:\Users\terti\OneDrive\pdf\Scan_0090.pdf [FileDeduplicator.py:105]
2025-06-05 17:26:24,467 - file_manager - INFO - Dry run: Would remove duplicate: C:\Users\terti\OneDrive\pdf\Scan_0090_1.pdf [FileDeduplicator.py:105]
2025-06-05 17:26:24,467 - file_manager - INFO - Dry run: Would remove duplicate: C:\Users\terti\OneDrive\pdf\Scan_0092_1.pdf [FileDeduplicator.py:105]
2025-06-05 17:26:24,467 - file_manager - INFO - Dry run: Would remove duplicate: C:\Users\terti\OneDrive\pdf\Score_Fact_Sheet (1)_1.pdf [FileDeduplicator.py:105]
2025-06-05 17:26:24,467 - file_manager - INFO - Dry run: Would remove duplicate: C:\Users\terti\OneDrive\pdf\Score_Fact_Sheet (1)_2.pdf [FileDeduplicator.py:105]
2025-06-05 17:26:24,467 - file_manager - INFO - Dry run: Would remove duplicate: C:\Users\terti\OneDrive\pdf\Score_Fact_Sheet (2).pdf [FileDeduplicator.py:105]
2025-06-05 17:26:24,467 - file_manager - INFO - Dry run: Would remove duplicate: C:\Users\terti\OneDrive\pdf\Score_Fact_Sheet 1.pdf [FileDeduplicator.py:105]
2025-06-05 17:26:24,467 - file_manager - INFO - Dry run: Would remove duplicate: C:\Users\terti\OneDrive\pdf\Score_Fact_Sheet 1_1.pdf [FileDeduplicator.py:105]
2025-06-05 17:26:24,467 - file_manager - INFO - Dry run: Would remove duplicate: C:\Users\terti\OneDrive\pdf\Score_Fact_Sheet 2.pdf [FileDeduplicator.py:105]
2025-06-05 17:26:24,467 - file_manager - INFO - Dry run: Would remove duplicate: C:\Users\terti\OneDrive\pdf\Score_Fact_Sheet 2_1.pdf [FileDeduplicator.py:105]
2025-06-05 17:26:24,467 - file_manager - INFO - Dry run: Would remove duplicate: C:\Users\terti\OneDrive\pdf\Score_Fact_Sheet 3.pdf [FileDeduplicator.py:105]
2025-06-05 17:26:24,467 - file_manager - INFO - Dry run: Would remove duplicate: C:\Users\terti\OneDrive\pdf\Score_Fact_Sheet 3_1.pdf [FileDeduplicator.py:105]
2025-06-05 17:26:24,467 - file_manager - INFO - Dry run: Would remove duplicate: C:\Users\terti\OneDrive\pdf\Score_Fact_Sheet 4.pdf [FileDeduplicator.py:105]
2025-06-05 17:26:24,467 - file_manager - INFO - Dry run: Would remove duplicate: C:\Users\terti\OneDrive\pdf\Score_Fact_Sheet 4_1.pdf [FileDeduplicator.py:105]
2025-06-05 17:26:24,467 - file_manager - INFO - Dry run: Would remove duplicate: C:\Users\terti\OneDrive\pdf\Score_Fact_Sheet(1).pdf [FileDeduplicator.py:105]
2025-06-05 17:26:24,468 - file_manager - INFO - Dry run: Would remove duplicate: C:\Users\terti\OneDrive\pdf\Score_Fact_Sheet(2).pdf [FileDeduplicator.py:105]
2025-06-05 17:26:24,468 - file_manager - INFO - Dry run: Would remove duplicate: C:\Users\terti\OneDrive\pdf\Score_Fact_Sheet.pdf [FileDeduplicator.py:105]
2025-06-05 17:26:24,468 - file_manager - INFO - Dry run: Would remove duplicate: C:\Users\terti\OneDrive\pdf\Score_Fact_Sheet_1.pdf [FileDeduplicator.py:105]
2025-06-05 17:26:24,468 - file_manager - INFO - Dry run: Would remove duplicate: C:\Users\terti\OneDrive\pdf\Score_Fact_Sheet_1_1.pdf [FileDeduplicator.py:105]
2025-06-05 17:26:24,468 - file_manager - INFO - Dry run: Would remove duplicate: C:\Users\terti\OneDrive\pdf\Score_Fact_Sheet_2.pdf [FileDeduplicator.py:105]
2025-06-05 17:26:24,468 - file_manager - INFO - Dry run: Would remove duplicate: C:\Users\terti\OneDrive\pdf\Screening Call & First Interview(1)_1.pdf [FileDeduplicator.py:105]
2025-06-05 17:26:24,468 - file_manager - INFO - Dry run: Would remove duplicate: C:\Users\terti\OneDrive\pdf\Screening Call & First Interview.pdf [FileDeduplicator.py:105]
2025-06-05 17:26:24,468 - file_manager - INFO - Dry run: Would remove duplicate: C:\Users\terti\OneDrive\pdf\Screening Call & First Interview_1.pdf [FileDeduplicator.py:105]
2025-06-05 17:26:24,468 - file_manager - INFO - Dry run: Would remove duplicate: C:\Users\terti\OneDrive\pdf\Screenshot of Your Profile - Hired_1.pdf [FileDeduplicator.py:105]
2025-06-05 17:26:24,468 - file_manager - INFO - Dry run: Would remove duplicate: C:\Users\terti\OneDrive\pdf\SC_5420_TELECORP_FRED_GAUTENG (2).pdf [FileDeduplicator.py:105]
2025-06-05 17:26:24,468 - file_manager - INFO - Dry run: Would remove duplicate: C:\Users\terti\OneDrive\pdf\SC_5421_TELECORP_FRED_ERMELO (2).pdf [FileDeduplicator.py:105]
2025-06-05 17:26:24,483 - file_manager - INFO - Dry run: Would remove duplicate: C:\Users\terti\OneDrive\pdf\SDE FAQ-2.pdf [FileDeduplicator.py:105]
2025-06-05 17:26:24,483 - file_manager - INFO - Dry run: Would remove duplicate: C:\Users\terti\OneDrive\pdf\SDE FAQ.pdf [FileDeduplicator.py:105]
2025-06-05 17:26:24,483 - file_manager - INFO - Dry run: Would remove duplicate: C:\Users\terti\OneDrive\pdf\SDE JD Aug 2021.pdf [FileDeduplicator.py:105]
2025-06-05 17:26:24,484 - file_manager - INFO - Dry run: Would remove duplicate: C:\Users\terti\OneDrive\pdf\sec530-wiki_PowerShell_1.PDF [FileDeduplicator.py:105]
2025-06-05 17:26:24,484 - file_manager - INFO - Dry run: Would remove duplicate: C:\Users\terti\OneDrive\pdf\securityhub-1_1.pdf [FileDeduplicator.py:105]
2025-06-05 17:26:24,484 - file_manager - INFO - Dry run: Would remove duplicate: C:\Users\terti\OneDrive\pdf\securityhub-2.pdf [FileDeduplicator.py:105]
2025-06-05 17:26:24,484 - file_manager - INFO - Dry run: Would remove duplicate: C:\Users\terti\OneDrive\pdf\securityhub-2_1.pdf [FileDeduplicator.py:105]
2025-06-05 17:26:24,484 - file_manager - INFO - Dry run: Would remove duplicate: C:\Users\terti\OneDrive\pdf\securityhub-3.pdf [FileDeduplicator.py:105]
2025-06-05 17:26:24,484 - file_manager - INFO - Dry run: Would remove duplicate: C:\Users\terti\OneDrive\pdf\securityhub-3_1.pdf [FileDeduplicator.py:105]
2025-06-05 17:26:24,484 - file_manager - INFO - Dry run: Would remove duplicate: C:\Users\terti\OneDrive\pdf\securityhub-4.pdf [FileDeduplicator.py:105]
2025-06-05 17:26:24,484 - file_manager - INFO - Dry run: Would remove duplicate: C:\Users\terti\OneDrive\pdf\securityhub-4_1.pdf [FileDeduplicator.py:105]
2025-06-05 17:26:24,484 - file_manager - INFO - Dry run: Would remove duplicate: C:\Users\terti\OneDrive\pdf\securityhub-5.pdf [FileDeduplicator.py:105]
2025-06-05 17:26:24,484 - file_manager - INFO - Dry run: Would remove duplicate: C:\Users\terti\OneDrive\pdf\securityhub-5_1.pdf [FileDeduplicator.py:105]
2025-06-05 17:26:24,484 - file_manager - INFO - Dry run: Would remove duplicate: C:\Users\terti\OneDrive\pdf\securityhub-6.pdf [FileDeduplicator.py:105]
2025-06-05 17:26:24,484 - file_manager - INFO - Dry run: Would remove duplicate: C:\Users\terti\OneDrive\pdf\securityhub-6_1.pdf [FileDeduplicator.py:105]
2025-06-05 17:26:24,484 - file_manager - INFO - Dry run: Would remove duplicate: C:\Users\terti\OneDrive\pdf\securityhub.pdf [FileDeduplicator.py:105]
2025-06-05 17:26:24,484 - file_manager - INFO - Dry run: Would remove duplicate: C:\Users\terti\OneDrive\pdf\securityhub_1.pdf [FileDeduplicator.py:105]
2025-06-05 17:26:24,484 - file_manager - INFO - Dry run: Would remove duplicate: C:\Users\terti\OneDrive\pdf\Senior C# Developer - Cape Town 2021_1.pdf [FileDeduplicator.py:105]
2025-06-05 17:26:24,484 - file_manager - INFO - Dry run: Would remove duplicate: C:\Users\terti\OneDrive\pdf\Senior Software Engineer (Property Group)(1)_1.pdf [FileDeduplicator.py:105]
2025-06-05 17:26:24,484 - file_manager - INFO - Dry run: Would remove duplicate: C:\Users\terti\OneDrive\pdf\Senior Software Engineer (Property Group).pdf [FileDeduplicator.py:105]
2025-06-05 17:26:24,484 - file_manager - INFO - Dry run: Would remove duplicate: C:\Users\terti\OneDrive\pdf\Senior Software Engineer (Property Group)_1.pdf [FileDeduplicator.py:105]
2025-06-05 17:26:24,484 - file_manager - INFO - Dry run: Would remove duplicate: C:\Users\terti\OneDrive\pdf\show_1.pdf [FileDeduplicator.py:105]
2025-06-05 17:26:24,484 - file_manager - INFO - Dry run: Would remove duplicate: C:\Users\terti\OneDrive\pdf\Sickness letter_ 662848 GELDENHUYS T 1_1.pdf [FileDeduplicator.py:105]
2025-06-05 17:26:24,485 - file_manager - INFO - Dry run: Would remove duplicate: C:\Users\terti\OneDrive\pdf\Sickness letter_ 662848 GELDENHUYS T 2.pdf [FileDeduplicator.py:105]
2025-06-05 17:26:24,485 - file_manager - INFO - Dry run: Would remove duplicate: C:\Users\terti\OneDrive\pdf\Sickness letter_ 662848 GELDENHUYS T 2_1.pdf [FileDeduplicator.py:105]
2025-06-05 17:26:24,485 - file_manager - INFO - Dry run: Would remove duplicate: C:\Users\terti\OneDrive\pdf\Sickness letter_ 662848 GELDENHUYS T 3.pdf [FileDeduplicator.py:105]
2025-06-05 17:26:24,499 - file_manager - INFO - Dry run: Would remove duplicate: C:\Users\terti\OneDrive\pdf\Sickness letter_ 662848 GELDENHUYS T 3_1.pdf [FileDeduplicator.py:105]
2025-06-05 17:26:24,499 - file_manager - INFO - Dry run: Would remove duplicate: C:\Users\terti\OneDrive\pdf\Sickness letter_ 662848 GELDENHUYS T.pdf [FileDeduplicator.py:105]
2025-06-05 17:26:24,499 - file_manager - INFO - Dry run: Would remove duplicate: C:\Users\terti\OneDrive\pdf\Sickness letter_ 662848 GELDENHUYS T_1.pdf [FileDeduplicator.py:105]
2025-06-05 17:26:24,499 - file_manager - INFO - Dry run: Would remove duplicate: C:\Users\terti\OneDrive\pdf\Simpli Quote (SO201227-340539) (2-GI8Q04D)_1.PDF [FileDeduplicator.py:105]
2025-06-05 17:26:24,499 - file_manager - INFO - Dry run: Would remove duplicate: C:\Users\terti\OneDrive\pdf\SKM1_28719041109460.pdf [FileDeduplicator.py:105]
2025-06-05 17:26:24,499 - file_manager - INFO - Dry run: Would remove duplicate: C:\Users\terti\OneDrive\pdf\SKMBT_36317022711240 (2).pdf [FileDeduplicator.py:105]
2025-06-05 17:26:24,499 - file_manager - INFO - Dry run: Would remove duplicate: C:\Users\terti\OneDrive\pdf\SKMBT_36317022711240 (3).pdf [FileDeduplicator.py:105]
2025-06-05 17:26:24,499 - file_manager - INFO - Dry run: Would remove duplicate: C:\Users\terti\OneDrive\pdf\SKMBT_36317022711240 (4).pdf [FileDeduplicator.py:105]
2025-06-05 17:26:24,499 - file_manager - INFO - Dry run: Would remove duplicate: C:\Users\terti\OneDrive\pdf\SKMBT_36317022711240 (5).pdf [FileDeduplicator.py:105]
2025-06-05 17:26:24,499 - file_manager - INFO - Dry run: Would remove duplicate: C:\Users\terti\OneDrive\pdf\SKMBT_36317022711240(1).pdf [FileDeduplicator.py:105]
2025-06-05 17:26:24,500 - file_manager - INFO - Dry run: Would remove duplicate: C:\Users\terti\OneDrive\pdf\SKMBT_36317022711240(2).pdf [FileDeduplicator.py:105]
2025-06-05 17:26:24,500 - file_manager - INFO - Dry run: Would remove duplicate: C:\Users\terti\OneDrive\pdf\SKMBT_36317022711240(3).pdf [FileDeduplicator.py:105]
2025-06-05 17:26:24,500 - file_manager - INFO - Dry run: Would remove duplicate: C:\Users\terti\OneDrive\pdf\SKMBT_36317022711240(4).pdf [FileDeduplicator.py:105]
2025-06-05 17:26:24,500 - file_manager - INFO - Dry run: Would remove duplicate: C:\Users\terti\OneDrive\pdf\SKMBT_36317022711240(5).pdf [FileDeduplicator.py:105]
2025-06-05 17:26:24,500 - file_manager - INFO - Dry run: Would remove duplicate: C:\Users\terti\OneDrive\pdf\SKMBT_36317022711240.pdf [FileDeduplicator.py:105]
2025-06-05 17:26:24,500 - file_manager - INFO - Dry run: Would remove duplicate: C:\Users\terti\OneDrive\pdf\SKMBT_36317022711240_1.pdf [FileDeduplicator.py:105]
2025-06-05 17:26:24,500 - file_manager - INFO - Dry run: Would remove duplicate: C:\Users\terti\OneDrive\pdf\SKMBT_36317041814390 1_1.pdf [FileDeduplicator.py:105]
2025-06-05 17:26:24,500 - file_manager - INFO - Dry run: Would remove duplicate: C:\Users\terti\OneDrive\pdf\SKMBT_36317041814390 2.pdf [FileDeduplicator.py:105]
2025-06-05 17:26:24,500 - file_manager - INFO - Dry run: Would remove duplicate: C:\Users\terti\OneDrive\pdf\SKMBT_36317041814390 2_1.pdf [FileDeduplicator.py:105]
2025-06-05 17:26:24,500 - file_manager - INFO - Dry run: Would remove duplicate: C:\Users\terti\OneDrive\pdf\SKMBT_36317041814390.pdf [FileDeduplicator.py:105]
2025-06-05 17:26:24,500 - file_manager - INFO - Dry run: Would remove duplicate: C:\Users\terti\OneDrive\pdf\SKMBT_36317041814390_1.pdf [FileDeduplicator.py:105]
2025-06-05 17:26:24,500 - file_manager - INFO - Dry run: Would remove duplicate: C:\Users\terti\OneDrive\pdf\SKMBT_42170719111200 1_1.pdf [FileDeduplicator.py:105]
2025-06-05 17:26:24,500 - file_manager - INFO - Dry run: Would remove duplicate: C:\Users\terti\OneDrive\pdf\SKMBT_42170719111200 2.pdf [FileDeduplicator.py:105]
2025-06-05 17:26:24,500 - file_manager - INFO - Dry run: Would remove duplicate: C:\Users\terti\OneDrive\pdf\SKMBT_42170719111200 2_1.pdf [FileDeduplicator.py:105]
2025-06-05 17:26:24,500 - file_manager - INFO - Dry run: Would remove duplicate: C:\Users\terti\OneDrive\pdf\SKMBT_42170719111200.pdf [FileDeduplicator.py:105]
2025-06-05 17:26:24,515 - file_manager - INFO - Dry run: Would remove duplicate: C:\Users\terti\OneDrive\pdf\SKMBT_42170719111200_1.pdf [FileDeduplicator.py:105]
2025-06-05 17:26:24,515 - file_manager - INFO - Dry run: Would remove duplicate: C:\Users\terti\OneDrive\pdf\SKM_28719121807120_1.pdf [FileDeduplicator.py:105]
2025-06-05 17:26:24,515 - file_manager - INFO - Dry run: Would remove duplicate: C:\Users\terti\OneDrive\pdf\SKM_28719121807200_1.pdf [FileDeduplicator.py:105]
2025-06-05 17:26:24,515 - file_manager - INFO - Dry run: Would remove duplicate: C:\Users\terti\OneDrive\pdf\SKM_28719121807220_1.pdf [FileDeduplicator.py:105]
2025-06-05 17:26:24,515 - file_manager - INFO - Dry run: Would remove duplicate: C:\Users\terti\OneDrive\pdf\smart (1)_2.pdf [FileDeduplicator.py:105]
2025-06-05 17:26:24,515 - file_manager - INFO - Dry run: Would remove duplicate: C:\Users\terti\OneDrive\pdf\smart (2).pdf [FileDeduplicator.py:105]
2025-06-05 17:26:24,515 - file_manager - INFO - Dry run: Would remove duplicate: C:\Users\terti\OneDrive\pdf\smart 1.pdf [FileDeduplicator.py:105]
2025-06-05 17:26:24,515 - file_manager - INFO - Dry run: Would remove duplicate: C:\Users\terti\OneDrive\pdf\smart 1_1.pdf [FileDeduplicator.py:105]
2025-06-05 17:26:24,515 - file_manager - INFO - Dry run: Would remove duplicate: C:\Users\terti\OneDrive\pdf\smart(1).pdf [FileDeduplicator.py:105]
2025-06-05 17:26:24,515 - file_manager - INFO - Dry run: Would remove duplicate: C:\Users\terti\OneDrive\pdf\smart(1)_1_1.pdf [FileDeduplicator.py:105]
2025-06-05 17:26:24,515 - file_manager - INFO - Dry run: Would remove duplicate: C:\Users\terti\OneDrive\pdf\smart(1)_2.pdf [FileDeduplicator.py:105]
2025-06-05 17:26:24,515 - file_manager - INFO - Dry run: Would remove duplicate: C:\Users\terti\OneDrive\pdf\smart(2).pdf [FileDeduplicator.py:105]
2025-06-05 17:26:24,515 - file_manager - INFO - Dry run: Would remove duplicate: C:\Users\terti\OneDrive\pdf\smart.pdf [FileDeduplicator.py:105]
2025-06-05 17:26:24,515 - file_manager - INFO - Dry run: Would remove duplicate: C:\Users\terti\OneDrive\pdf\smart_1.pdf [FileDeduplicator.py:105]
2025-06-05 17:26:24,515 - file_manager - INFO - Dry run: Would remove duplicate: C:\Users\terti\OneDrive\pdf\smart_1_1.pdf [FileDeduplicator.py:105]
2025-06-05 17:26:24,515 - file_manager - INFO - Dry run: Would remove duplicate: C:\Users\terti\OneDrive\pdf\smart_2.pdf [FileDeduplicator.py:105]
2025-06-05 17:26:24,516 - file_manager - INFO - Dry run: Would remove duplicate: C:\Users\terti\OneDrive\pdf\smart_3.pdf [FileDeduplicator.py:105]
2025-06-05 17:26:24,516 - file_manager - INFO - Dry run: Would remove duplicate: C:\Users\terti\OneDrive\pdf\smart_4.pdf [FileDeduplicator.py:105]
2025-06-05 17:26:24,516 - file_manager - INFO - Dry run: Would remove duplicate: C:\Users\terti\OneDrive\pdf\smart_5.pdf [FileDeduplicator.py:105]
2025-06-05 17:26:24,516 - file_manager - INFO - Dry run: Would remove duplicate: C:\Users\terti\OneDrive\pdf\SO-CV-Export-Tertius-Geldenhuys.pdf [FileDeduplicator.py:105]
2025-06-05 17:26:24,516 - file_manager - INFO - Dry run: Would remove duplicate: C:\Users\terti\OneDrive\pdf\SOC Analyst_1.pdf [FileDeduplicator.py:105]
2025-06-05 17:26:24,516 - file_manager - INFO - Dry run: Would remove duplicate: C:\Users\terti\OneDrive\pdf\Software Development Engineer - Job ID_ 778003 _ Amazon.jobs_1.pdf [FileDeduplicator.py:105]
2025-06-05 17:26:24,516 - file_manager - INFO - Dry run: Would remove duplicate: C:\Users\terti\OneDrive\pdf\Solidity developer tech assignment.pdf [FileDeduplicator.py:105]
2025-06-05 17:26:24,516 - file_manager - INFO - Dry run: Would remove duplicate: C:\Users\terti\OneDrive\pdf\Specification sheet (buy online)_ MX924 Canon PIXMA MX924 EMB A4 Multifunction Printer with Fax_1.pdf [FileDeduplicator.py:105]
2025-06-05 17:26:24,516 - file_manager - INFO - Dry run: Would remove duplicate: C:\Users\terti\OneDrive\pdf\sta-I0620189-4-2017-03-03 (2).pdf [FileDeduplicator.py:105]
2025-06-05 17:26:24,516 - file_manager - INFO - Dry run: Would remove duplicate: C:\Users\terti\OneDrive\pdf\sta-I0620189-4-2017-03-03(1).pdf [FileDeduplicator.py:105]
2025-06-05 17:26:24,530 - file_manager - INFO - Dry run: Would remove duplicate: C:\Users\terti\OneDrive\pdf\sta-I0620189-4-2017-03-03(2).pdf [FileDeduplicator.py:105]
2025-06-05 17:26:24,530 - file_manager - INFO - Dry run: Would remove duplicate: C:\Users\terti\OneDrive\pdf\sta-I0620189-4-2017-03-03.pdf [FileDeduplicator.py:105]
2025-06-05 17:26:24,530 - file_manager - INFO - Dry run: Would remove duplicate: C:\Users\terti\OneDrive\pdf\sta-I0620189-4-2017-03-03_1.pdf [FileDeduplicator.py:105]
2025-06-05 17:26:24,530 - file_manager - INFO - Dry run: Would remove duplicate: C:\Users\terti\OneDrive\pdf\sta-I0620189-4-2017-04-03 1_1.pdf [FileDeduplicator.py:105]
2025-06-05 17:26:24,530 - file_manager - INFO - Dry run: Would remove duplicate: C:\Users\terti\OneDrive\pdf\sta-I0620189-4-2017-04-03.pdf [FileDeduplicator.py:105]
2025-06-05 17:26:24,530 - file_manager - INFO - Dry run: Would remove duplicate: C:\Users\terti\OneDrive\pdf\sta-I0620189-4-2017-04-03_1.pdf [FileDeduplicator.py:105]
2025-06-05 17:26:24,530 - file_manager - INFO - Dry run: Would remove duplicate: C:\Users\terti\OneDrive\pdf\sta-I0620189-4-2017-05-03_1.pdf [FileDeduplicator.py:105]
2025-06-05 17:26:24,530 - file_manager - INFO - Dry run: Would remove duplicate: C:\Users\terti\OneDrive\pdf\sta-I0620189-4-2017-07-03_1.pdf [FileDeduplicator.py:105]
2025-06-05 17:26:24,530 - file_manager - INFO - Dry run: Would remove duplicate: C:\Users\terti\OneDrive\pdf\stack-overflow-talent-developer-101-v2-ebook.pdf [FileDeduplicator.py:105]
2025-06-05 17:26:24,530 - file_manager - INFO - Dry run: Would remove duplicate: C:\Users\terti\OneDrive\pdf\start-up-checklist.pdf [FileDeduplicator.py:105]
2025-06-05 17:26:24,530 - file_manager - INFO - Dry run: Would remove duplicate: C:\Users\terti\OneDrive\pdf\Statement-716420-2017-03-25-03-08-04 (2).pdf [FileDeduplicator.py:105]
2025-06-05 17:26:24,530 - file_manager - INFO - Dry run: Would remove duplicate: C:\Users\terti\OneDrive\pdf\Statement-716420-2017-03-25-03-08-04(1).pdf [FileDeduplicator.py:105]
2025-06-05 17:26:24,530 - file_manager - INFO - Dry run: Would remove duplicate: C:\Users\terti\OneDrive\pdf\Statement-716420-2017-03-25-03-08-04(2).pdf [FileDeduplicator.py:105]
2025-06-05 17:26:24,530 - file_manager - INFO - Dry run: Would remove duplicate: C:\Users\terti\OneDrive\pdf\Statement-716420-2017-03-25-03-08-04.pdf [FileDeduplicator.py:105]
2025-06-05 17:26:24,530 - file_manager - INFO - Dry run: Would remove duplicate: C:\Users\terti\OneDrive\pdf\Statement-716420-2017-03-25-03-08-04_1.pdf [FileDeduplicator.py:105]
2025-06-05 17:26:24,530 - file_manager - INFO - Dry run: Would remove duplicate: C:\Users\terti\OneDrive\pdf\Statement-716420-2017-04-25-03-07-06 1_1.pdf [FileDeduplicator.py:105]
2025-06-05 17:26:24,530 - file_manager - INFO - Dry run: Would remove duplicate: C:\Users\terti\OneDrive\pdf\Statement-716420-2017-04-25-03-07-06 2.pdf [FileDeduplicator.py:105]
2025-06-05 17:26:24,530 - file_manager - INFO - Dry run: Would remove duplicate: C:\Users\terti\OneDrive\pdf\Statement-716420-2017-04-25-03-07-06 2_1.pdf [FileDeduplicator.py:105]
2025-06-05 17:26:24,530 - file_manager - INFO - Dry run: Would remove duplicate: C:\Users\terti\OneDrive\pdf\Statement-716420-2017-04-25-03-07-06.pdf [FileDeduplicator.py:105]
2025-06-05 17:26:24,530 - file_manager - INFO - Dry run: Would remove duplicate: C:\Users\terti\OneDrive\pdf\Statement-716420-2017-04-25-03-07-06_1.pdf [FileDeduplicator.py:105]
2025-06-05 17:26:24,530 - file_manager - INFO - Dry run: Would remove duplicate: C:\Users\terti\OneDrive\pdf\Statement-716420-2017-05-24-03-07-34 1_1.pdf [FileDeduplicator.py:105]
2025-06-05 17:26:24,530 - file_manager - INFO - Dry run: Would remove duplicate: C:\Users\terti\OneDrive\pdf\Statement-716420-2017-05-24-03-07-34 2.pdf [FileDeduplicator.py:105]
2025-06-05 17:26:24,530 - file_manager - INFO - Dry run: Would remove duplicate: C:\Users\terti\OneDrive\pdf\Statement-716420-2017-05-24-03-07-34 2_1.pdf [FileDeduplicator.py:105]
2025-06-05 17:26:24,530 - file_manager - INFO - Dry run: Would remove duplicate: C:\Users\terti\OneDrive\pdf\Statement-716420-2017-05-24-03-07-34.pdf [FileDeduplicator.py:105]
2025-06-05 17:26:24,546 - file_manager - INFO - Dry run: Would remove duplicate: C:\Users\terti\OneDrive\pdf\Statement-716420-2017-05-24-03-07-34_1.pdf [FileDeduplicator.py:105]
2025-06-05 17:26:24,546 - file_manager - INFO - Dry run: Would remove duplicate: C:\Users\terti\OneDrive\pdf\Statement-716420-2017-06-24-03-06-37 (2).pdf [FileDeduplicator.py:105]
2025-06-05 17:26:24,546 - file_manager - INFO - Dry run: Would remove duplicate: C:\Users\terti\OneDrive\pdf\Statement-716420-2017-06-24-03-06-37(1).pdf [FileDeduplicator.py:105]
2025-06-05 17:26:24,546 - file_manager - INFO - Dry run: Would remove duplicate: C:\Users\terti\OneDrive\pdf\Statement-716420-2017-06-24-03-06-37(2).pdf [FileDeduplicator.py:105]
2025-06-05 17:26:24,546 - file_manager - INFO - Dry run: Would remove duplicate: C:\Users\terti\OneDrive\pdf\Statement-716420-2017-06-24-03-06-37.pdf [FileDeduplicator.py:105]
2025-06-05 17:26:24,546 - file_manager - INFO - Dry run: Would remove duplicate: C:\Users\terti\OneDrive\pdf\Statement-716420-2017-06-24-03-06-37_1.pdf [FileDeduplicator.py:105]
2025-06-05 17:26:24,546 - file_manager - INFO - Dry run: Would remove duplicate: C:\Users\terti\OneDrive\pdf\Statement-716420-2017-07-24-17-05-38 1_1.pdf [FileDeduplicator.py:105]
2025-06-05 17:26:24,546 - file_manager - INFO - Dry run: Would remove duplicate: C:\Users\terti\OneDrive\pdf\Statement-716420-2017-07-24-17-05-38.pdf [FileDeduplicator.py:105]
2025-06-05 17:26:24,546 - file_manager - INFO - Dry run: Would remove duplicate: C:\Users\terti\OneDrive\pdf\Statement-716420-2017-07-24-17-05-38_1.pdf [FileDeduplicator.py:105]
2025-06-05 17:26:24,546 - file_manager - INFO - Dry run: Would remove duplicate: C:\Users\terti\OneDrive\pdf\Statement-716420-2017-07-25-20-08-07 1_1.pdf [FileDeduplicator.py:105]
2025-06-05 17:26:24,546 - file_manager - INFO - Dry run: Would remove duplicate: C:\Users\terti\OneDrive\pdf\Statement-716420-2017-07-25-20-08-07.pdf [FileDeduplicator.py:105]
2025-06-05 17:26:24,546 - file_manager - INFO - Dry run: Would remove duplicate: C:\Users\terti\OneDrive\pdf\Statement-716420-2017-07-25-20-08-07_1.pdf [FileDeduplicator.py:105]
2025-06-05 17:26:24,546 - file_manager - INFO - Dry run: Would remove duplicate: C:\Users\terti\OneDrive\pdf\Statement-716420-2017-07-26-03-00-44 1_1.pdf [FileDeduplicator.py:105]
2025-06-05 17:26:24,546 - file_manager - INFO - Dry run: Would remove duplicate: C:\Users\terti\OneDrive\pdf\Statement-716420-2017-07-26-03-00-44.pdf [FileDeduplicator.py:105]
2025-06-05 17:26:24,546 - file_manager - INFO - Dry run: Would remove duplicate: C:\Users\terti\OneDrive\pdf\Statement-716420-2017-07-26-03-00-44_1.pdf [FileDeduplicator.py:105]
2025-06-05 17:26:24,546 - file_manager - INFO - Dry run: Would remove duplicate: C:\Users\terti\OneDrive\pdf\Statement-TER097 (1)_1.pdf [FileDeduplicator.py:105]
2025-06-05 17:26:24,546 - file_manager - INFO - Dry run: Would remove duplicate: C:\Users\terti\OneDrive\pdf\Statement-TER097(1)_1.pdf [FileDeduplicator.py:105]
2025-06-05 17:26:24,546 - file_manager - INFO - Dry run: Would remove duplicate: C:\Users\terti\OneDrive\pdf\Statement-TER097_1.pdf [FileDeduplicator.py:105]
2025-06-05 17:26:24,546 - file_manager - INFO - Dry run: Would remove duplicate: C:\Users\terti\OneDrive\pdf\Statement.pdf [FileDeduplicator.py:105]
2025-06-05 17:26:24,546 - file_manager - INFO - Dry run: Would remove duplicate: C:\Users\terti\OneDrive\pdf\Statement_0099597 1_1.pdf [FileDeduplicator.py:105]
2025-06-05 17:26:24,546 - file_manager - INFO - Dry run: Would remove duplicate: C:\Users\terti\OneDrive\pdf\Statement_0099597 2.pdf [FileDeduplicator.py:105]
2025-06-05 17:26:24,546 - file_manager - INFO - Dry run: Would remove duplicate: C:\Users\terti\OneDrive\pdf\Statement_0099597 2_1.pdf [FileDeduplicator.py:105]
2025-06-05 17:26:24,546 - file_manager - INFO - Dry run: Would remove duplicate: C:\Users\terti\OneDrive\pdf\Statement_0099597.pdf [FileDeduplicator.py:105]
2025-06-05 17:26:24,546 - file_manager - INFO - Dry run: Would remove duplicate: C:\Users\terti\OneDrive\pdf\Statement_0099597_1.pdf [FileDeduplicator.py:105]
2025-06-05 17:26:24,561 - file_manager - INFO - Dry run: Would remove duplicate: C:\Users\terti\OneDrive\pdf\Statement_1.pdf [FileDeduplicator.py:105]
2025-06-05 17:26:24,562 - file_manager - INFO - Dry run: Would remove duplicate: C:\Users\terti\OneDrive\pdf\Statement_BFRE00074A_201702 (2).pdf [FileDeduplicator.py:105]
2025-06-05 17:26:24,562 - file_manager - INFO - Dry run: Would remove duplicate: C:\Users\terti\OneDrive\pdf\Statement_BFRE00074A_201702(1).pdf [FileDeduplicator.py:105]
2025-06-05 17:26:24,562 - file_manager - INFO - Dry run: Would remove duplicate: C:\Users\terti\OneDrive\pdf\Statement_BFRE00074A_201702(2).pdf [FileDeduplicator.py:105]
2025-06-05 17:26:24,562 - file_manager - INFO - Dry run: Would remove duplicate: C:\Users\terti\OneDrive\pdf\Statement_BFRE00074A_201702.pdf [FileDeduplicator.py:105]
2025-06-05 17:26:24,562 - file_manager - INFO - Dry run: Would remove duplicate: C:\Users\terti\OneDrive\pdf\Statement_BFRE00074A_201702_1.pdf [FileDeduplicator.py:105]
2025-06-05 17:26:24,562 - file_manager - INFO - Dry run: Would remove duplicate: C:\Users\terti\OneDrive\pdf\Statement_BFRE00074A_201703 (2).pdf [FileDeduplicator.py:105]
2025-06-05 17:26:24,562 - file_manager - INFO - Dry run: Would remove duplicate: C:\Users\terti\OneDrive\pdf\Statement_BFRE00074A_201703(1).pdf [FileDeduplicator.py:105]
2025-06-05 17:26:24,562 - file_manager - INFO - Dry run: Would remove duplicate: C:\Users\terti\OneDrive\pdf\Statement_BFRE00074A_201703(2).pdf [FileDeduplicator.py:105]
2025-06-05 17:26:24,562 - file_manager - INFO - Dry run: Would remove duplicate: C:\Users\terti\OneDrive\pdf\Statement_BFRE00074A_201703.pdf [FileDeduplicator.py:105]
2025-06-05 17:26:24,562 - file_manager - INFO - Dry run: Would remove duplicate: C:\Users\terti\OneDrive\pdf\Statement_BFRE00074A_201703_1.pdf [FileDeduplicator.py:105]
2025-06-05 17:26:24,563 - file_manager - INFO - Dry run: Would remove duplicate: C:\Users\terti\OneDrive\pdf\Statement_BFRE00074A_201704 1_1.pdf [FileDeduplicator.py:105]
2025-06-05 17:26:24,563 - file_manager - INFO - Dry run: Would remove duplicate: C:\Users\terti\OneDrive\pdf\Statement_BFRE00074A_201704 2.pdf [FileDeduplicator.py:105]
2025-06-05 17:26:24,563 - file_manager - INFO - Dry run: Would remove duplicate: C:\Users\terti\OneDrive\pdf\Statement_BFRE00074A_201704 2_1.pdf [FileDeduplicator.py:105]
2025-06-05 17:26:24,563 - file_manager - INFO - Dry run: Would remove duplicate: C:\Users\terti\OneDrive\pdf\Statement_BFRE00074A_201704.pdf [FileDeduplicator.py:105]
2025-06-05 17:26:24,563 - file_manager - INFO - Dry run: Would remove duplicate: C:\Users\terti\OneDrive\pdf\Statement_BFRE00074A_201704_1.pdf [FileDeduplicator.py:105]
2025-06-05 17:26:24,563 - file_manager - INFO - Dry run: Would remove duplicate: C:\Users\terti\OneDrive\pdf\Statement_BFRE00074A_201705 1_1.pdf [FileDeduplicator.py:105]
2025-06-05 17:26:24,563 - file_manager - INFO - Dry run: Would remove duplicate: C:\Users\terti\OneDrive\pdf\Statement_BFRE00074A_201705 2.pdf [FileDeduplicator.py:105]
2025-06-05 17:26:24,563 - file_manager - INFO - Dry run: Would remove duplicate: C:\Users\terti\OneDrive\pdf\Statement_BFRE00074A_201705 2_1.pdf [FileDeduplicator.py:105]
2025-06-05 17:26:24,563 - file_manager - INFO - Dry run: Would remove duplicate: C:\Users\terti\OneDrive\pdf\Statement_BFRE00074A_201705.pdf [FileDeduplicator.py:105]
2025-06-05 17:26:24,563 - file_manager - INFO - Dry run: Would remove duplicate: C:\Users\terti\OneDrive\pdf\Statement_BFRE00074A_201705_1.pdf [FileDeduplicator.py:105]
2025-06-05 17:26:24,563 - file_manager - INFO - Dry run: Would remove duplicate: C:\Users\terti\OneDrive\pdf\Statement_BFRE00074A_201706 (2).pdf [FileDeduplicator.py:105]
2025-06-05 17:26:24,563 - file_manager - INFO - Dry run: Would remove duplicate: C:\Users\terti\OneDrive\pdf\Statement_BFRE00074A_201706(1).pdf [FileDeduplicator.py:105]
2025-06-05 17:26:24,564 - file_manager - INFO - Dry run: Would remove duplicate: C:\Users\terti\OneDrive\pdf\Statement_BFRE00074A_201706(2).pdf [FileDeduplicator.py:105]
2025-06-05 17:26:24,564 - file_manager - INFO - Dry run: Would remove duplicate: C:\Users\terti\OneDrive\pdf\Statement_BFRE00074A_201706.pdf [FileDeduplicator.py:105]
2025-06-05 17:26:24,577 - file_manager - INFO - Dry run: Would remove duplicate: C:\Users\terti\OneDrive\pdf\Statement_BFRE00074A_201706_1.pdf [FileDeduplicator.py:105]
2025-06-05 17:26:24,577 - file_manager - INFO - Dry run: Would remove duplicate: C:\Users\terti\OneDrive\pdf\Statement_BFRE00074A_201707 1_1.pdf [FileDeduplicator.py:105]
2025-06-05 17:26:24,577 - file_manager - INFO - Dry run: Would remove duplicate: C:\Users\terti\OneDrive\pdf\Statement_BFRE00074A_201707 2.pdf [FileDeduplicator.py:105]
2025-06-05 17:26:24,577 - file_manager - INFO - Dry run: Would remove duplicate: C:\Users\terti\OneDrive\pdf\Statement_BFRE00074A_201707 2_1.pdf [FileDeduplicator.py:105]
2025-06-05 17:26:24,577 - file_manager - INFO - Dry run: Would remove duplicate: C:\Users\terti\OneDrive\pdf\Statement_BFRE00074A_201707.pdf [FileDeduplicator.py:105]
2025-06-05 17:26:24,577 - file_manager - INFO - Dry run: Would remove duplicate: C:\Users\terti\OneDrive\pdf\Statement_BFRE00074A_201707_1.pdf [FileDeduplicator.py:105]
2025-06-05 17:26:24,577 - file_manager - INFO - Dry run: Would remove duplicate: C:\Users\terti\OneDrive\pdf\stmnn_sp_rstm003wbudi20170316_85205344926e_012900006_36 (2).pdf [FileDeduplicator.py:105]
2025-06-05 17:26:24,578 - file_manager - INFO - Dry run: Would remove duplicate: C:\Users\terti\OneDrive\pdf\stmnn_sp_rstm003wbudi20170316_85205344926e_012900006_36(1).pdf [FileDeduplicator.py:105]
2025-06-05 17:26:24,578 - file_manager - INFO - Dry run: Would remove duplicate: C:\Users\terti\OneDrive\pdf\stmnn_sp_rstm003wbudi20170316_85205344926e_012900006_36(2).pdf [FileDeduplicator.py:105]
2025-06-05 17:26:24,578 - file_manager - INFO - Dry run: Would remove duplicate: C:\Users\terti\OneDrive\pdf\stmnn_sp_rstm003wbudi20170316_85205344926e_012900006_36.pdf [FileDeduplicator.py:105]
2025-06-05 17:26:24,578 - file_manager - INFO - Dry run: Would remove duplicate: C:\Users\terti\OneDrive\pdf\stmnn_sp_rstm003wbudi20170316_85205344926e_012900006_36_1.pdf [FileDeduplicator.py:105]
2025-06-05 17:26:24,578 - file_manager - INFO - Dry run: Would remove duplicate: C:\Users\terti\OneDrive\pdf\stmnn_sp_rstm003wbudi20170417_85205344926e_012900003_37 1_1.pdf [FileDeduplicator.py:105]
2025-06-05 17:26:24,578 - file_manager - INFO - Dry run: Would remove duplicate: C:\Users\terti\OneDrive\pdf\stmnn_sp_rstm003wbudi20170417_85205344926e_012900003_37 2.pdf [FileDeduplicator.py:105]
2025-06-05 17:26:24,578 - file_manager - INFO - Dry run: Would remove duplicate: C:\Users\terti\OneDrive\pdf\stmnn_sp_rstm003wbudi20170417_85205344926e_012900003_37 2_1.pdf [FileDeduplicator.py:105]
2025-06-05 17:26:24,578 - file_manager - INFO - Dry run: Would remove duplicate: C:\Users\terti\OneDrive\pdf\stmnn_sp_rstm003wbudi20170417_85205344926e_012900003_37.pdf [FileDeduplicator.py:105]
2025-06-05 17:26:24,578 - file_manager - INFO - Dry run: Would remove duplicate: C:\Users\terti\OneDrive\pdf\stmnn_sp_rstm003wbudi20170417_85205344926e_012900003_37_1.pdf [FileDeduplicator.py:105]
2025-06-05 17:26:24,578 - file_manager - INFO - Dry run: Would remove duplicate: C:\Users\terti\OneDrive\pdf\stmnn_sp_rstm003wbudi20170516_85205344926e_012900017_38 1_1.pdf [FileDeduplicator.py:105]
2025-06-05 17:26:24,578 - file_manager - INFO - Dry run: Would remove duplicate: C:\Users\terti\OneDrive\pdf\stmnn_sp_rstm003wbudi20170516_85205344926e_012900017_38 2.pdf [FileDeduplicator.py:105]
2025-06-05 17:26:24,579 - file_manager - INFO - Dry run: Would remove duplicate: C:\Users\terti\OneDrive\pdf\stmnn_sp_rstm003wbudi20170516_85205344926e_012900017_38 2_1.pdf [FileDeduplicator.py:105]
2025-06-05 17:26:24,579 - file_manager - INFO - Dry run: Would remove duplicate: C:\Users\terti\OneDrive\pdf\stmnn_sp_rstm003wbudi20170516_85205344926e_012900017_38.pdf [FileDeduplicator.py:105]
2025-06-05 17:26:24,579 - file_manager - INFO - Dry run: Would remove duplicate: C:\Users\terti\OneDrive\pdf\stmnn_sp_rstm003wbudi20170516_85205344926e_012900017_38_1.pdf [FileDeduplicator.py:105]
2025-06-05 17:26:24,579 - file_manager - INFO - Dry run: Would remove duplicate: C:\Users\terti\OneDrive\pdf\stmnn_sp_rstm003wbudi20170616_85205344926e_012900014_39 1_1.pdf [FileDeduplicator.py:105]
2025-06-05 17:26:24,592 - file_manager - INFO - Dry run: Would remove duplicate: C:\Users\terti\OneDrive\pdf\stmnn_sp_rstm003wbudi20170616_85205344926e_012900014_39.pdf [FileDeduplicator.py:105]
2025-06-05 17:26:24,592 - file_manager - INFO - Dry run: Would remove duplicate: C:\Users\terti\OneDrive\pdf\stmnn_sp_rstm003wbudi20170616_85205344926e_012900014_39_1.pdf [FileDeduplicator.py:105]
2025-06-05 17:26:24,592 - file_manager - INFO - Dry run: Would remove duplicate: C:\Users\terti\OneDrive\pdf\stmnn_sp_rstm003wbudi20170716_85205344926e_012900009_40 1_1.pdf [FileDeduplicator.py:105]
2025-06-05 17:26:24,592 - file_manager - INFO - Dry run: Would remove duplicate: C:\Users\terti\OneDrive\pdf\stmnn_sp_rstm003wbudi20170716_85205344926e_012900009_40 2.pdf [FileDeduplicator.py:105]
2025-06-05 17:26:24,592 - file_manager - INFO - Dry run: Would remove duplicate: C:\Users\terti\OneDrive\pdf\stmnn_sp_rstm003wbudi20170716_85205344926e_012900009_40 2_1.pdf [FileDeduplicator.py:105]
2025-06-05 17:26:24,592 - file_manager - INFO - Dry run: Would remove duplicate: C:\Users\terti\OneDrive\pdf\stmnn_sp_rstm003wbudi20170716_85205344926e_012900009_40.pdf [FileDeduplicator.py:105]
2025-06-05 17:26:24,592 - file_manager - INFO - Dry run: Would remove duplicate: C:\Users\terti\OneDrive\pdf\stmnn_sp_rstm003wbudi20170716_85205344926e_012900009_40_1.pdf [FileDeduplicator.py:105]
2025-06-05 17:26:24,592 - file_manager - INFO - Dry run: Would remove duplicate: C:\Users\terti\OneDrive\pdf\Stmnt_691-5067_2017-05-31 1_1.pdf [FileDeduplicator.py:105]
2025-06-05 17:26:24,593 - file_manager - INFO - Dry run: Would remove duplicate: C:\Users\terti\OneDrive\pdf\Stmnt_691-5067_2017-05-31 2.pdf [FileDeduplicator.py:105]
2025-06-05 17:26:24,593 - file_manager - INFO - Dry run: Would remove duplicate: C:\Users\terti\OneDrive\pdf\Stmnt_691-5067_2017-05-31 2_1.pdf [FileDeduplicator.py:105]
2025-06-05 17:26:24,593 - file_manager - INFO - Dry run: Would remove duplicate: C:\Users\terti\OneDrive\pdf\Stmnt_691-5067_2017-05-31.pdf [FileDeduplicator.py:105]
2025-06-05 17:26:24,593 - file_manager - INFO - Dry run: Would remove duplicate: C:\Users\terti\OneDrive\pdf\Stmnt_691-5067_2017-05-31_1.pdf [FileDeduplicator.py:105]
2025-06-05 17:26:24,593 - file_manager - INFO - Dry run: Would remove duplicate: C:\Users\terti\OneDrive\pdf\st_1387090B01_20170228 (2).pdf [FileDeduplicator.py:105]
2025-06-05 17:26:24,593 - file_manager - INFO - Dry run: Would remove duplicate: C:\Users\terti\OneDrive\pdf\st_1387090B01_20170228(1).pdf [FileDeduplicator.py:105]
2025-06-05 17:26:24,593 - file_manager - INFO - Dry run: Would remove duplicate: C:\Users\terti\OneDrive\pdf\st_1387090B01_20170228(2).pdf [FileDeduplicator.py:105]
2025-06-05 17:26:24,593 - file_manager - INFO - Dry run: Would remove duplicate: C:\Users\terti\OneDrive\pdf\st_1387090B01_20170228.pdf [FileDeduplicator.py:105]
2025-06-05 17:26:24,593 - file_manager - INFO - Dry run: Would remove duplicate: C:\Users\terti\OneDrive\pdf\st_1387090B01_20170228_1.pdf [FileDeduplicator.py:105]
2025-06-05 17:26:24,593 - file_manager - INFO - Dry run: Would remove duplicate: C:\Users\terti\OneDrive\pdf\st_1387090B01_20170328 (2).pdf [FileDeduplicator.py:105]
2025-06-05 17:26:24,593 - file_manager - INFO - Dry run: Would remove duplicate: C:\Users\terti\OneDrive\pdf\st_1387090B01_20170328(1).pdf [FileDeduplicator.py:105]
2025-06-05 17:26:24,593 - file_manager - INFO - Dry run: Would remove duplicate: C:\Users\terti\OneDrive\pdf\st_1387090B01_20170328(2).pdf [FileDeduplicator.py:105]
2025-06-05 17:26:24,593 - file_manager - INFO - Dry run: Would remove duplicate: C:\Users\terti\OneDrive\pdf\st_1387090B01_20170328.pdf [FileDeduplicator.py:105]
2025-06-05 17:26:24,593 - file_manager - INFO - Dry run: Would remove duplicate: C:\Users\terti\OneDrive\pdf\st_1387090B01_20170328_1.pdf [FileDeduplicator.py:105]
2025-06-05 17:26:24,593 - file_manager - INFO - Dry run: Would remove duplicate: C:\Users\terti\OneDrive\pdf\st_1387090B01_20170421 1_1.pdf [FileDeduplicator.py:105]
2025-06-05 17:26:24,593 - file_manager - INFO - Dry run: Would remove duplicate: C:\Users\terti\OneDrive\pdf\st_1387090B01_20170421 2.pdf [FileDeduplicator.py:105]
2025-06-05 17:26:24,608 - file_manager - INFO - Dry run: Would remove duplicate: C:\Users\terti\OneDrive\pdf\st_1387090B01_20170421 2_1.pdf [FileDeduplicator.py:105]
2025-06-05 17:26:24,608 - file_manager - INFO - Dry run: Would remove duplicate: C:\Users\terti\OneDrive\pdf\st_1387090B01_20170421.pdf [FileDeduplicator.py:105]
2025-06-05 17:26:24,608 - file_manager - INFO - Dry run: Would remove duplicate: C:\Users\terti\OneDrive\pdf\st_1387090B01_20170421_1.pdf [FileDeduplicator.py:105]
2025-06-05 17:26:24,608 - file_manager - INFO - Dry run: Would remove duplicate: C:\Users\terti\OneDrive\pdf\st_1387090B01_20170529 1_1.pdf [FileDeduplicator.py:105]
2025-06-05 17:26:24,608 - file_manager - INFO - Dry run: Would remove duplicate: C:\Users\terti\OneDrive\pdf\st_1387090B01_20170529 2.pdf [FileDeduplicator.py:105]
2025-06-05 17:26:24,608 - file_manager - INFO - Dry run: Would remove duplicate: C:\Users\terti\OneDrive\pdf\st_1387090B01_20170529 2_1.pdf [FileDeduplicator.py:105]
2025-06-05 17:26:24,608 - file_manager - INFO - Dry run: Would remove duplicate: C:\Users\terti\OneDrive\pdf\st_1387090B01_20170529.pdf [FileDeduplicator.py:105]
2025-06-05 17:26:24,608 - file_manager - INFO - Dry run: Would remove duplicate: C:\Users\terti\OneDrive\pdf\st_1387090B01_20170529_1.pdf [FileDeduplicator.py:105]
2025-06-05 17:26:24,608 - file_manager - INFO - Dry run: Would remove duplicate: C:\Users\terti\OneDrive\pdf\st_1387090B01_20170626 (2).pdf [FileDeduplicator.py:105]
2025-06-05 17:26:24,609 - file_manager - INFO - Dry run: Would remove duplicate: C:\Users\terti\OneDrive\pdf\st_1387090B01_20170626(1).pdf [FileDeduplicator.py:105]
2025-06-05 17:26:24,609 - file_manager - INFO - Dry run: Would remove duplicate: C:\Users\terti\OneDrive\pdf\st_1387090B01_20170626(2).pdf [FileDeduplicator.py:105]
2025-06-05 17:26:24,609 - file_manager - INFO - Dry run: Would remove duplicate: C:\Users\terti\OneDrive\pdf\st_1387090B01_20170626.pdf [FileDeduplicator.py:105]
2025-06-05 17:26:24,609 - file_manager - INFO - Dry run: Would remove duplicate: C:\Users\terti\OneDrive\pdf\st_1387090B01_20170626_1.pdf [FileDeduplicator.py:105]
2025-06-05 17:26:24,609 - file_manager - INFO - Dry run: Would remove duplicate: C:\Users\terti\OneDrive\pdf\st_1387090B01_20170724 1_1.pdf [FileDeduplicator.py:105]
2025-06-05 17:26:24,609 - file_manager - INFO - Dry run: Would remove duplicate: C:\Users\terti\OneDrive\pdf\st_1387090B01_20170724.pdf [FileDeduplicator.py:105]
2025-06-05 17:26:24,609 - file_manager - INFO - Dry run: Would remove duplicate: C:\Users\terti\OneDrive\pdf\st_1387090B01_20170724_1.pdf [FileDeduplicator.py:105]
2025-06-05 17:26:24,609 - file_manager - INFO - Dry run: Would remove duplicate: C:\Users\terti\OneDrive\pdf\Successful Interview_1.pdf [FileDeduplicator.py:105]
2025-06-05 17:26:24,609 - file_manager - INFO - Dry run: Would remove duplicate: C:\Users\terti\OneDrive\pdf\surrender forms flexi_SIGNED(2).pdf [FileDeduplicator.py:105]
2025-06-05 17:26:24,609 - file_manager - INFO - Dry run: Would remove duplicate: C:\Users\terti\OneDrive\pdf\surrender forms flexi_SIGNED.pdf [FileDeduplicator.py:105]
2025-06-05 17:26:24,609 - file_manager - INFO - Dry run: Would remove duplicate: C:\Users\terti\OneDrive\pdf\surrender forms flexi_SIGNED_1.pdf [FileDeduplicator.py:105]
2025-06-05 17:26:24,609 - file_manager - INFO - Dry run: Would remove duplicate: C:\Users\terti\OneDrive\pdf\SwitchBondApplicationForm (2).pdf [FileDeduplicator.py:105]
2025-06-05 17:26:24,609 - file_manager - INFO - Dry run: Would remove duplicate: C:\Users\terti\OneDrive\pdf\SwitchBondApplicationForm(1).pdf [FileDeduplicator.py:105]
2025-06-05 17:26:24,610 - file_manager - INFO - Dry run: Would remove duplicate: C:\Users\terti\OneDrive\pdf\SwitchBondApplicationForm(2).pdf [FileDeduplicator.py:105]
2025-06-05 17:26:24,610 - file_manager - INFO - Dry run: Would remove duplicate: C:\Users\terti\OneDrive\pdf\SwitchBondApplicationForm.pdf [FileDeduplicator.py:105]
2025-06-05 17:26:24,610 - file_manager - INFO - Dry run: Would remove duplicate: C:\Users\terti\OneDrive\pdf\SwitchBondApplicationForm_1.pdf [FileDeduplicator.py:105]
2025-06-05 17:26:24,624 - file_manager - INFO - Dry run: Would remove duplicate: C:\Users\terti\OneDrive\pdf\Tax 2017 1_1.pdf [FileDeduplicator.py:105]
2025-06-05 17:26:24,624 - file_manager - INFO - Dry run: Would remove duplicate: C:\Users\terti\OneDrive\pdf\Tax 2017 2.pdf [FileDeduplicator.py:105]
2025-06-05 17:26:24,624 - file_manager - INFO - Dry run: Would remove duplicate: C:\Users\terti\OneDrive\pdf\Tax 2017 2_1.pdf [FileDeduplicator.py:105]
2025-06-05 17:26:24,624 - file_manager - INFO - Dry run: Would remove duplicate: C:\Users\terti\OneDrive\pdf\Tax 2017.pdf [FileDeduplicator.py:105]
2025-06-05 17:26:24,624 - file_manager - INFO - Dry run: Would remove duplicate: C:\Users\terti\OneDrive\pdf\Tax 2017_1.pdf [FileDeduplicator.py:105]
2025-06-05 17:26:24,624 - file_manager - INFO - Dry run: Would remove duplicate: C:\Users\terti\OneDrive\pdf\Technical Architect(1).pdf [FileDeduplicator.py:105]
2025-06-05 17:26:24,624 - file_manager - INFO - Dry run: Would remove duplicate: C:\Users\terti\OneDrive\pdf\Technical Architect-1.pdf [FileDeduplicator.py:105]
2025-06-05 17:26:24,624 - file_manager - INFO - Dry run: Would remove duplicate: C:\Users\terti\OneDrive\pdf\Technical Architect-1_1.pdf [FileDeduplicator.py:105]
2025-06-05 17:26:24,624 - file_manager - INFO - Dry run: Would remove duplicate: C:\Users\terti\OneDrive\pdf\Technical Architect-2.pdf [FileDeduplicator.py:105]
2025-06-05 17:26:24,624 - file_manager - INFO - Dry run: Would remove duplicate: C:\Users\terti\OneDrive\pdf\Technical Architect-2_1.pdf [FileDeduplicator.py:105]
2025-06-05 17:26:24,624 - file_manager - INFO - Dry run: Would remove duplicate: C:\Users\terti\OneDrive\pdf\Technical Architect.pdf [FileDeduplicator.py:105]
2025-06-05 17:26:24,624 - file_manager - INFO - Dry run: Would remove duplicate: C:\Users\terti\OneDrive\pdf\Technical Architect_1.pdf [FileDeduplicator.py:105]
2025-06-05 17:26:24,624 - file_manager - INFO - Dry run: Would remove duplicate: C:\Users\terti\OneDrive\pdf\Technical Interviews & Assessments(1)_1.pdf [FileDeduplicator.py:105]
2025-06-05 17:26:24,624 - file_manager - INFO - Dry run: Would remove duplicate: C:\Users\terti\OneDrive\pdf\Technical Interviews & Assessments.pdf [FileDeduplicator.py:105]
2025-06-05 17:26:24,624 - file_manager - INFO - Dry run: Would remove duplicate: C:\Users\terti\OneDrive\pdf\Technical Interviews & Assessments_1.pdf [FileDeduplicator.py:105]
2025-06-05 17:26:24,624 - file_manager - INFO - Dry run: Would remove duplicate: C:\Users\terti\OneDrive\pdf\Technologies used on corporatespec com   Wappalyzer.pdf [FileDeduplicator.py:105]
2025-06-05 17:26:24,624 - file_manager - INFO - Dry run: Would remove duplicate: C:\Users\terti\OneDrive\pdf\telkom20170504(2).pdf [FileDeduplicator.py:105]
2025-06-05 17:26:24,624 - file_manager - INFO - Dry run: Would remove duplicate: C:\Users\terti\OneDrive\pdf\telkom20170504.pdf [FileDeduplicator.py:105]
2025-06-05 17:26:24,625 - file_manager - INFO - Dry run: Would remove duplicate: C:\Users\terti\OneDrive\pdf\telkom20170504_1.pdf [FileDeduplicator.py:105]
2025-06-05 17:26:24,625 - file_manager - INFO - Dry run: Would remove duplicate: C:\Users\terti\OneDrive\pdf\telkomsstandardtermsandconditionsfortheprovisio(1)_1.pdf [FileDeduplicator.py:105]
2025-06-05 17:26:24,625 - file_manager - INFO - Dry run: Would remove duplicate: C:\Users\terti\OneDrive\pdf\telkomsstandardtermsandconditionsfortheprovisio(1)_2.pdf [FileDeduplicator.py:105]
2025-06-05 17:26:24,625 - file_manager - INFO - Dry run: Would remove duplicate: C:\Users\terti\OneDrive\pdf\telkomsstandardtermsandconditionsfortheprovisio_1.pdf [FileDeduplicator.py:105]
2025-06-05 17:26:24,625 - file_manager - INFO - Dry run: Would remove duplicate: C:\Users\terti\OneDrive\pdf\telkomsstandardtermsandconditionsfortheprovisio_2.pdf [FileDeduplicator.py:105]
2025-06-05 17:26:24,625 - file_manager - INFO - Dry run: Would remove duplicate: C:\Users\terti\OneDrive\pdf\tempest attacks - Using a simple radio receiver.pdf [FileDeduplicator.py:105]
2025-06-05 17:26:24,625 - file_manager - INFO - Dry run: Would remove duplicate: C:\Users\terti\OneDrive\pdf\terms(1)_1.pdf [FileDeduplicator.py:105]
2025-06-05 17:26:24,639 - file_manager - INFO - Dry run: Would remove duplicate: C:\Users\terti\OneDrive\pdf\terms.pdf [FileDeduplicator.py:105]
2025-06-05 17:26:24,640 - file_manager - INFO - Dry run: Would remove duplicate: C:\Users\terti\OneDrive\pdf\terms_1.pdf [FileDeduplicator.py:105]
2025-06-05 17:26:24,640 - file_manager - INFO - Dry run: Would remove duplicate: C:\Users\terti\OneDrive\pdf\Terti 1_1.pdf [FileDeduplicator.py:105]
2025-06-05 17:26:24,640 - file_manager - INFO - Dry run: Would remove duplicate: C:\Users\terti\OneDrive\pdf\Terti 2.pdf [FileDeduplicator.py:105]
2025-06-05 17:26:24,640 - file_manager - INFO - Dry run: Would remove duplicate: C:\Users\terti\OneDrive\pdf\Terti 2_1.pdf [FileDeduplicator.py:105]
2025-06-05 17:26:24,640 - file_manager - INFO - Dry run: Would remove duplicate: C:\Users\terti\OneDrive\pdf\Terti.pdf [FileDeduplicator.py:105]
2025-06-05 17:26:24,640 - file_manager - INFO - Dry run: Would remove duplicate: C:\Users\terti\OneDrive\pdf\Tertius Geldenhuys (1)(1) (1).pdf [FileDeduplicator.py:105]
2025-06-05 17:26:24,640 - file_manager - INFO - Dry run: Would remove duplicate: C:\Users\terti\OneDrive\pdf\Tertius Geldenhuys (1)(1)(1).pdf [FileDeduplicator.py:105]
2025-06-05 17:26:24,640 - file_manager - INFO - Dry run: Would remove duplicate: C:\Users\terti\OneDrive\pdf\Tertius Geldenhuys (1)(1)(1)_1.pdf [FileDeduplicator.py:105]
2025-06-05 17:26:24,640 - file_manager - INFO - Dry run: Would remove duplicate: C:\Users\terti\OneDrive\pdf\Tertius Geldenhuys (1)(1)-1 (1).pdf [FileDeduplicator.py:105]
2025-06-05 17:26:24,640 - file_manager - INFO - Dry run: Would remove duplicate: C:\Users\terti\OneDrive\pdf\Tertius Geldenhuys (1)(1)-1(1).pdf [FileDeduplicator.py:105]
2025-06-05 17:26:24,640 - file_manager - INFO - Dry run: Would remove duplicate: C:\Users\terti\OneDrive\pdf\Tertius Geldenhuys (1)(1)-1(1)_1.pdf [FileDeduplicator.py:105]
2025-06-05 17:26:24,641 - file_manager - INFO - Dry run: Would remove duplicate: C:\Users\terti\OneDrive\pdf\Tertius Geldenhuys (1)(1)-1.pdf [FileDeduplicator.py:105]
2025-06-05 17:26:24,641 - file_manager - INFO - Dry run: Would remove duplicate: C:\Users\terti\OneDrive\pdf\Tertius Geldenhuys (1)(1)-1_1.pdf [FileDeduplicator.py:105]
2025-06-05 17:26:24,641 - file_manager - INFO - Dry run: Would remove duplicate: C:\Users\terti\OneDrive\pdf\Tertius Geldenhuys (1)(1)-2 (1).pdf [FileDeduplicator.py:105]
2025-06-05 17:26:24,641 - file_manager - INFO - Dry run: Would remove duplicate: C:\Users\terti\OneDrive\pdf\Tertius Geldenhuys (1)(1)-2(1).pdf [FileDeduplicator.py:105]
2025-06-05 17:26:24,641 - file_manager - INFO - Dry run: Would remove duplicate: C:\Users\terti\OneDrive\pdf\Tertius Geldenhuys (1)(1)-2(1)_1.pdf [FileDeduplicator.py:105]
2025-06-05 17:26:24,641 - file_manager - INFO - Dry run: Would remove duplicate: C:\Users\terti\OneDrive\pdf\Tertius Geldenhuys (1)(1)-2.pdf [FileDeduplicator.py:105]
2025-06-05 17:26:24,641 - file_manager - INFO - Dry run: Would remove duplicate: C:\Users\terti\OneDrive\pdf\Tertius Geldenhuys (1)(1)-2_1.pdf [FileDeduplicator.py:105]
2025-06-05 17:26:24,641 - file_manager - INFO - Dry run: Would remove duplicate: C:\Users\terti\OneDrive\pdf\Tertius Geldenhuys (1)(1)-3 (1).pdf [FileDeduplicator.py:105]
2025-06-05 17:26:24,641 - file_manager - INFO - Dry run: Would remove duplicate: C:\Users\terti\OneDrive\pdf\Tertius Geldenhuys (1)(1)-3(1).pdf [FileDeduplicator.py:105]
2025-06-05 17:26:24,641 - file_manager - INFO - Dry run: Would remove duplicate: C:\Users\terti\OneDrive\pdf\Tertius Geldenhuys (1)(1)-3(1)_1.pdf [FileDeduplicator.py:105]
2025-06-05 17:26:24,641 - file_manager - INFO - Dry run: Would remove duplicate: C:\Users\terti\OneDrive\pdf\Tertius Geldenhuys (1)(1)-3.pdf [FileDeduplicator.py:105]
2025-06-05 17:26:24,641 - file_manager - INFO - Dry run: Would remove duplicate: C:\Users\terti\OneDrive\pdf\Tertius Geldenhuys (1)(1)-3_1.pdf [FileDeduplicator.py:105]
2025-06-05 17:26:24,641 - file_manager - INFO - Dry run: Would remove duplicate: C:\Users\terti\OneDrive\pdf\Tertius Geldenhuys (1)(1)-4 (1).pdf [FileDeduplicator.py:105]
2025-06-05 17:26:24,655 - file_manager - INFO - Dry run: Would remove duplicate: C:\Users\terti\OneDrive\pdf\Tertius Geldenhuys (1)(1)-4(1).pdf [FileDeduplicator.py:105]
2025-06-05 17:26:24,655 - file_manager - INFO - Dry run: Would remove duplicate: C:\Users\terti\OneDrive\pdf\Tertius Geldenhuys (1)(1)-4(1)_1.pdf [FileDeduplicator.py:105]
2025-06-05 17:26:24,655 - file_manager - INFO - Dry run: Would remove duplicate: C:\Users\terti\OneDrive\pdf\Tertius Geldenhuys (1)(1)-4.pdf [FileDeduplicator.py:105]
2025-06-05 17:26:24,655 - file_manager - INFO - Dry run: Would remove duplicate: C:\Users\terti\OneDrive\pdf\Tertius Geldenhuys (1)(1)-4_1.pdf [FileDeduplicator.py:105]
2025-06-05 17:26:24,655 - file_manager - INFO - Dry run: Would remove duplicate: C:\Users\terti\OneDrive\pdf\Tertius Geldenhuys (1)(1)-5 (1).pdf [FileDeduplicator.py:105]
2025-06-05 17:26:24,656 - file_manager - INFO - Dry run: Would remove duplicate: C:\Users\terti\OneDrive\pdf\Tertius Geldenhuys (1)(1)-5(1).pdf [FileDeduplicator.py:105]
2025-06-05 17:26:24,656 - file_manager - INFO - Dry run: Would remove duplicate: C:\Users\terti\OneDrive\pdf\Tertius Geldenhuys (1)(1)-5(1)_1.pdf [FileDeduplicator.py:105]
2025-06-05 17:26:24,656 - file_manager - INFO - Dry run: Would remove duplicate: C:\Users\terti\OneDrive\pdf\Tertius Geldenhuys (1)(1)-5.pdf [FileDeduplicator.py:105]
2025-06-05 17:26:24,656 - file_manager - INFO - Dry run: Would remove duplicate: C:\Users\terti\OneDrive\pdf\Tertius Geldenhuys (1)(1)-5_1.pdf [FileDeduplicator.py:105]
2025-06-05 17:26:24,656 - file_manager - INFO - Dry run: Would remove duplicate: C:\Users\terti\OneDrive\pdf\Tertius Geldenhuys (1)(1).pdf [FileDeduplicator.py:105]
2025-06-05 17:26:24,656 - file_manager - INFO - Dry run: Would remove duplicate: C:\Users\terti\OneDrive\pdf\Tertius Geldenhuys (1)(1)_1.pdf [FileDeduplicator.py:105]
2025-06-05 17:26:24,656 - file_manager - INFO - Dry run: Would remove duplicate: C:\Users\terti\OneDrive\pdf\Tertius Geldenhuys (1).pdf [FileDeduplicator.py:105]
2025-06-05 17:26:24,656 - file_manager - INFO - Dry run: Would remove duplicate: C:\Users\terti\OneDrive\pdf\Tertius Geldenhuys (2).pdf [FileDeduplicator.py:105]
2025-06-05 17:26:24,656 - file_manager - INFO - Dry run: Would remove duplicate: C:\Users\terti\OneDrive\pdf\Tertius Geldenhuys (3)-1 (1).pdf [FileDeduplicator.py:105]
2025-06-05 17:26:24,656 - file_manager - INFO - Dry run: Would remove duplicate: C:\Users\terti\OneDrive\pdf\Tertius Geldenhuys (3)-1.pdf [FileDeduplicator.py:105]
2025-06-05 17:26:24,656 - file_manager - INFO - Dry run: Would remove duplicate: C:\Users\terti\OneDrive\pdf\Tertius Geldenhuys (4).pdf [FileDeduplicator.py:105]
2025-06-05 17:26:24,657 - file_manager - INFO - Dry run: Would remove duplicate: C:\Users\terti\OneDrive\pdf\Tertius Geldenhuys and Alexandra Bertea.pdf [FileDeduplicator.py:105]
2025-06-05 17:26:24,657 - file_manager - INFO - Dry run: Would remove duplicate: C:\Users\terti\OneDrive\pdf\Tertius Geldenhuys Hired(1)_1.pdf [FileDeduplicator.py:105]
2025-06-05 17:26:24,657 - file_manager - INFO - Dry run: Would remove duplicate: C:\Users\terti\OneDrive\pdf\Tertius Geldenhuys Hired(1)_2.pdf [FileDeduplicator.py:105]
2025-06-05 17:26:24,657 - file_manager - INFO - Dry run: Would remove duplicate: C:\Users\terti\OneDrive\pdf\Tertius Geldenhuys Hired_1.pdf [FileDeduplicator.py:105]
2025-06-05 17:26:24,657 - file_manager - INFO - Dry run: Would remove duplicate: C:\Users\terti\OneDrive\pdf\Tertius Geldenhuys Hired_2.pdf [FileDeduplicator.py:105]
2025-06-05 17:26:24,657 - file_manager - INFO - Dry run: Would remove duplicate: C:\Users\terti\OneDrive\pdf\Tertius Geldenhuys _SO.pdf [FileDeduplicator.py:105]
2025-06-05 17:26:24,657 - file_manager - INFO - Dry run: Would remove duplicate: C:\Users\terti\OneDrive\pdf\Tertius Geldenhuys(1)_1.pdf [FileDeduplicator.py:105]
2025-06-05 17:26:24,657 - file_manager - INFO - Dry run: Would remove duplicate: C:\Users\terti\OneDrive\pdf\Tertius Geldenhuys(1)_2.pdf [FileDeduplicator.py:105]
2025-06-05 17:26:24,657 - file_manager - INFO - Dry run: Would remove duplicate: C:\Users\terti\OneDrive\pdf\Tertius Geldenhuys(2)_1.pdf [FileDeduplicator.py:105]
2025-06-05 17:26:24,670 - file_manager - INFO - Dry run: Would remove duplicate: C:\Users\terti\OneDrive\pdf\Tertius Geldenhuys(2)_2.pdf [FileDeduplicator.py:105]
2025-06-05 17:26:24,670 - file_manager - INFO - Dry run: Would remove duplicate: C:\Users\terti\OneDrive\pdf\Tertius Geldenhuys(3)_1.pdf [FileDeduplicator.py:105]
2025-06-05 17:26:24,670 - file_manager - INFO - Dry run: Would remove duplicate: C:\Users\terti\OneDrive\pdf\Tertius Geldenhuys(3)_2.pdf [FileDeduplicator.py:105]
2025-06-05 17:26:24,670 - file_manager - INFO - Dry run: Would remove duplicate: C:\Users\terti\OneDrive\pdf\Tertius Geldenhuys.pdf [FileDeduplicator.py:105]
2025-06-05 17:26:24,670 - file_manager - INFO - Dry run: Would remove duplicate: C:\Users\terti\OneDrive\pdf\Tertius Geldenhuys_1.pdf [FileDeduplicator.py:105]
2025-06-05 17:26:24,670 - file_manager - INFO - Dry run: Would remove duplicate: C:\Users\terti\OneDrive\pdf\Tertius Geldenhuys_1111111 (1).pdf [FileDeduplicator.py:105]
2025-06-05 17:26:24,670 - file_manager - INFO - Dry run: Would remove duplicate: C:\Users\terti\OneDrive\pdf\Tertius Geldenhuys_1111111.pdf [FileDeduplicator.py:105]
2025-06-05 17:26:24,670 - file_manager - INFO - Dry run: Would remove duplicate: C:\Users\terti\OneDrive\pdf\Tertius Geldenhuys_1111111_1.pdf [FileDeduplicator.py:105]
2025-06-05 17:26:24,670 - file_manager - INFO - Dry run: Would remove duplicate: C:\Users\terti\OneDrive\pdf\Tertius Geldenhuys_1_1.pdf [FileDeduplicator.py:105]
2025-06-05 17:26:24,670 - file_manager - INFO - Dry run: Would remove duplicate: C:\Users\terti\OneDrive\pdf\Tertius Geldenhuys_2.pdf [FileDeduplicator.py:105]
2025-06-05 17:26:24,670 - file_manager - INFO - Dry run: Would remove duplicate: C:\Users\terti\OneDrive\pdf\Tertius-Geldenhuys - AES Global.pdf [FileDeduplicator.py:105]
2025-06-05 17:26:24,670 - file_manager - INFO - Dry run: Would remove duplicate: C:\Users\terti\OneDrive\pdf\Tertius-Geldenhuys OLD LONG FORMAT_1.pdf [FileDeduplicator.py:105]
2025-06-05 17:26:24,670 - file_manager - INFO - Dry run: Would remove duplicate: C:\Users\terti\OneDrive\pdf\Tertius_Geldenhuys (1).pdf [FileDeduplicator.py:105]
2025-06-05 17:26:24,670 - file_manager - INFO - Dry run: Would remove duplicate: C:\Users\terti\OneDrive\pdf\Tertius_Geldenhuys.pdf [FileDeduplicator.py:105]
2025-06-05 17:26:24,670 - file_manager - INFO - Dry run: Would remove duplicate: C:\Users\terti\OneDrive\pdf\Tertius_Geldenhuys_CV_Premium.pdf [FileDeduplicator.py:105]
2025-06-05 17:26:24,671 - file_manager - INFO - Dry run: Would remove duplicate: C:\Users\terti\OneDrive\pdf\tertius_generated_resume.pdf [FileDeduplicator.py:105]
2025-06-05 17:26:24,671 - file_manager - INFO - Dry run: Would remove duplicate: C:\Users\terti\OneDrive\pdf\Tertius_IKM.pdf [FileDeduplicator.py:105]
2025-06-05 17:26:24,671 - file_manager - INFO - Dry run: Would remove duplicate: C:\Users\terti\OneDrive\pdf\Terti_1.pdf [FileDeduplicator.py:105]
2025-06-05 17:26:24,671 - file_manager - INFO - Dry run: Would remove duplicate: C:\Users\terti\OneDrive\pdf\teruis qoute(1)_1.pdf [FileDeduplicator.py:105]
2025-06-05 17:26:24,671 - file_manager - INFO - Dry run: Would remove duplicate: C:\Users\terti\OneDrive\pdf\teruis qoute(1)_2.pdf [FileDeduplicator.py:105]
2025-06-05 17:26:24,671 - file_manager - INFO - Dry run: Would remove duplicate: C:\Users\terti\OneDrive\pdf\teruis qoute_1.pdf [FileDeduplicator.py:105]
2025-06-05 17:26:24,671 - file_manager - INFO - Dry run: Would remove duplicate: C:\Users\terti\OneDrive\pdf\teruis qoute_2.pdf [FileDeduplicator.py:105]
2025-06-05 17:26:24,671 - file_manager - INFO - Dry run: Would remove duplicate: C:\Users\terti\OneDrive\pdf\teruis_qoute.pdf [FileDeduplicator.py:105]
2025-06-05 17:26:24,671 - file_manager - INFO - Dry run: Would remove duplicate: C:\Users\terti\OneDrive\pdf\TESTING OF TRANSPONDER UNIT() 1_1.pdf [FileDeduplicator.py:105]
2025-06-05 17:26:24,671 - file_manager - INFO - Dry run: Would remove duplicate: C:\Users\terti\OneDrive\pdf\TESTING OF TRANSPONDER UNIT().pdf [FileDeduplicator.py:105]
2025-06-05 17:26:24,671 - file_manager - INFO - Dry run: Would remove duplicate: C:\Users\terti\OneDrive\pdf\TESTING OF TRANSPONDER UNIT()_1.pdf [FileDeduplicator.py:105]
2025-06-05 17:26:24,685 - file_manager - INFO - Dry run: Would remove duplicate: C:\Users\terti\OneDrive\pdf\TESTING OF TRANSPONDER UNIT()_1_1.pdf [FileDeduplicator.py:105]
2025-06-05 17:26:24,686 - file_manager - INFO - Dry run: Would remove duplicate: C:\Users\terti\OneDrive\pdf\TESTING OF TRANSPONDER UNIT()_2.pdf [FileDeduplicator.py:105]
2025-06-05 17:26:24,686 - file_manager - INFO - Dry run: Would remove duplicate: C:\Users\terti\OneDrive\pdf\tg (2).pdf [FileDeduplicator.py:105]
2025-06-05 17:26:24,686 - file_manager - INFO - Dry run: Would remove duplicate: C:\Users\terti\OneDrive\pdf\tg(1).pdf [FileDeduplicator.py:105]
2025-06-05 17:26:24,686 - file_manager - INFO - Dry run: Would remove duplicate: C:\Users\terti\OneDrive\pdf\tg(2).pdf [FileDeduplicator.py:105]
2025-06-05 17:26:24,686 - file_manager - INFO - Dry run: Would remove duplicate: C:\Users\terti\OneDrive\pdf\TG-JNR-Certified-Copy-Of-ID-Document.pdf [FileDeduplicator.py:105]
2025-06-05 17:26:24,686 - file_manager - INFO - Dry run: Would remove duplicate: C:\Users\terti\OneDrive\pdf\tg.pdf [FileDeduplicator.py:105]
2025-06-05 17:26:24,686 - file_manager - INFO - Dry run: Would remove duplicate: C:\Users\terti\OneDrive\pdf\tg_1.pdf [FileDeduplicator.py:105]
2025-06-05 17:26:24,686 - file_manager - INFO - Dry run: Would remove duplicate: C:\Users\terti\OneDrive\pdf\The 7 steps to a successful strategy plan.pdf_1.pdf [FileDeduplicator.py:105]
2025-06-05 17:26:24,686 - file_manager - INFO - Dry run: Would remove duplicate: C:\Users\terti\OneDrive\pdf\The Need for New Skills_1.pdf [FileDeduplicator.py:105]
2025-06-05 17:26:24,686 - file_manager - INFO - Dry run: Would remove duplicate: C:\Users\terti\OneDrive\pdf\The Science of Happiness brochure 1_1.pdf [FileDeduplicator.py:105]
2025-06-05 17:26:24,686 - file_manager - INFO - Dry run: Would remove duplicate: C:\Users\terti\OneDrive\pdf\The Science of Happiness brochure 2.pdf [FileDeduplicator.py:105]
2025-06-05 17:26:24,686 - file_manager - INFO - Dry run: Would remove duplicate: C:\Users\terti\OneDrive\pdf\The Science of Happiness brochure 2_1.pdf [FileDeduplicator.py:105]
2025-06-05 17:26:24,687 - file_manager - INFO - Dry run: Would remove duplicate: C:\Users\terti\OneDrive\pdf\The Science of Happiness brochure.pdf [FileDeduplicator.py:105]
2025-06-05 17:26:24,687 - file_manager - INFO - Dry run: Would remove duplicate: C:\Users\terti\OneDrive\pdf\The Science of Happiness brochure_1.pdf [FileDeduplicator.py:105]
2025-06-05 17:26:24,687 - file_manager - INFO - Dry run: Would remove duplicate: C:\Users\terti\OneDrive\pdf\the-devops-2-toolkit-sample_1.pdf [FileDeduplicator.py:105]
2025-06-05 17:26:24,687 - file_manager - INFO - Dry run: Would remove duplicate: C:\Users\terti\OneDrive\pdf\the-devops-2-toolkit-sample_2.pdf [FileDeduplicator.py:105]
2025-06-05 17:26:24,687 - file_manager - INFO - Dry run: Would remove duplicate: C:\Users\terti\OneDrive\pdf\The-Modern-Developer-ebook-Red-Hat-Developer.pdf [FileDeduplicator.py:105]
2025-06-05 17:26:24,687 - file_manager - INFO - Dry run: Would remove duplicate: C:\Users\terti\OneDrive\pdf\TheInstantGuideToProjectManagementByChrisCroft_1.pdf [FileDeduplicator.py:105]
2025-06-05 17:26:24,687 - file_manager - INFO - Dry run: Would remove duplicate: C:\Users\terti\OneDrive\pdf\Threat_Intelligence_Handbt_1701601660.pdf [FileDeduplicator.py:105]
2025-06-05 17:26:24,687 - file_manager - INFO - Dry run: Would remove duplicate: C:\Users\terti\OneDrive\pdf\Top 50 Common Ports you should know!_1.pdf [FileDeduplicator.py:105]
2025-06-05 17:26:24,687 - file_manager - INFO - Dry run: Would remove duplicate: C:\Users\terti\OneDrive\pdf\Top-10-Interview-Questions-Guide-Pamela-Skillings(1)_1.pdf [FileDeduplicator.py:105]
2025-06-05 17:26:24,687 - file_manager - INFO - Dry run: Would remove duplicate: C:\Users\terti\OneDrive\pdf\TPN Tertius 8002135104089-20190201_1.pdf [FileDeduplicator.py:105]
2025-06-05 17:26:24,687 - file_manager - INFO - Dry run: Would remove duplicate: C:\Users\terti\OneDrive\pdf\trading system design_1.pdf [FileDeduplicator.py:105]
2025-06-05 17:26:24,687 - file_manager - INFO - Dry run: Would remove duplicate: C:\Users\terti\OneDrive\pdf\Transportinformation_LiIon-Batteries_EN_20200505_1.pdf [FileDeduplicator.py:105]
2025-06-05 17:26:24,701 - file_manager - INFO - Dry run: Would remove duplicate: C:\Users\terti\OneDrive\pdf\Travel Report 2017_07_31 1_1.pdf [FileDeduplicator.py:105]
2025-06-05 17:26:24,701 - file_manager - INFO - Dry run: Would remove duplicate: C:\Users\terti\OneDrive\pdf\Travel Report 2017_07_31.pdf [FileDeduplicator.py:105]
2025-06-05 17:26:24,701 - file_manager - INFO - Dry run: Would remove duplicate: C:\Users\terti\OneDrive\pdf\Travel Report 2017_07_31_1.pdf [FileDeduplicator.py:105]
2025-06-05 17:26:24,701 - file_manager - INFO - Dry run: Would remove duplicate: C:\Users\terti\OneDrive\pdf\tshw20170426(2).pdf [FileDeduplicator.py:105]
2025-06-05 17:26:24,701 - file_manager - INFO - Dry run: Would remove duplicate: C:\Users\terti\OneDrive\pdf\tshw20170426.pdf [FileDeduplicator.py:105]
2025-06-05 17:26:24,701 - file_manager - INFO - Dry run: Would remove duplicate: C:\Users\terti\OneDrive\pdf\tshw20170426_1.pdf [FileDeduplicator.py:105]
2025-06-05 17:26:24,701 - file_manager - INFO - Dry run: Would remove duplicate: C:\Users\terti\OneDrive\pdf\Tshwane_2016_11_24_238_02_Hamerkop_Street (1)_1.pdf [FileDeduplicator.py:105]
2025-06-05 17:26:24,701 - file_manager - INFO - Dry run: Would remove duplicate: C:\Users\terti\OneDrive\pdf\Tshwane_2016_11_24_238_02_Hamerkop_Street (2).pdf [FileDeduplicator.py:105]
2025-06-05 17:26:24,702 - file_manager - INFO - Dry run: Would remove duplicate: C:\Users\terti\OneDrive\pdf\Tshwane_2016_11_24_238_02_Hamerkop_Street (2)_1.pdf [FileDeduplicator.py:105]
2025-06-05 17:26:24,702 - file_manager - INFO - Dry run: Would remove duplicate: C:\Users\terti\OneDrive\pdf\Tshwane_2016_11_24_238_02_Hamerkop_Street 1.pdf [FileDeduplicator.py:105]
2025-06-05 17:26:24,702 - file_manager - INFO - Dry run: Would remove duplicate: C:\Users\terti\OneDrive\pdf\Tshwane_2016_11_24_238_02_Hamerkop_Street 1_1.pdf [FileDeduplicator.py:105]
2025-06-05 17:26:24,702 - file_manager - INFO - Dry run: Would remove duplicate: C:\Users\terti\OneDrive\pdf\Tshwane_2016_11_24_238_02_Hamerkop_Street 2.pdf [FileDeduplicator.py:105]
2025-06-05 17:26:24,702 - file_manager - INFO - Dry run: Would remove duplicate: C:\Users\terti\OneDrive\pdf\Tshwane_2016_11_24_238_02_Hamerkop_Street 2_1.pdf [FileDeduplicator.py:105]
2025-06-05 17:26:24,702 - file_manager - INFO - Dry run: Would remove duplicate: C:\Users\terti\OneDrive\pdf\Tshwane_2016_11_24_238_02_Hamerkop_Street.pdf [FileDeduplicator.py:105]
2025-06-05 17:26:24,702 - file_manager - INFO - Dry run: Would remove duplicate: C:\Users\terti\OneDrive\pdf\Tshwane_2016_11_24_238_02_Hamerkop_Street_1.pdf [FileDeduplicator.py:105]
2025-06-05 17:26:24,702 - file_manager - INFO - Dry run: Would remove duplicate: C:\Users\terti\OneDrive\pdf\Tshwane_2016_12_24_238_02_Hamerkop_Street (1)_1.pdf [FileDeduplicator.py:105]
2025-06-05 17:26:24,702 - file_manager - INFO - Dry run: Would remove duplicate: C:\Users\terti\OneDrive\pdf\Tshwane_2016_12_24_238_02_Hamerkop_Street (2).pdf [FileDeduplicator.py:105]
2025-06-05 17:26:24,702 - file_manager - INFO - Dry run: Would remove duplicate: C:\Users\terti\OneDrive\pdf\Tshwane_2016_12_24_238_02_Hamerkop_Street (2)_1.pdf [FileDeduplicator.py:105]
2025-06-05 17:26:24,702 - file_manager - INFO - Dry run: Would remove duplicate: C:\Users\terti\OneDrive\pdf\Tshwane_2016_12_24_238_02_Hamerkop_Street (3).pdf [FileDeduplicator.py:105]
2025-06-05 17:26:24,702 - file_manager - INFO - Dry run: Would remove duplicate: C:\Users\terti\OneDrive\pdf\Tshwane_2016_12_24_238_02_Hamerkop_Street (3)_1.pdf [FileDeduplicator.py:105]
2025-06-05 17:26:24,702 - file_manager - INFO - Dry run: Would remove duplicate: C:\Users\terti\OneDrive\pdf\Tshwane_2016_12_24_238_02_Hamerkop_Street 1.pdf [FileDeduplicator.py:105]
2025-06-05 17:26:24,703 - file_manager - INFO - Dry run: Would remove duplicate: C:\Users\terti\OneDrive\pdf\Tshwane_2016_12_24_238_02_Hamerkop_Street 1_1.pdf [FileDeduplicator.py:105]
2025-06-05 17:26:24,703 - file_manager - INFO - Dry run: Would remove duplicate: C:\Users\terti\OneDrive\pdf\Tshwane_2016_12_24_238_02_Hamerkop_Street.pdf [FileDeduplicator.py:105]
2025-06-05 17:26:24,716 - file_manager - INFO - Dry run: Would remove duplicate: C:\Users\terti\OneDrive\pdf\Tshwane_2016_12_24_238_02_Hamerkop_Street_1.pdf [FileDeduplicator.py:105]
2025-06-05 17:26:24,716 - file_manager - INFO - Dry run: Would remove duplicate: C:\Users\terti\OneDrive\pdf\TwoSum(1)_1.pdf [FileDeduplicator.py:105]
2025-06-05 17:26:24,716 - file_manager - INFO - Dry run: Would remove duplicate: C:\Users\terti\OneDrive\pdf\TwoSum.pdf [FileDeduplicator.py:105]
2025-06-05 17:26:24,716 - file_manager - INFO - Dry run: Would remove duplicate: C:\Users\terti\OneDrive\pdf\TwoSum_1.pdf [FileDeduplicator.py:105]
2025-06-05 17:26:24,716 - file_manager - INFO - Dry run: Would remove duplicate: C:\Users\terti\OneDrive\pdf\T_GELDENHUYS.pdf [FileDeduplicator.py:105]
2025-06-05 17:26:24,716 - file_manager - INFO - Dry run: Would remove duplicate: C:\Users\terti\OneDrive\pdf\U0054468973 1_1.pdf [FileDeduplicator.py:105]
2025-06-05 17:26:24,716 - file_manager - INFO - Dry run: Would remove duplicate: C:\Users\terti\OneDrive\pdf\U0054468973 2.pdf [FileDeduplicator.py:105]
2025-06-05 17:26:24,716 - file_manager - INFO - Dry run: Would remove duplicate: C:\Users\terti\OneDrive\pdf\U0054468973 2_1.pdf [FileDeduplicator.py:105]
2025-06-05 17:26:24,716 - file_manager - INFO - Dry run: Would remove duplicate: C:\Users\terti\OneDrive\pdf\U0054468973.pdf [FileDeduplicator.py:105]
2025-06-05 17:26:24,716 - file_manager - INFO - Dry run: Would remove duplicate: C:\Users\terti\OneDrive\pdf\U0054468973_1.pdf [FileDeduplicator.py:105]
2025-06-05 17:26:24,716 - file_manager - INFO - Dry run: Would remove duplicate: C:\Users\terti\OneDrive\pdf\U0106825674 1_1.pdf [FileDeduplicator.py:105]
2025-06-05 17:26:24,716 - file_manager - INFO - Dry run: Would remove duplicate: C:\Users\terti\OneDrive\pdf\U0106825674 2.pdf [FileDeduplicator.py:105]
2025-06-05 17:26:24,716 - file_manager - INFO - Dry run: Would remove duplicate: C:\Users\terti\OneDrive\pdf\U0106825674 2_1.pdf [FileDeduplicator.py:105]
2025-06-05 17:26:24,716 - file_manager - INFO - Dry run: Would remove duplicate: C:\Users\terti\OneDrive\pdf\U0106825674.pdf [FileDeduplicator.py:105]
2025-06-05 17:26:24,717 - file_manager - INFO - Dry run: Would remove duplicate: C:\Users\terti\OneDrive\pdf\U0106825674_1.pdf [FileDeduplicator.py:105]
2025-06-05 17:26:24,717 - file_manager - INFO - Dry run: Would remove duplicate: C:\Users\terti\OneDrive\pdf\Understanding CBDCs Final - disc_1.pdf [FileDeduplicator.py:105]
2025-06-05 17:26:24,717 - file_manager - INFO - Dry run: Would remove duplicate: C:\Users\terti\OneDrive\pdf\Understanding Network Hacks_1.pdf [FileDeduplicator.py:105]
2025-06-05 17:26:24,717 - file_manager - INFO - Dry run: Would remove duplicate: C:\Users\terti\OneDrive\pdf\Understanding Network Hacks_2.pdf [FileDeduplicator.py:105]
2025-06-05 17:26:24,717 - file_manager - INFO - Dry run: Would remove duplicate: C:\Users\terti\OneDrive\pdf\unknown filename(1)_1.pdf [FileDeduplicator.py:105]
2025-06-05 17:26:24,717 - file_manager - INFO - Dry run: Would remove duplicate: C:\Users\terti\OneDrive\pdf\unknown filename(1)_2.pdf [FileDeduplicator.py:105]
2025-06-05 17:26:24,717 - file_manager - INFO - Dry run: Would remove duplicate: C:\Users\terti\OneDrive\pdf\unknown filename.pdf [FileDeduplicator.py:105]
2025-06-05 17:26:24,717 - file_manager - INFO - Dry run: Would remove duplicate: C:\Users\terti\OneDrive\pdf\unknown filename_1.pdf [FileDeduplicator.py:105]
2025-06-05 17:26:24,717 - file_manager - INFO - Dry run: Would remove duplicate: C:\Users\terti\OneDrive\pdf\unknown filename_2.pdf [FileDeduplicator.py:105]
2025-06-05 17:26:24,717 - file_manager - INFO - Dry run: Would remove duplicate: C:\Users\terti\OneDrive\pdf\UN_1.pdf [FileDeduplicator.py:105]
2025-06-05 17:26:24,717 - file_manager - INFO - Dry run: Would remove duplicate: C:\Users\terti\OneDrive\pdf\upper_gi_endoscopy 1_1.pdf [FileDeduplicator.py:105]
2025-06-05 17:26:24,717 - file_manager - INFO - Dry run: Would remove duplicate: C:\Users\terti\OneDrive\pdf\upper_gi_endoscopy 2.pdf [FileDeduplicator.py:105]
2025-06-05 17:26:24,717 - file_manager - INFO - Dry run: Would remove duplicate: C:\Users\terti\OneDrive\pdf\upper_gi_endoscopy 2_1.pdf [FileDeduplicator.py:105]
2025-06-05 17:26:24,731 - file_manager - INFO - Dry run: Would remove duplicate: C:\Users\terti\OneDrive\pdf\upper_gi_endoscopy.pdf [FileDeduplicator.py:105]
2025-06-05 17:26:24,731 - file_manager - INFO - Dry run: Would remove duplicate: C:\Users\terti\OneDrive\pdf\upper_gi_endoscopy_1.pdf [FileDeduplicator.py:105]
2025-06-05 17:26:24,731 - file_manager - INFO - Dry run: Would remove duplicate: C:\Users\terti\OneDrive\pdf\User List - Admin Console_1.pdf [FileDeduplicator.py:105]
2025-06-05 17:26:24,731 - file_manager - INFO - Dry run: Would remove duplicate: C:\Users\terti\OneDrive\pdf\User List -UthyanElangovan.pdf [FileDeduplicator.py:105]
2025-06-05 17:26:24,731 - file_manager - INFO - Dry run: Would remove duplicate: C:\Users\terti\OneDrive\pdf\User Manuals for ZyXEL P 661HNU F1.pdf [FileDeduplicator.py:105]
2025-06-05 17:26:24,731 - file_manager - INFO - Dry run: Would remove duplicate: C:\Users\terti\OneDrive\pdf\Using_Effective_E-Commerce_Strategies_to_Improve_O_1.pdf [FileDeduplicator.py:105]
2025-06-05 17:26:24,731 - file_manager - INFO - Dry run: Would remove duplicate: C:\Users\terti\OneDrive\pdf\Vault Data-Sheet_1.pdf [FileDeduplicator.py:105]
2025-06-05 17:26:24,731 - file_manager - INFO - Dry run: Would remove duplicate: C:\Users\terti\OneDrive\pdf\Vault Summary_1.pdf [FileDeduplicator.py:105]
2025-06-05 17:26:24,732 - file_manager - INFO - Dry run: Would remove duplicate: C:\Users\terti\OneDrive\pdf\vb6_1__1_.0 - visual basic - learn visual basic 6.0 (nice manual).pdf [FileDeduplicator.py:105]
2025-06-05 17:26:24,732 - file_manager - INFO - Dry run: Would remove duplicate: C:\Users\terti\OneDrive\pdf\vb6_1__1_.0 - visual basic - learn visual basic 6.0 (nice manual)_1.pdf [FileDeduplicator.py:105]
2025-06-05 17:26:24,732 - file_manager - INFO - Dry run: Would remove duplicate: C:\Users\terti\OneDrive\pdf\vb6_preview.pdf [FileDeduplicator.py:105]
2025-06-05 17:26:24,732 - file_manager - INFO - Dry run: Would remove duplicate: C:\Users\terti\OneDrive\pdf\vb6_preview_1.pdf [FileDeduplicator.py:105]
2025-06-05 17:26:24,732 - file_manager - INFO - Dry run: Would remove duplicate: C:\Users\terti\OneDrive\pdf\vbNet_programming.pdf [FileDeduplicator.py:105]
2025-06-05 17:26:24,732 - file_manager - INFO - Dry run: Would remove duplicate: C:\Users\terti\OneDrive\pdf\vbNet_programming_1.pdf [FileDeduplicator.py:105]
2025-06-05 17:26:24,732 - file_manager - INFO - Dry run: Would remove duplicate: C:\Users\terti\OneDrive\pdf\Vendor Contractor Information Request_1.pdf [FileDeduplicator.py:105]
2025-06-05 17:26:24,732 - file_manager - INFO - Dry run: Would remove duplicate: C:\Users\terti\OneDrive\pdf\Vendor Contractor Information Request_2.pdf [FileDeduplicator.py:105]
2025-06-05 17:26:24,732 - file_manager - INFO - Dry run: Would remove duplicate: C:\Users\terti\OneDrive\pdf\Vertica-Eon-Redshift-Unnamed-BDB-Benchmark-2020_1.pdf [FileDeduplicator.py:105]
2025-06-05 17:26:24,732 - file_manager - INFO - Dry run: Would remove duplicate: C:\Users\terti\OneDrive\pdf\VirtualDJ 7 - Audio Setup Guide.pdf [FileDeduplicator.py:105]
2025-06-05 17:26:24,732 - file_manager - INFO - Dry run: Would remove duplicate: C:\Users\terti\OneDrive\pdf\VirtualDJ 7 - Getting Started.pdf [FileDeduplicator.py:105]
2025-06-05 17:26:24,732 - file_manager - INFO - Dry run: Would remove duplicate: C:\Users\terti\OneDrive\pdf\VirtualDJ 7 - User Guide.pdf [FileDeduplicator.py:105]
2025-06-05 17:26:24,732 - file_manager - INFO - Dry run: Would remove duplicate: C:\Users\terti\OneDrive\pdf\VirtualDJ 8 - Getting Started.pdf [FileDeduplicator.py:105]
2025-06-05 17:26:24,732 - file_manager - INFO - Dry run: Would remove duplicate: C:\Users\terti\OneDrive\pdf\VirtualDJ 8 - User Guide.pdf [FileDeduplicator.py:105]
2025-06-05 17:26:24,732 - file_manager - INFO - Dry run: Would remove duplicate: C:\Users\terti\OneDrive\pdf\VS Code_Tertius Geldenhuys_Criminal Procedure Handbook 12E 1_1.pdf [FileDeduplicator.py:105]
2025-06-05 17:26:24,732 - file_manager - INFO - Dry run: Would remove duplicate: C:\Users\terti\OneDrive\pdf\VS Code_Tertius Geldenhuys_Criminal Procedure Handbook 12E.pdf [FileDeduplicator.py:105]
2025-06-05 17:26:24,746 - file_manager - INFO - Dry run: Would remove duplicate: C:\Users\terti\OneDrive\pdf\VS Code_Tertius Geldenhuys_Criminal Procedure Handbook 12E_1.pdf [FileDeduplicator.py:105]
2025-06-05 17:26:24,747 - file_manager - INFO - Dry run: Would remove duplicate: C:\Users\terti\OneDrive\pdf\vscode_shortcuts_1.pdf [FileDeduplicator.py:105]
2025-06-05 17:26:24,747 - file_manager - INFO - Dry run: Would remove duplicate: C:\Users\terti\OneDrive\pdf\webcast-112735_1.pdf [FileDeduplicator.py:105]
2025-06-05 17:26:24,747 - file_manager - INFO - Dry run: Would remove duplicate: C:\Users\terti\OneDrive\pdf\webcast-113080_1.pdf [FileDeduplicator.py:105]
2025-06-05 17:26:24,747 - file_manager - INFO - Dry run: Would remove duplicate: C:\Users\terti\OneDrive\pdf\wellarchitected-framework_1.pdf [FileDeduplicator.py:105]
2025-06-05 17:26:24,747 - file_manager - INFO - Dry run: Would remove duplicate: C:\Users\terti\OneDrive\pdf\wellarchitected-saas-lens_1.pdf [FileDeduplicator.py:105]
2025-06-05 17:26:24,747 - file_manager - INFO - Dry run: Would remove duplicate: C:\Users\terti\OneDrive\pdf\What Personal Qualities to Put on a Resume_1.pdf [FileDeduplicator.py:105]
2025-06-05 17:26:24,747 - file_manager - INFO - Dry run: Would remove duplicate: C:\Users\terti\OneDrive\pdf\What the Difference Between Ethics and “Morals.pdf [FileDeduplicator.py:105]
2025-06-05 17:26:24,747 - file_manager - INFO - Dry run: Would remove duplicate: C:\Users\terti\OneDrive\pdf\Wonga Express Loan Promtion(1)_1.pdf [FileDeduplicator.py:105]
2025-06-05 17:26:24,747 - file_manager - INFO - Dry run: Would remove duplicate: C:\Users\terti\OneDrive\pdf\Wonga Express Loan Promtion(1)_2.pdf [FileDeduplicator.py:105]
2025-06-05 17:26:24,747 - file_manager - INFO - Dry run: Would remove duplicate: C:\Users\terti\OneDrive\pdf\Wonga Express Loan Promtion_1.pdf [FileDeduplicator.py:105]
2025-06-05 17:26:24,747 - file_manager - INFO - Dry run: Would remove duplicate: C:\Users\terti\OneDrive\pdf\Wonga Express Loan Promtion_2.pdf [FileDeduplicator.py:105]
2025-06-05 17:26:24,747 - file_manager - INFO - Dry run: Would remove duplicate: C:\Users\terti\OneDrive\pdf\WONGA LOANS APPLICATION FORM_1.pdf [FileDeduplicator.py:105]
2025-06-05 17:26:24,747 - file_manager - INFO - Dry run: Would remove duplicate: C:\Users\terti\OneDrive\pdf\Work as a .NET Developer in the Netherlands_1.pdf [FileDeduplicator.py:105]
2025-06-05 17:26:24,748 - file_manager - INFO - Dry run: Would remove duplicate: C:\Users\terti\OneDrive\pdf\workbook.pdf [FileDeduplicator.py:105]
2025-06-05 17:26:24,748 - file_manager - INFO - Dry run: Would remove duplicate: C:\Users\terti\OneDrive\pdf\Writing Penetration Testing Report _1.pdf [FileDeduplicator.py:105]
2025-06-05 17:26:24,748 - file_manager - INFO - Dry run: Would remove duplicate: C:\Users\terti\OneDrive\pdf\ws_thm03_les03_1.pdf [FileDeduplicator.py:105]
2025-06-05 17:26:24,748 - file_manager - INFO - Dry run: Would remove duplicate: C:\Users\terti\OneDrive\pdf\w_webd07(1)_1.pdf [FileDeduplicator.py:105]
2025-06-05 17:26:24,748 - file_manager - INFO - Dry run: Would remove duplicate: C:\Users\terti\OneDrive\pdf\w_webd07(1)_2.pdf [FileDeduplicator.py:105]
2025-06-05 17:26:24,748 - file_manager - INFO - Dry run: Would remove duplicate: C:\Users\terti\OneDrive\pdf\w_webd07_1.pdf [FileDeduplicator.py:105]
2025-06-05 17:26:24,748 - file_manager - INFO - Dry run: Would remove duplicate: C:\Users\terti\OneDrive\pdf\w_webd07_2.pdf [FileDeduplicator.py:105]
2025-06-05 17:26:24,748 - file_manager - INFO - Dry run: Would remove duplicate: C:\Users\terti\OneDrive\pdf\Xero_OVOTRONPTYLTD_IN-599908_08032017 (2).pdf [FileDeduplicator.py:105]
2025-06-05 17:26:24,748 - file_manager - INFO - Dry run: Would remove duplicate: C:\Users\terti\OneDrive\pdf\Xero_OVOTRONPTYLTD_IN-599908_08032017(1).pdf [FileDeduplicator.py:105]
2025-06-05 17:26:24,748 - file_manager - INFO - Dry run: Would remove duplicate: C:\Users\terti\OneDrive\pdf\Xero_OVOTRONPTYLTD_IN-599908_08032017(2).pdf [FileDeduplicator.py:105]
2025-06-05 17:26:24,748 - file_manager - INFO - Dry run: Would remove duplicate: C:\Users\terti\OneDrive\pdf\Xero_OVOTRONPTYLTD_IN-599908_08032017.pdf [FileDeduplicator.py:105]
2025-06-05 17:26:24,762 - file_manager - INFO - Dry run: Would remove duplicate: C:\Users\terti\OneDrive\pdf\Xero_OVOTRONPTYLTD_IN-599908_08032017_1.pdf [FileDeduplicator.py:105]
2025-06-05 17:26:24,763 - file_manager - INFO - Dry run: Would remove duplicate: C:\Users\terti\OneDrive\pdf\Xero_OVOTRONPTYLTD_IN-62209308042017 (1)_1.pdf [FileDeduplicator.py:105]
2025-06-05 17:26:24,763 - file_manager - INFO - Dry run: Would remove duplicate: C:\Users\terti\OneDrive\pdf\Xero_OVOTRONPTYLTD_IN-62209308042017 1.pdf [FileDeduplicator.py:105]
2025-06-05 17:26:24,763 - file_manager - INFO - Dry run: Would remove duplicate: C:\Users\terti\OneDrive\pdf\Xero_OVOTRONPTYLTD_IN-62209308042017 1_1.pdf [FileDeduplicator.py:105]
2025-06-05 17:26:24,763 - file_manager - INFO - Dry run: Would remove duplicate: C:\Users\terti\OneDrive\pdf\Xero_OVOTRONPTYLTD_IN-62209308042017.pdf [FileDeduplicator.py:105]
2025-06-05 17:26:24,763 - file_manager - INFO - Dry run: Would remove duplicate: C:\Users\terti\OneDrive\pdf\Xero_OVOTRONPTYLTD_IN-62209308042017_1.pdf [FileDeduplicator.py:105]
2025-06-05 17:26:24,763 - file_manager - INFO - Dry run: Would remove duplicate: C:\Users\terti\OneDrive\pdf\Xero_OVOTRONPTYLTD_IN-64515208052017 1_1.pdf [FileDeduplicator.py:105]
2025-06-05 17:26:24,763 - file_manager - INFO - Dry run: Would remove duplicate: C:\Users\terti\OneDrive\pdf\Xero_OVOTRONPTYLTD_IN-64515208052017.pdf [FileDeduplicator.py:105]
2025-06-05 17:26:24,763 - file_manager - INFO - Dry run: Would remove duplicate: C:\Users\terti\OneDrive\pdf\Xero_OVOTRONPTYLTD_IN-64515208052017_1.pdf [FileDeduplicator.py:105]
2025-06-05 17:26:24,763 - file_manager - INFO - Dry run: Would remove duplicate: C:\Users\terti\OneDrive\pdf\x_1.pdf [FileDeduplicator.py:105]
2025-06-05 17:26:24,763 - file_manager - INFO - Dry run: Would remove duplicate: C:\Users\terti\OneDrive\pdf\Y8710386 1_1.PDF [FileDeduplicator.py:105]
2025-06-05 17:26:24,763 - file_manager - INFO - Dry run: Would remove duplicate: C:\Users\terti\OneDrive\pdf\Y8710386.PDF [FileDeduplicator.py:105]
2025-06-05 17:26:24,764 - file_manager - INFO - Dry run: Would remove duplicate: C:\Users\terti\OneDrive\pdf\Y8710386_1.PDF [FileDeduplicator.py:105]
2025-06-05 17:26:24,764 - file_manager - INFO - Dry run: Would remove duplicate: C:\Users\terti\OneDrive\pdf\Y8710386_1_1.PDF [FileDeduplicator.py:105]
2025-06-05 17:26:24,764 - file_manager - INFO - Dry run: Would remove duplicate: C:\Users\terti\OneDrive\pdf\Y8710386_2.PDF [FileDeduplicator.py:105]
2025-06-05 17:26:24,764 - file_manager - INFO - Dry run: Would remove duplicate: C:\Users\terti\OneDrive\pdf\Zscaler Private Access_1.pdf [FileDeduplicator.py:105]
2025-06-05 17:26:24,764 - file_manager - INFO - Dry run: Would remove duplicate: C:\Users\terti\OneDrive\pdf\zyxel-p-661hnu-f1-Manual.pdf [FileDeduplicator.py:105]
2025-06-05 17:26:24,764 - file_manager - INFO - Dry run: Would remove duplicate: C:\Users\terti\OneDrive\pdf\_Assessing Threats To Mobile Devices_1.pdf [FileDeduplicator.py:105]
2025-06-05 17:26:24,764 - file_manager - INFO - Dry run: Would remove duplicate: C:\Users\terti\OneDrive\pdf\_File Transfer Cheatsheet_1.pdf [FileDeduplicator.py:105]
2025-06-05 17:26:24,764 - file_manager - INFO - Dry run: Would remove duplicate: C:\Users\terti\OneDrive\pdf\_How Top Performers Prepare for Job Interviews_1.pdf [FileDeduplicator.py:105]
2025-06-05 17:26:24,764 - file_manager - INFO - Dry run: Would remove duplicate: C:\Users\terti\OneDrive\pdf\Certificates\CertificateOfCompletion_Agile Foundations.pdf [FileDeduplicator.py:105]
2025-06-05 17:26:24,764 - file_manager - INFO - Dry run: Would remove duplicate: C:\Users\terti\OneDrive\pdf\Certificates\CertificateOfCompletion_Angular Building Large Applications.pdf [FileDeduplicator.py:105]
2025-06-05 17:26:24,764 - file_manager - INFO - Dry run: Would remove duplicate: C:\Users\terti\OneDrive\pdf\Certificates\CertificateOfCompletion_ASP.NET Core Middleware.pdf [FileDeduplicator.py:105]
2025-06-05 17:26:24,764 - file_manager - INFO - Dry run: Would remove duplicate: C:\Users\terti\OneDrive\pdf\Certificates\CertificateOfCompletion_AWS for DevOps Monitoring Metrics and Logging.pdf [FileDeduplicator.py:105]
2025-06-05 17:26:24,764 - file_manager - INFO - Dry run: Would remove duplicate: C:\Users\terti\OneDrive\pdf\Certificates\CertificateOfCompletion_Become an Ethical Hacker.pdf [FileDeduplicator.py:105]
2025-06-05 17:26:24,764 - file_manager - INFO - Dry run: Would remove duplicate: C:\Users\terti\OneDrive\pdf\Certificates\CertificateOfCompletion_Blockchain Learning Solidity.pdf [FileDeduplicator.py:105]
2025-06-05 17:26:24,778 - file_manager - INFO - Dry run: Would remove duplicate: C:\Users\terti\OneDrive\pdf\Certificates\CertificateOfCompletion_Building a Trustworthy Reputation.pdf [FileDeduplicator.py:105]
2025-06-05 17:26:24,778 - file_manager - INFO - Dry run: Would remove duplicate: C:\Users\terti\OneDrive\pdf\Certificates\CertificateOfCompletion_Building an Ethereum Blockchain App 10 Deployment and Maintenance.pdf [FileDeduplicator.py:105]
2025-06-05 17:26:24,778 - file_manager - INFO - Dry run: Would remove duplicate: C:\Users\terti\OneDrive\pdf\Certificates\CertificateOfCompletion_Building an Ethereum Blockchain App 2 Introduction to Ethereum.pdf [FileDeduplicator.py:105]
2025-06-05 17:26:24,778 - file_manager - INFO - Dry run: Would remove duplicate: C:\Users\terti\OneDrive\pdf\Certificates\CertificateOfCompletion_C 6.0 First Look.pdf [FileDeduplicator.py:105]
2025-06-05 17:26:24,778 - file_manager - INFO - Dry run: Would remove duplicate: C:\Users\terti\OneDrive\pdf\Certificates\CertificateOfCompletion_C Framework Design.pdf [FileDeduplicator.py:105]
2025-06-05 17:26:24,778 - file_manager - INFO - Dry run: Would remove duplicate: C:\Users\terti\OneDrive\pdf\Certificates\CertificateOfCompletion_Cybersecurity Awareness The Internet of Things IoT.pdf [FileDeduplicator.py:105]
2025-06-05 17:26:24,778 - file_manager - INFO - Dry run: Would remove duplicate: C:\Users\terti\OneDrive\pdf\Certificates\CertificateOfCompletion_DevOps Foundations Continuous DeliveryContinuous Integration.pdf [FileDeduplicator.py:105]
2025-06-05 17:26:24,778 - file_manager - INFO - Dry run: Would remove duplicate: C:\Users\terti\OneDrive\pdf\Certificates\CertificateOfCompletion_DevSecOps Continuous Application Security.pdf [FileDeduplicator.py:105]
2025-06-05 17:26:24,778 - file_manager - INFO - Dry run: Would remove duplicate: C:\Users\terti\OneDrive\pdf\Certificates\CertificateOfCompletion_Enterprise Architecture in Practice.pdf [FileDeduplicator.py:105]
2025-06-05 17:26:24,778 - file_manager - INFO - Dry run: Would remove duplicate: C:\Users\terti\OneDrive\pdf\Certificates\CertificateOfCompletion_Ethical Hacking Cloud Computing.pdf [FileDeduplicator.py:105]
2025-06-05 17:26:24,778 - file_manager - INFO - Dry run: Would remove duplicate: C:\Users\terti\OneDrive\pdf\Certificates\CertificateOfCompletion_Ethical Hacking Cryptography.pdf [FileDeduplicator.py:105]
2025-06-05 17:26:24,778 - file_manager - INFO - Dry run: Would remove duplicate: C:\Users\terti\OneDrive\pdf\Certificates\CertificateOfCompletion_Ethical Hacking Evading IDS Firewalls and Honeypots.pdf [FileDeduplicator.py:105]
2025-06-05 17:26:24,778 - file_manager - INFO - Dry run: Would remove duplicate: C:\Users\terti\OneDrive\pdf\Certificates\CertificateOfCompletion_Ethical Hacking Exploits.pdf [FileDeduplicator.py:105]
2025-06-05 17:26:24,778 - file_manager - INFO - Dry run: Would remove duplicate: C:\Users\terti\OneDrive\pdf\Certificates\CertificateOfCompletion_Ethical Hacking Footprinting and Reconnaissance.pdf [FileDeduplicator.py:105]
2025-06-05 17:26:24,778 - file_manager - INFO - Dry run: Would remove duplicate: C:\Users\terti\OneDrive\pdf\Certificates\CertificateOfCompletion_Ethical Hacking Hacking IoT Devices.pdf [FileDeduplicator.py:105]
2025-06-05 17:26:24,778 - file_manager - INFO - Dry run: Would remove duplicate: C:\Users\terti\OneDrive\pdf\Certificates\CertificateOfCompletion_Ethical Hacking Hacking Web Servers and Web Applications.pdf [FileDeduplicator.py:105]
2025-06-05 17:26:24,779 - file_manager - INFO - Dry run: Would remove duplicate: C:\Users\terti\OneDrive\pdf\Certificates\CertificateOfCompletion_Ethical Hacking Mobile Devices and Platforms.pdf [FileDeduplicator.py:105]
2025-06-05 17:26:24,779 - file_manager - INFO - Dry run: Would remove duplicate: C:\Users\terti\OneDrive\pdf\Certificates\CertificateOfCompletion_Ethical Hacking Penetration Testing.pdf [FileDeduplicator.py:105]
2025-06-05 17:26:24,779 - file_manager - INFO - Dry run: Would remove duplicate: C:\Users\terti\OneDrive\pdf\Certificates\CertificateOfCompletion_Ethical Hacking Scanning Networks.pdf [FileDeduplicator.py:105]
2025-06-05 17:26:24,794 - file_manager - INFO - Dry run: Would remove duplicate: C:\Users\terti\OneDrive\pdf\Certificates\CertificateOfCompletion_Ethical Hacking Session Hijacking.pdf [FileDeduplicator.py:105]
2025-06-05 17:26:24,794 - file_manager - INFO - Dry run: Would remove duplicate: C:\Users\terti\OneDrive\pdf\Certificates\CertificateOfCompletion_Ethical Hacking Sniffers.pdf [FileDeduplicator.py:105]
2025-06-05 17:26:24,794 - file_manager - INFO - Dry run: Would remove duplicate: C:\Users\terti\OneDrive\pdf\Certificates\CertificateOfCompletion_Ethical Hacking Social Engineering.pdf [FileDeduplicator.py:105]
2025-06-05 17:26:24,794 - file_manager - INFO - Dry run: Would remove duplicate: C:\Users\terti\OneDrive\pdf\Certificates\CertificateOfCompletion_Ethical Hacking SQL Injection.pdf [FileDeduplicator.py:105]
2025-06-05 17:26:24,794 - file_manager - INFO - Dry run: Would remove duplicate: C:\Users\terti\OneDrive\pdf\Certificates\CertificateOfCompletion_Ethical Hacking System Hacking.pdf [FileDeduplicator.py:105]
2025-06-05 17:26:24,794 - file_manager - INFO - Dry run: Would remove duplicate: C:\Users\terti\OneDrive\pdf\Certificates\CertificateOfCompletion_Ethical Hacking The Complete Malware Analysis Process.pdf [FileDeduplicator.py:105]
2025-06-05 17:26:24,794 - file_manager - INFO - Dry run: Would remove duplicate: C:\Users\terti\OneDrive\pdf\Certificates\CertificateOfCompletion_Ethical Hacking Vulnerability Analysis.pdf [FileDeduplicator.py:105]
2025-06-05 17:26:24,794 - file_manager - INFO - Dry run: Would remove duplicate: C:\Users\terti\OneDrive\pdf\Certificates\CertificateOfCompletion_Ethical Hacking Wireless Networks.pdf [FileDeduplicator.py:105]
2025-06-05 17:26:24,794 - file_manager - INFO - Dry run: Would remove duplicate: C:\Users\terti\OneDrive\pdf\Certificates\CertificateOfCompletion_First Look Python 3.9.pdf [FileDeduplicator.py:105]
2025-06-05 17:26:24,794 - file_manager - INFO - Dry run: Would remove duplicate: C:\Users\terti\OneDrive\pdf\Certificates\CertificateOfCompletion_Kubernetes Microservices.pdf [FileDeduplicator.py:105]
2025-06-05 17:26:24,794 - file_manager - INFO - Dry run: Would remove duplicate: C:\Users\terti\OneDrive\pdf\Certificates\CertificateOfCompletion_Learning Functional Programming with JavaScript ES5.pdf [FileDeduplicator.py:105]
2025-06-05 17:26:24,794 - file_manager - INFO - Dry run: Would remove duplicate: C:\Users\terti\OneDrive\pdf\Certificates\CertificateOfCompletion_Linux Security and Hardening Essential Training.pdf [FileDeduplicator.py:105]
2025-06-05 17:26:24,794 - file_manager - INFO - Dry run: Would remove duplicate: C:\Users\terti\OneDrive\pdf\Certificates\CertificateOfCompletion_Microservices Foundations.pdf [FileDeduplicator.py:105]
2025-06-05 17:26:24,794 - file_manager - INFO - Dry run: Would remove duplicate: C:\Users\terti\OneDrive\pdf\Certificates\CertificateOfCompletion_Penetration Testing Advanced Web Testing.pdf [FileDeduplicator.py:105]
2025-06-05 17:26:24,794 - file_manager - INFO - Dry run: Would remove duplicate: C:\Users\terti\OneDrive\pdf\Certificates\CertificateOfCompletion_Security Testing Essential Training.pdf [FileDeduplicator.py:105]
2025-06-05 17:26:24,794 - file_manager - INFO - Dry run: Would remove duplicate: C:\Users\terti\OneDrive\pdf\Certificates\CertificateOfCompletion_Software Architecture DomainDriven Design.pdf [FileDeduplicator.py:105]
2025-06-05 17:26:24,794 - file_manager - INFO - Dry run: Would remove duplicate: C:\Users\terti\OneDrive\pdf\Certificates\CertificateOfCompletion_Software Architecture Patterns for Developers.pdf [FileDeduplicator.py:105]
2025-06-05 17:26:24,794 - file_manager - INFO - Dry run: Would remove duplicate: C:\Users\terti\OneDrive\pdf\Certificates\CertificateOfCompletion_TypeScript Essential Training.pdf [FileDeduplicator.py:105]
2025-06-05 17:26:24,794 - file_manager - INFO - Dry run: Would remove duplicate: C:\Users\terti\OneDrive\pdf\ovotron\Certified_Copy_of_ID_Document.pdf [FileDeduplicator.py:105]
2025-06-05 17:26:24,794 - file_manager - INFO - Dry run: Would remove duplicate: C:\Users\terti\OneDrive\pdf\ovotron\Contractor Information Request.pdf [FileDeduplicator.py:105]
2025-06-05 17:26:24,810 - file_manager - INFO - Dry run: Would remove duplicate: C:\Users\terti\OneDrive\pdf\ovotron\CoR14_3_K2013065985.pdf [FileDeduplicator.py:105]
2025-06-05 17:26:24,810 - file_manager - INFO - Dry run: Would remove duplicate: C:\Users\terti\OneDrive\pdf\ovotron\PSP Affidavit Signed.pdf [FileDeduplicator.py:105]
2025-06-05 17:26:24,810 - file_manager - INFO - Dry run: Would remove duplicate: C:\Users\terti\OneDrive\pdf\ovotron\PSP Affidavit.pdf [FileDeduplicator.py:105]
2025-06-05 17:26:24,810 - file_manager - INFO - Dry run: Would remove duplicate: C:\Users\terti\OneDrive\pdf\ovotron\PSP Overview.pdf [FileDeduplicator.py:105]
2025-06-05 17:26:24,810 - file_manager - INFO - Dry run: Would remove duplicate: C:\Users\terti\OneDrive\pdf\ovotron\TER097-Proof-of-payment.pdf [FileDeduplicator.py:105]
2025-06-05 17:26:24,810 - file_manager - INFO - Dry run: Would remove duplicate: C:\Users\terti\OneDrive\pdf\ovotron\Vendor Contractor Information Request.pdf [FileDeduplicator.py:105]
2025-06-05 17:26:24,810 - file_manager - INFO - Dry run: Would remove duplicate: C:\Users\terti\OneDrive\pdf\profile\CertificateOfCompletion_Agile Foundations.pdf [FileDeduplicator.py:105]
2025-06-05 17:26:24,810 - file_manager - INFO - Dry run: Would remove duplicate: C:\Users\terti\OneDrive\pdf\profile\CertificateOfCompletion_Angular Building Large Applications.pdf [FileDeduplicator.py:105]
2025-06-05 17:26:24,810 - file_manager - INFO - Dry run: Would remove duplicate: C:\Users\terti\OneDrive\pdf\profile\CertificateOfCompletion_ASP.NET Core Middleware.pdf [FileDeduplicator.py:105]
2025-06-05 17:26:24,810 - file_manager - INFO - Dry run: Would remove duplicate: C:\Users\terti\OneDrive\pdf\profile\CertificateOfCompletion_AWS for DevOps Monitoring Metrics and Logging.pdf [FileDeduplicator.py:105]
2025-06-05 17:26:24,810 - file_manager - INFO - Dry run: Would remove duplicate: C:\Users\terti\OneDrive\pdf\profile\CertificateOfCompletion_Become an Ethical Hacker.pdf [FileDeduplicator.py:105]
2025-06-05 17:26:24,810 - file_manager - INFO - Dry run: Would remove duplicate: C:\Users\terti\OneDrive\pdf\profile\CertificateOfCompletion_Blockchain Learning Solidity.pdf [FileDeduplicator.py:105]
2025-06-05 17:26:24,810 - file_manager - INFO - Dry run: Would remove duplicate: C:\Users\terti\OneDrive\pdf\profile\CertificateOfCompletion_Building a Trustworthy Reputation.pdf [FileDeduplicator.py:105]
2025-06-05 17:26:24,810 - file_manager - INFO - Dry run: Would remove duplicate: C:\Users\terti\OneDrive\pdf\profile\CertificateOfCompletion_Building an Ethereum Blockchain App 10 Deployment and Maintenance.pdf [FileDeduplicator.py:105]
2025-06-05 17:26:24,810 - file_manager - INFO - Dry run: Would remove duplicate: C:\Users\terti\OneDrive\pdf\profile\CertificateOfCompletion_Building an Ethereum Blockchain App 2 Introduction to Ethereum.pdf [FileDeduplicator.py:105]
2025-06-05 17:26:24,810 - file_manager - INFO - Dry run: Would remove duplicate: C:\Users\terti\OneDrive\pdf\profile\CertificateOfCompletion_C 6.0 First Look.pdf [FileDeduplicator.py:105]
2025-06-05 17:26:24,810 - file_manager - INFO - Dry run: Would remove duplicate: C:\Users\terti\OneDrive\pdf\profile\CertificateOfCompletion_C Framework Design.pdf [FileDeduplicator.py:105]
2025-06-05 17:26:24,810 - file_manager - INFO - Dry run: Would remove duplicate: C:\Users\terti\OneDrive\pdf\profile\CertificateOfCompletion_Cybersecurity Awareness The Internet of Things IoT.pdf [FileDeduplicator.py:105]
2025-06-05 17:26:24,810 - file_manager - INFO - Dry run: Would remove duplicate: C:\Users\terti\OneDrive\pdf\profile\CertificateOfCompletion_DevOps Foundations Continuous DeliveryContinuous Integration.pdf [FileDeduplicator.py:105]
2025-06-05 17:26:24,810 - file_manager - INFO - Dry run: Would remove duplicate: C:\Users\terti\OneDrive\pdf\profile\CertificateOfCompletion_DevSecOps Continuous Application Security.pdf [FileDeduplicator.py:105]
2025-06-05 17:26:24,810 - file_manager - INFO - Dry run: Would remove duplicate: C:\Users\terti\OneDrive\pdf\profile\CertificateOfCompletion_Enterprise Architecture in Practice.pdf [FileDeduplicator.py:105]
2025-06-05 17:26:24,825 - file_manager - INFO - Dry run: Would remove duplicate: C:\Users\terti\OneDrive\pdf\profile\CertificateOfCompletion_Ethical Hacking Cloud Computing.pdf [FileDeduplicator.py:105]
2025-06-05 17:26:24,825 - file_manager - INFO - Dry run: Would remove duplicate: C:\Users\terti\OneDrive\pdf\profile\CertificateOfCompletion_Ethical Hacking Cryptography.pdf [FileDeduplicator.py:105]
2025-06-05 17:26:24,825 - file_manager - INFO - Dry run: Would remove duplicate: C:\Users\terti\OneDrive\pdf\profile\CertificateOfCompletion_Ethical Hacking Evading IDS Firewalls and Honeypots.pdf [FileDeduplicator.py:105]
2025-06-05 17:26:24,825 - file_manager - INFO - Dry run: Would remove duplicate: C:\Users\terti\OneDrive\pdf\profile\CertificateOfCompletion_Ethical Hacking Exploits.pdf [FileDeduplicator.py:105]
2025-06-05 17:26:24,825 - file_manager - INFO - Dry run: Would remove duplicate: C:\Users\terti\OneDrive\pdf\profile\CertificateOfCompletion_Ethical Hacking Footprinting and Reconnaissance.pdf [FileDeduplicator.py:105]
2025-06-05 17:26:24,825 - file_manager - INFO - Dry run: Would remove duplicate: C:\Users\terti\OneDrive\pdf\profile\CertificateOfCompletion_Ethical Hacking Hacking IoT Devices.pdf [FileDeduplicator.py:105]
2025-06-05 17:26:24,825 - file_manager - INFO - Dry run: Would remove duplicate: C:\Users\terti\OneDrive\pdf\profile\CertificateOfCompletion_Ethical Hacking Hacking Web Servers and Web Applications.pdf [FileDeduplicator.py:105]
2025-06-05 17:26:24,825 - file_manager - INFO - Dry run: Would remove duplicate: C:\Users\terti\OneDrive\pdf\profile\CertificateOfCompletion_Ethical Hacking Mobile Devices and Platforms.pdf [FileDeduplicator.py:105]
2025-06-05 17:26:24,825 - file_manager - INFO - Dry run: Would remove duplicate: C:\Users\terti\OneDrive\pdf\profile\CertificateOfCompletion_Ethical Hacking Penetration Testing.pdf [FileDeduplicator.py:105]
2025-06-05 17:26:24,825 - file_manager - INFO - Dry run: Would remove duplicate: C:\Users\terti\OneDrive\pdf\profile\CertificateOfCompletion_Ethical Hacking Scanning Networks.pdf [FileDeduplicator.py:105]
2025-06-05 17:26:24,825 - file_manager - INFO - Dry run: Would remove duplicate: C:\Users\terti\OneDrive\pdf\profile\CertificateOfCompletion_Ethical Hacking Session Hijacking.pdf [FileDeduplicator.py:105]
2025-06-05 17:26:24,825 - file_manager - INFO - Dry run: Would remove duplicate: C:\Users\terti\OneDrive\pdf\profile\CertificateOfCompletion_Ethical Hacking Sniffers.pdf [FileDeduplicator.py:105]
2025-06-05 17:26:24,825 - file_manager - INFO - Dry run: Would remove duplicate: C:\Users\terti\OneDrive\pdf\profile\CertificateOfCompletion_Ethical Hacking Social Engineering.pdf [FileDeduplicator.py:105]
2025-06-05 17:26:24,825 - file_manager - INFO - Dry run: Would remove duplicate: C:\Users\terti\OneDrive\pdf\profile\CertificateOfCompletion_Ethical Hacking SQL Injection.pdf [FileDeduplicator.py:105]
2025-06-05 17:26:24,825 - file_manager - INFO - Dry run: Would remove duplicate: C:\Users\terti\OneDrive\pdf\profile\CertificateOfCompletion_Ethical Hacking System Hacking.pdf [FileDeduplicator.py:105]
2025-06-05 17:26:24,825 - file_manager - INFO - Dry run: Would remove duplicate: C:\Users\terti\OneDrive\pdf\profile\CertificateOfCompletion_Ethical Hacking The Complete Malware Analysis Process.pdf [FileDeduplicator.py:105]
2025-06-05 17:26:24,825 - file_manager - INFO - Dry run: Would remove duplicate: C:\Users\terti\OneDrive\pdf\profile\CertificateOfCompletion_Ethical Hacking Vulnerability Analysis.pdf [FileDeduplicator.py:105]
2025-06-05 17:26:24,825 - file_manager - INFO - Dry run: Would remove duplicate: C:\Users\terti\OneDrive\pdf\profile\CertificateOfCompletion_Ethical Hacking Wireless Networks.pdf [FileDeduplicator.py:105]
2025-06-05 17:26:24,825 - file_manager - INFO - Dry run: Would remove duplicate: C:\Users\terti\OneDrive\pdf\profile\CertificateOfCompletion_First Look Python 3.9.pdf [FileDeduplicator.py:105]
2025-06-05 17:26:24,825 - file_manager - INFO - Dry run: Would remove duplicate: C:\Users\terti\OneDrive\pdf\profile\CertificateOfCompletion_Kubernetes Microservices.pdf [FileDeduplicator.py:105]
2025-06-05 17:26:24,841 - file_manager - INFO - Dry run: Would remove duplicate: C:\Users\terti\OneDrive\pdf\profile\CertificateOfCompletion_Learning Functional Programming with JavaScript ES5.pdf [FileDeduplicator.py:105]
2025-06-05 17:26:24,841 - file_manager - INFO - Dry run: Would remove duplicate: C:\Users\terti\OneDrive\pdf\profile\CertificateOfCompletion_Linux Security and Hardening Essential Training.pdf [FileDeduplicator.py:105]
2025-06-05 17:26:24,841 - file_manager - INFO - Dry run: Would remove duplicate: C:\Users\terti\OneDrive\pdf\profile\CertificateOfCompletion_Microservices Foundations.pdf [FileDeduplicator.py:105]
2025-06-05 17:26:24,841 - file_manager - INFO - Dry run: Would remove duplicate: C:\Users\terti\OneDrive\pdf\profile\CertificateOfCompletion_Penetration Testing Advanced Web Testing.pdf [FileDeduplicator.py:105]
2025-06-05 17:26:24,841 - file_manager - INFO - Dry run: Would remove duplicate: C:\Users\terti\OneDrive\pdf\profile\CertificateOfCompletion_Security Testing Essential Training.pdf [FileDeduplicator.py:105]
2025-06-05 17:26:24,841 - file_manager - INFO - Dry run: Would remove duplicate: C:\Users\terti\OneDrive\pdf\profile\CertificateOfCompletion_Software Architecture DomainDriven Design.pdf [FileDeduplicator.py:105]
2025-06-05 17:26:24,841 - file_manager - INFO - Dry run: Would remove duplicate: C:\Users\terti\OneDrive\pdf\profile\CertificateOfCompletion_Software Architecture Patterns for Developers.pdf [FileDeduplicator.py:105]
2025-06-05 17:26:24,841 - file_manager - INFO - Dry run: Would remove duplicate: C:\Users\terti\OneDrive\pdf\profile\CertificateOfCompletion_TypeScript Essential Training.pdf [FileDeduplicator.py:105]
2025-06-05 17:26:24,841 - file_manager - INFO - Dry run: Would remove duplicate: C:\Users\terti\OneDrive\pdf\profile\POPI Agreement_Signed.PDF [FileDeduplicator.py:105]
2025-06-05 17:26:24,841 - file_manager - INFO - Dry run: Would remove duplicate: C:\Users\terti\OneDrive\pdf\profile\PS_CertificateOfCompletion_Ethical_Hacking_Buffer_Overflow.pdf [FileDeduplicator.py:105]
2025-06-05 17:26:24,841 - file_manager - INFO - Dry run: Would remove duplicate: C:\Users\terti\OneDrive\pdf\Tanya\Id-document.pdf [FileDeduplicator.py:105]
2025-06-05 17:26:24,842 - file_manager - INFO - Dry run: Would remove duplicate: C:\Users\terti\OneDrive\pdf\Tanya\Your Talent Acquisition Ecosystem_ Managing the Employee Lifecycle.pdf [FileDeduplicator.py:105]
2025-06-05 17:26:24,842 - file_manager - INFO - Dry run: Would remove duplicate: C:\Users\terti\OneDrive\pdf\TG-Resume\Curriculum Vitae of Mr LM Msane Latest.docx [FileDeduplicator.py:105]
2025-06-05 17:26:24,842 - file_manager - INFO - Dry run: Would remove duplicate: C:\Users\terti\OneDrive\pdf\TG-Resume\JD - Senior Developer[1].pdf.pdf [FileDeduplicator.py:105]
2025-06-05 17:26:24,842 - file_manager - INFO - Dry run: Would remove duplicate: C:\Users\terti\OneDrive\pdf\TG-Resume\Resume-Tertius-Geldenhuys-Long.pdf [FileDeduplicator.py:105]
2025-06-05 17:26:24,842 - file_manager - INFO - Dry run: Would remove duplicate: C:\Users\terti\OneDrive\pdf\TG-Resume\Tertius_Geldenhuys_CV_Draft-2.docx [FileDeduplicator.py:105]
2025-06-05 17:26:24,842 - file_manager - INFO - Dry run: Would remove duplicate: C:\Users\terti\OneDrive\pdf\TG-Resume\Tertius_Geldenhuys_CV_Draft.docx [FileDeduplicator.py:105]
2025-06-05 17:26:24,842 - file_manager - INFO - Dry run: Would remove duplicate: C:\Users\terti\OneDrive\pdf\LeapOut Access\LeapOut Access\LeapOut Access.pdf [FileDeduplicator.py:105]
2025-06-05 17:26:24,842 - file_manager - INFO - Dry run: Would remove duplicate: C:\Users\terti\OneDrive\pdf\extra\broker\terrencej.pdf [FileDeduplicator.py:105]
2025-06-05 17:26:24,842 - file_manager - INFO - Dry run: Would remove duplicate: C:\Users\terti\OneDrive\pdf\extra\Certificates\1.log [FileDeduplicator.py:105]
2025-06-05 17:26:24,842 - file_manager - INFO - Dry run: Would remove duplicate: C:\Users\terti\OneDrive\pdf\extra\Certificates\CertificateOfCompletion_Agile Foundations.pdf [FileDeduplicator.py:105]
2025-06-05 17:26:24,842 - file_manager - INFO - Dry run: Would remove duplicate: C:\Users\terti\OneDrive\pdf\extra\Certificates\CertificateOfCompletion_Angular Building Large Applications.pdf [FileDeduplicator.py:105]
2025-06-05 17:26:24,857 - file_manager - INFO - Dry run: Would remove duplicate: C:\Users\terti\OneDrive\pdf\extra\Certificates\CertificateOfCompletion_ASP.NET Core Middleware.pdf [FileDeduplicator.py:105]
2025-06-05 17:26:24,857 - file_manager - INFO - Dry run: Would remove duplicate: C:\Users\terti\OneDrive\pdf\extra\Certificates\CertificateOfCompletion_AWS for DevOps Monitoring Metrics and Logging.pdf [FileDeduplicator.py:105]
2025-06-05 17:26:24,857 - file_manager - INFO - Dry run: Would remove duplicate: C:\Users\terti\OneDrive\pdf\extra\Certificates\CertificateOfCompletion_Become an Ethical Hacker.pdf [FileDeduplicator.py:105]
2025-06-05 17:26:24,857 - file_manager - INFO - Dry run: Would remove duplicate: C:\Users\terti\OneDrive\pdf\extra\Certificates\CertificateOfCompletion_Blockchain Learning Solidity.pdf [FileDeduplicator.py:105]
2025-06-05 17:26:24,857 - file_manager - INFO - Dry run: Would remove duplicate: C:\Users\terti\OneDrive\pdf\extra\Certificates\CertificateOfCompletion_Building a Trustworthy Reputation.pdf [FileDeduplicator.py:105]
2025-06-05 17:26:24,857 - file_manager - INFO - Dry run: Would remove duplicate: C:\Users\terti\OneDrive\pdf\extra\Certificates\CertificateOfCompletion_Building an Ethereum Blockchain App 10 Deployment and Maintenance.pdf [FileDeduplicator.py:105]
2025-06-05 17:26:24,857 - file_manager - INFO - Dry run: Would remove duplicate: C:\Users\terti\OneDrive\pdf\extra\Certificates\CertificateOfCompletion_Building an Ethereum Blockchain App 2 Introduction to Ethereum.pdf [FileDeduplicator.py:105]
2025-06-05 17:26:24,857 - file_manager - INFO - Dry run: Would remove duplicate: C:\Users\terti\OneDrive\pdf\extra\Certificates\CertificateOfCompletion_C 6.0 First Look.pdf [FileDeduplicator.py:105]
2025-06-05 17:26:24,857 - file_manager - INFO - Dry run: Would remove duplicate: C:\Users\terti\OneDrive\pdf\extra\Certificates\CertificateOfCompletion_C Framework Design.pdf [FileDeduplicator.py:105]
2025-06-05 17:26:24,857 - file_manager - INFO - Dry run: Would remove duplicate: C:\Users\terti\OneDrive\pdf\extra\Certificates\CertificateOfCompletion_Cybersecurity Awareness The Internet of Things IoT.pdf [FileDeduplicator.py:105]
2025-06-05 17:26:24,857 - file_manager - INFO - Dry run: Would remove duplicate: C:\Users\terti\OneDrive\pdf\extra\Certificates\CertificateOfCompletion_DevOps Foundations Continuous DeliveryContinuous Integration.pdf [FileDeduplicator.py:105]
2025-06-05 17:26:24,857 - file_manager - INFO - Dry run: Would remove duplicate: C:\Users\terti\OneDrive\pdf\extra\Certificates\CertificateOfCompletion_DevSecOps Continuous Application Security.pdf [FileDeduplicator.py:105]
2025-06-05 17:26:24,857 - file_manager - INFO - Dry run: Would remove duplicate: C:\Users\terti\OneDrive\pdf\extra\Certificates\CertificateOfCompletion_Enterprise Architecture in Practice.pdf [FileDeduplicator.py:105]
2025-06-05 17:26:24,857 - file_manager - INFO - Dry run: Would remove duplicate: C:\Users\terti\OneDrive\pdf\extra\Certificates\CertificateOfCompletion_Ethical Hacking Cloud Computing.pdf [FileDeduplicator.py:105]
2025-06-05 17:26:24,857 - file_manager - INFO - Dry run: Would remove duplicate: C:\Users\terti\OneDrive\pdf\extra\Certificates\CertificateOfCompletion_Ethical Hacking Cryptography.pdf [FileDeduplicator.py:105]
2025-06-05 17:26:24,857 - file_manager - INFO - Dry run: Would remove duplicate: C:\Users\terti\OneDrive\pdf\extra\Certificates\CertificateOfCompletion_Ethical Hacking Evading IDS Firewalls and Honeypots.pdf [FileDeduplicator.py:105]
2025-06-05 17:26:24,857 - file_manager - INFO - Dry run: Would remove duplicate: C:\Users\terti\OneDrive\pdf\extra\Certificates\CertificateOfCompletion_Ethical Hacking Exploits.pdf [FileDeduplicator.py:105]
2025-06-05 17:26:24,857 - file_manager - INFO - Dry run: Would remove duplicate: C:\Users\terti\OneDrive\pdf\extra\Certificates\CertificateOfCompletion_Ethical Hacking Footprinting and Reconnaissance.pdf [FileDeduplicator.py:105]
2025-06-05 17:26:24,858 - file_manager - INFO - Dry run: Would remove duplicate: C:\Users\terti\OneDrive\pdf\extra\Certificates\CertificateOfCompletion_Ethical Hacking Hacking IoT Devices.pdf [FileDeduplicator.py:105]
2025-06-05 17:26:24,873 - file_manager - INFO - Dry run: Would remove duplicate: C:\Users\terti\OneDrive\pdf\extra\Certificates\CertificateOfCompletion_Ethical Hacking Hacking Web Servers and Web Applications.pdf [FileDeduplicator.py:105]
2025-06-05 17:26:24,873 - file_manager - INFO - Dry run: Would remove duplicate: C:\Users\terti\OneDrive\pdf\extra\Certificates\CertificateOfCompletion_Ethical Hacking Mobile Devices and Platforms.pdf [FileDeduplicator.py:105]
2025-06-05 17:26:24,873 - file_manager - INFO - Dry run: Would remove duplicate: C:\Users\terti\OneDrive\pdf\extra\Certificates\CertificateOfCompletion_Ethical Hacking Penetration Testing.pdf [FileDeduplicator.py:105]
2025-06-05 17:26:24,874 - file_manager - INFO - Dry run: Would remove duplicate: C:\Users\terti\OneDrive\pdf\extra\Certificates\CertificateOfCompletion_Ethical Hacking Scanning Networks.pdf [FileDeduplicator.py:105]
2025-06-05 17:26:24,874 - file_manager - INFO - Dry run: Would remove duplicate: C:\Users\terti\OneDrive\pdf\extra\Certificates\CertificateOfCompletion_Ethical Hacking Session Hijacking.pdf [FileDeduplicator.py:105]
2025-06-05 17:26:24,874 - file_manager - INFO - Dry run: Would remove duplicate: C:\Users\terti\OneDrive\pdf\extra\Certificates\CertificateOfCompletion_Ethical Hacking Sniffers.pdf [FileDeduplicator.py:105]
2025-06-05 17:26:24,874 - file_manager - INFO - Dry run: Would remove duplicate: C:\Users\terti\OneDrive\pdf\extra\Certificates\CertificateOfCompletion_Ethical Hacking Social Engineering.pdf [FileDeduplicator.py:105]
2025-06-05 17:26:24,874 - file_manager - INFO - Dry run: Would remove duplicate: C:\Users\terti\OneDrive\pdf\extra\Certificates\CertificateOfCompletion_Ethical Hacking SQL Injection.pdf [FileDeduplicator.py:105]
2025-06-05 17:26:24,874 - file_manager - INFO - Dry run: Would remove duplicate: C:\Users\terti\OneDrive\pdf\extra\Certificates\CertificateOfCompletion_Ethical Hacking System Hacking.pdf [FileDeduplicator.py:105]
2025-06-05 17:26:24,874 - file_manager - INFO - Dry run: Would remove duplicate: C:\Users\terti\OneDrive\pdf\extra\Certificates\CertificateOfCompletion_Ethical Hacking The Complete Malware Analysis Process.pdf [FileDeduplicator.py:105]
2025-06-05 17:26:24,874 - file_manager - INFO - Dry run: Would remove duplicate: C:\Users\terti\OneDrive\pdf\extra\Certificates\CertificateOfCompletion_Ethical Hacking Vulnerability Analysis.pdf [FileDeduplicator.py:105]
2025-06-05 17:26:24,874 - file_manager - INFO - Dry run: Would remove duplicate: C:\Users\terti\OneDrive\pdf\extra\Certificates\CertificateOfCompletion_Ethical Hacking Wireless Networks.pdf [FileDeduplicator.py:105]
2025-06-05 17:26:24,874 - file_manager - INFO - Dry run: Would remove duplicate: C:\Users\terti\OneDrive\pdf\extra\Certificates\CertificateOfCompletion_First Look Python 3.9.pdf [FileDeduplicator.py:105]
2025-06-05 17:26:24,874 - file_manager - INFO - Dry run: Would remove duplicate: C:\Users\terti\OneDrive\pdf\extra\Certificates\CertificateOfCompletion_Kubernetes Microservices.pdf [FileDeduplicator.py:105]
2025-06-05 17:26:24,874 - file_manager - INFO - Dry run: Would remove duplicate: C:\Users\terti\OneDrive\pdf\extra\Certificates\CertificateOfCompletion_Learning Functional Programming with JavaScript ES5.pdf [FileDeduplicator.py:105]
2025-06-05 17:26:24,875 - file_manager - INFO - Dry run: Would remove duplicate: C:\Users\terti\OneDrive\pdf\extra\Certificates\CertificateOfCompletion_Linux Security and Hardening Essential Training.pdf [FileDeduplicator.py:105]
2025-06-05 17:26:24,875 - file_manager - INFO - Dry run: Would remove duplicate: C:\Users\terti\OneDrive\pdf\extra\Certificates\CertificateOfCompletion_Microservices Foundations.pdf [FileDeduplicator.py:105]
2025-06-05 17:26:24,875 - file_manager - INFO - Dry run: Would remove duplicate: C:\Users\terti\OneDrive\pdf\extra\Certificates\CertificateOfCompletion_Penetration Testing Advanced Web Testing.pdf [FileDeduplicator.py:105]
2025-06-05 17:26:24,875 - file_manager - INFO - Dry run: Would remove duplicate: C:\Users\terti\OneDrive\pdf\extra\Certificates\CertificateOfCompletion_Security Testing Essential Training.pdf [FileDeduplicator.py:105]
2025-06-05 17:26:24,888 - file_manager - INFO - Dry run: Would remove duplicate: C:\Users\terti\OneDrive\pdf\extra\Certificates\CertificateOfCompletion_Software Architecture DomainDriven Design.pdf [FileDeduplicator.py:105]
2025-06-05 17:26:24,888 - file_manager - INFO - Dry run: Would remove duplicate: C:\Users\terti\OneDrive\pdf\extra\Certificates\CertificateOfCompletion_Software Architecture Patterns for Developers.pdf [FileDeduplicator.py:105]
2025-06-05 17:26:24,888 - file_manager - INFO - Dry run: Would remove duplicate: C:\Users\terti\OneDrive\pdf\extra\Certificates\CertificateOfCompletion_TypeScript Essential Training.pdf [FileDeduplicator.py:105]
2025-06-05 17:26:24,888 - file_manager - INFO - Dry run: Would remove duplicate: C:\Users\terti\OneDrive\pdf\extra\CrossOver\free-ccat-practice-test-with-answers-explanations.pdf [FileDeduplicator.py:105]
2025-06-05 17:26:24,888 - file_manager - INFO - Dry run: Would remove duplicate: C:\Users\terti\OneDrive\pdf\extra\gdpr\2021_CISPE_Cloud_IaaS_Data_Protection_Code_of_Conduct_-_GDPR_Compliance__EN_clean.pdf [FileDeduplicator.py:105]
2025-06-05 17:26:24,888 - file_manager - INFO - Dry run: Would remove duplicate: C:\Users\terti\OneDrive\pdf\extra\gdpr\A-Roadmap-to-Continuous-Delivery-Pipeline-Maturity-dev-whitepaper.pdf [FileDeduplicator.py:105]
2025-06-05 17:26:24,889 - file_manager - INFO - Dry run: Would remove duplicate: C:\Users\terti\OneDrive\pdf\extra\gdpr\AWS_GDPR_DPA.pdf [FileDeduplicator.py:105]
2025-06-05 17:26:24,889 - file_manager - INFO - Dry run: Would remove duplicate: C:\Users\terti\OneDrive\pdf\extra\gdpr\Continuously monitor and assess your security posture in the AWS Cloud.pdf [FileDeduplicator.py:105]
2025-06-05 17:26:24,889 - file_manager - INFO - Dry run: Would remove duplicate: C:\Users\terti\OneDrive\pdf\extra\gdpr\ESG-Business-Justification-Brief-GitLab-May.pdf [FileDeduplicator.py:105]
2025-06-05 17:26:24,889 - file_manager - INFO - Dry run: Would remove duplicate: C:\Users\terti\OneDrive\pdf\extra\gdpr\GDPR_Compliance_on_AWS.pdf [FileDeduplicator.py:105]
2025-06-05 17:26:24,889 - file_manager - INFO - Dry run: Would remove duplicate: C:\Users\terti\OneDrive\pdf\extra\gdpr\GDPR_The_Basics.pdf [FileDeduplicator.py:105]
2025-06-05 17:26:24,889 - file_manager - INFO - Dry run: Would remove duplicate: C:\Users\terti\OneDrive\pdf\extra\gdpr\Gitlab-Ultimate-Getting-Started-Guide.pdf [FileDeduplicator.py:105]
2025-06-05 17:26:24,889 - file_manager - INFO - Dry run: Would remove duplicate: C:\Users\terti\OneDrive\pdf\extra\gdpr\How to Automate Compliance and Risk Management for Cloud Workloads Whitepaper.pdf [FileDeduplicator.py:105]
2025-06-05 17:26:24,889 - file_manager - INFO - Dry run: Would remove duplicate: C:\Users\terti\OneDrive\pdf\extra\gdpr\How to Perform Investigations_SANS_AWS Marketplace_whitepaper.pdf [FileDeduplicator.py:105]
2025-06-05 17:26:24,889 - file_manager - INFO - Dry run: Would remove duplicate: C:\Users\terti\OneDrive\pdf\extra\gdpr\ICW3-eBook.pdf [FileDeduplicator.py:105]
2025-06-05 17:26:24,889 - file_manager - INFO - Dry run: Would remove duplicate: C:\Users\terti\OneDrive\pdf\extra\gdpr\Jumpstart Guide to CSPM.pdf [FileDeduplicator.py:105]
2025-06-05 17:26:24,889 - file_manager - INFO - Dry run: Would remove duplicate: C:\Users\terti\OneDrive\pdf\extra\gdpr\UK_GDPR_addendum_to_AWS_data_processing_addendum.pdf [FileDeduplicator.py:105]
2025-06-05 17:26:24,889 - file_manager - INFO - Dry run: Would remove duplicate: C:\Users\terti\OneDrive\pdf\extra\gdpr\Web Application Security AWS Marketplace and SANS whitepaper.pdf [FileDeduplicator.py:105]
2025-06-05 17:26:24,889 - file_manager - INFO - Dry run: Would remove duplicate: C:\Users\terti\OneDrive\pdf\extra\LeapOut Access\LeapOut Access.pdf [FileDeduplicator.py:105]
2025-06-05 17:26:24,889 - file_manager - INFO - Dry run: Would remove duplicate: C:\Users\terti\OneDrive\pdf\extra\ovotron\Certified_Copy_of_ID_Document.pdf [FileDeduplicator.py:105]
2025-06-05 17:26:24,889 - file_manager - INFO - Dry run: Would remove duplicate: C:\Users\terti\OneDrive\pdf\extra\ovotron\Contractor Information Request.pdf [FileDeduplicator.py:105]
2025-06-05 17:26:24,904 - file_manager - INFO - Dry run: Would remove duplicate: C:\Users\terti\OneDrive\pdf\extra\ovotron\CoR14_3_K2013065985.pdf [FileDeduplicator.py:105]
2025-06-05 17:26:24,904 - file_manager - INFO - Dry run: Would remove duplicate: C:\Users\terti\OneDrive\pdf\extra\ovotron\Payment_Notification.pdf [FileDeduplicator.py:105]
2025-06-05 17:26:24,904 - file_manager - INFO - Dry run: Would remove duplicate: C:\Users\terti\OneDrive\pdf\extra\ovotron\PSP Affidavit Signed.pdf [FileDeduplicator.py:105]
2025-06-05 17:26:24,904 - file_manager - INFO - Dry run: Would remove duplicate: C:\Users\terti\OneDrive\pdf\extra\ovotron\PSP Affidavit.pdf [FileDeduplicator.py:105]
2025-06-05 17:26:24,905 - file_manager - INFO - Dry run: Would remove duplicate: C:\Users\terti\OneDrive\pdf\extra\ovotron\PSP Overview.pdf [FileDeduplicator.py:105]
2025-06-05 17:26:24,905 - file_manager - INFO - Dry run: Would remove duplicate: C:\Users\terti\OneDrive\pdf\extra\ovotron\TER097-Proof-of-payment.pdf [FileDeduplicator.py:105]
2025-06-05 17:26:24,905 - file_manager - INFO - Dry run: Would remove duplicate: C:\Users\terti\OneDrive\pdf\extra\ovotron\Vendor Contractor Information Request.pdf [FileDeduplicator.py:105]
2025-06-05 17:26:24,905 - file_manager - INFO - Dry run: Would remove duplicate: C:\Users\terti\OneDrive\pdf\extra\PaySlip\PaySlip_202105.pdf [FileDeduplicator.py:105]
2025-06-05 17:26:24,905 - file_manager - INFO - Dry run: Would remove duplicate: C:\Users\terti\OneDrive\pdf\extra\PaySlip\PaySlip_202106.pdf [FileDeduplicator.py:105]
2025-06-05 17:26:24,905 - file_manager - INFO - Dry run: Would remove duplicate: C:\Users\terti\OneDrive\pdf\extra\PaySlip\PaySlip_202107.pdf [FileDeduplicator.py:105]
2025-06-05 17:26:24,905 - file_manager - INFO - Dry run: Would remove duplicate: C:\Users\terti\OneDrive\pdf\extra\profile\certificate(1).pdf [FileDeduplicator.py:105]
2025-06-05 17:26:24,905 - file_manager - INFO - Dry run: Would remove duplicate: C:\Users\terti\OneDrive\pdf\extra\profile\certificate(10).pdf [FileDeduplicator.py:105]
2025-06-05 17:26:24,905 - file_manager - INFO - Dry run: Would remove duplicate: C:\Users\terti\OneDrive\pdf\extra\profile\certificate(11).pdf [FileDeduplicator.py:105]
2025-06-05 17:26:24,905 - file_manager - INFO - Dry run: Would remove duplicate: C:\Users\terti\OneDrive\pdf\extra\profile\certificate(12).pdf [FileDeduplicator.py:105]
2025-06-05 17:26:24,905 - file_manager - INFO - Dry run: Would remove duplicate: C:\Users\terti\OneDrive\pdf\extra\profile\certificate(13).pdf [FileDeduplicator.py:105]
2025-06-05 17:26:24,905 - file_manager - INFO - Dry run: Would remove duplicate: C:\Users\terti\OneDrive\pdf\extra\profile\certificate(14).pdf [FileDeduplicator.py:105]
2025-06-05 17:26:24,906 - file_manager - INFO - Dry run: Would remove duplicate: C:\Users\terti\OneDrive\pdf\extra\profile\certificate(15).pdf [FileDeduplicator.py:105]
2025-06-05 17:26:24,906 - file_manager - INFO - Dry run: Would remove duplicate: C:\Users\terti\OneDrive\pdf\extra\profile\certificate(16).pdf [FileDeduplicator.py:105]
2025-06-05 17:26:24,906 - file_manager - INFO - Dry run: Would remove duplicate: C:\Users\terti\OneDrive\pdf\extra\profile\certificate(17).pdf [FileDeduplicator.py:105]
2025-06-05 17:26:24,906 - file_manager - INFO - Dry run: Would remove duplicate: C:\Users\terti\OneDrive\pdf\extra\profile\certificate(18).pdf [FileDeduplicator.py:105]
2025-06-05 17:26:24,906 - file_manager - INFO - Dry run: Would remove duplicate: C:\Users\terti\OneDrive\pdf\extra\profile\certificate(19).pdf [FileDeduplicator.py:105]
2025-06-05 17:26:24,906 - file_manager - INFO - Dry run: Would remove duplicate: C:\Users\terti\OneDrive\pdf\extra\profile\certificate(2).pdf [FileDeduplicator.py:105]
2025-06-05 17:26:24,906 - file_manager - INFO - Dry run: Would remove duplicate: C:\Users\terti\OneDrive\pdf\extra\profile\certificate(20).pdf [FileDeduplicator.py:105]
2025-06-05 17:26:24,906 - file_manager - INFO - Dry run: Would remove duplicate: C:\Users\terti\OneDrive\pdf\extra\profile\certificate(21).pdf [FileDeduplicator.py:105]
2025-06-05 17:26:24,906 - file_manager - INFO - Dry run: Would remove duplicate: C:\Users\terti\OneDrive\pdf\extra\profile\certificate(22).pdf [FileDeduplicator.py:105]
2025-06-05 17:26:24,919 - file_manager - INFO - Dry run: Would remove duplicate: C:\Users\terti\OneDrive\pdf\extra\profile\certificate(23).pdf [FileDeduplicator.py:105]
2025-06-05 17:26:24,919 - file_manager - INFO - Dry run: Would remove duplicate: C:\Users\terti\OneDrive\pdf\extra\profile\certificate(24).pdf [FileDeduplicator.py:105]
2025-06-05 17:26:24,919 - file_manager - INFO - Dry run: Would remove duplicate: C:\Users\terti\OneDrive\pdf\extra\profile\certificate(25).pdf [FileDeduplicator.py:105]
2025-06-05 17:26:24,919 - file_manager - INFO - Dry run: Would remove duplicate: C:\Users\terti\OneDrive\pdf\extra\profile\certificate(26).pdf [FileDeduplicator.py:105]
2025-06-05 17:26:24,919 - file_manager - INFO - Dry run: Would remove duplicate: C:\Users\terti\OneDrive\pdf\extra\profile\certificate(27).pdf [FileDeduplicator.py:105]
2025-06-05 17:26:24,919 - file_manager - INFO - Dry run: Would remove duplicate: C:\Users\terti\OneDrive\pdf\extra\profile\certificate(28).pdf [FileDeduplicator.py:105]
2025-06-05 17:26:24,919 - file_manager - INFO - Dry run: Would remove duplicate: C:\Users\terti\OneDrive\pdf\extra\profile\certificate(29).pdf [FileDeduplicator.py:105]
2025-06-05 17:26:24,919 - file_manager - INFO - Dry run: Would remove duplicate: C:\Users\terti\OneDrive\pdf\extra\profile\certificate(3).pdf [FileDeduplicator.py:105]
2025-06-05 17:26:24,919 - file_manager - INFO - Dry run: Would remove duplicate: C:\Users\terti\OneDrive\pdf\extra\profile\certificate(30).pdf [FileDeduplicator.py:105]
2025-06-05 17:26:24,919 - file_manager - INFO - Dry run: Would remove duplicate: C:\Users\terti\OneDrive\pdf\extra\profile\certificate(31).pdf [FileDeduplicator.py:105]
2025-06-05 17:26:24,919 - file_manager - INFO - Dry run: Would remove duplicate: C:\Users\terti\OneDrive\pdf\extra\profile\certificate(32).pdf [FileDeduplicator.py:105]
2025-06-05 17:26:24,919 - file_manager - INFO - Dry run: Would remove duplicate: C:\Users\terti\OneDrive\pdf\extra\profile\certificate(33).pdf [FileDeduplicator.py:105]
2025-06-05 17:26:24,919 - file_manager - INFO - Dry run: Would remove duplicate: C:\Users\terti\OneDrive\pdf\extra\profile\certificate(34).pdf [FileDeduplicator.py:105]
2025-06-05 17:26:24,920 - file_manager - INFO - Dry run: Would remove duplicate: C:\Users\terti\OneDrive\pdf\extra\profile\certificate(35).pdf [FileDeduplicator.py:105]
2025-06-05 17:26:24,920 - file_manager - INFO - Dry run: Would remove duplicate: C:\Users\terti\OneDrive\pdf\extra\profile\certificate(36).pdf [FileDeduplicator.py:105]
2025-06-05 17:26:24,920 - file_manager - INFO - Dry run: Would remove duplicate: C:\Users\terti\OneDrive\pdf\extra\profile\certificate(37).pdf [FileDeduplicator.py:105]
2025-06-05 17:26:24,920 - file_manager - INFO - Dry run: Would remove duplicate: C:\Users\terti\OneDrive\pdf\extra\profile\certificate(38).pdf [FileDeduplicator.py:105]
2025-06-05 17:26:24,920 - file_manager - INFO - Dry run: Would remove duplicate: C:\Users\terti\OneDrive\pdf\extra\profile\certificate(39).pdf [FileDeduplicator.py:105]
2025-06-05 17:26:24,920 - file_manager - INFO - Dry run: Would remove duplicate: C:\Users\terti\OneDrive\pdf\extra\profile\certificate(4).pdf [FileDeduplicator.py:105]
2025-06-05 17:26:24,920 - file_manager - INFO - Dry run: Would remove duplicate: C:\Users\terti\OneDrive\pdf\extra\profile\certificate(40).pdf [FileDeduplicator.py:105]
2025-06-05 17:26:24,920 - file_manager - INFO - Dry run: Would remove duplicate: C:\Users\terti\OneDrive\pdf\extra\profile\certificate(41).pdf [FileDeduplicator.py:105]
2025-06-05 17:26:24,920 - file_manager - INFO - Dry run: Would remove duplicate: C:\Users\terti\OneDrive\pdf\extra\profile\certificate(42).pdf [FileDeduplicator.py:105]
2025-06-05 17:26:24,920 - file_manager - INFO - Dry run: Would remove duplicate: C:\Users\terti\OneDrive\pdf\extra\profile\certificate(43).pdf [FileDeduplicator.py:105]
2025-06-05 17:26:24,920 - file_manager - INFO - Dry run: Would remove duplicate: C:\Users\terti\OneDrive\pdf\extra\profile\certificate(44).pdf [FileDeduplicator.py:105]
2025-06-05 17:26:24,920 - file_manager - INFO - Dry run: Would remove duplicate: C:\Users\terti\OneDrive\pdf\extra\profile\certificate(45).pdf [FileDeduplicator.py:105]
2025-06-05 17:26:24,934 - file_manager - INFO - Dry run: Would remove duplicate: C:\Users\terti\OneDrive\pdf\extra\profile\certificate(46).pdf [FileDeduplicator.py:105]
2025-06-05 17:26:24,934 - file_manager - INFO - Dry run: Would remove duplicate: C:\Users\terti\OneDrive\pdf\extra\profile\certificate(47).pdf [FileDeduplicator.py:105]
2025-06-05 17:26:24,935 - file_manager - INFO - Dry run: Would remove duplicate: C:\Users\terti\OneDrive\pdf\extra\profile\certificate(48).pdf [FileDeduplicator.py:105]
2025-06-05 17:26:24,935 - file_manager - INFO - Dry run: Would remove duplicate: C:\Users\terti\OneDrive\pdf\extra\profile\certificate(49).pdf [FileDeduplicator.py:105]
2025-06-05 17:26:24,935 - file_manager - INFO - Dry run: Would remove duplicate: C:\Users\terti\OneDrive\pdf\extra\profile\certificate(5).pdf [FileDeduplicator.py:105]
2025-06-05 17:26:24,935 - file_manager - INFO - Dry run: Would remove duplicate: C:\Users\terti\OneDrive\pdf\extra\profile\certificate(50).pdf [FileDeduplicator.py:105]
2025-06-05 17:26:24,935 - file_manager - INFO - Dry run: Would remove duplicate: C:\Users\terti\OneDrive\pdf\extra\profile\certificate(51).pdf [FileDeduplicator.py:105]
2025-06-05 17:26:24,935 - file_manager - INFO - Dry run: Would remove duplicate: C:\Users\terti\OneDrive\pdf\extra\profile\certificate(52).pdf [FileDeduplicator.py:105]
2025-06-05 17:26:24,935 - file_manager - INFO - Dry run: Would remove duplicate: C:\Users\terti\OneDrive\pdf\extra\profile\certificate(53).pdf [FileDeduplicator.py:105]
2025-06-05 17:26:24,935 - file_manager - INFO - Dry run: Would remove duplicate: C:\Users\terti\OneDrive\pdf\extra\profile\certificate(54).pdf [FileDeduplicator.py:105]
2025-06-05 17:26:24,935 - file_manager - INFO - Dry run: Would remove duplicate: C:\Users\terti\OneDrive\pdf\extra\profile\certificate(55).pdf [FileDeduplicator.py:105]
2025-06-05 17:26:24,935 - file_manager - INFO - Dry run: Would remove duplicate: C:\Users\terti\OneDrive\pdf\extra\profile\certificate(56).pdf [FileDeduplicator.py:105]
2025-06-05 17:26:24,935 - file_manager - INFO - Dry run: Would remove duplicate: C:\Users\terti\OneDrive\pdf\extra\profile\certificate(57).pdf [FileDeduplicator.py:105]
2025-06-05 17:26:24,935 - file_manager - INFO - Dry run: Would remove duplicate: C:\Users\terti\OneDrive\pdf\extra\profile\certificate(58).pdf [FileDeduplicator.py:105]
2025-06-05 17:26:24,935 - file_manager - INFO - Dry run: Would remove duplicate: C:\Users\terti\OneDrive\pdf\extra\profile\certificate(59).pdf [FileDeduplicator.py:105]
2025-06-05 17:26:24,935 - file_manager - INFO - Dry run: Would remove duplicate: C:\Users\terti\OneDrive\pdf\extra\profile\certificate(6).pdf [FileDeduplicator.py:105]
2025-06-05 17:26:24,935 - file_manager - INFO - Dry run: Would remove duplicate: C:\Users\terti\OneDrive\pdf\extra\profile\certificate(60).pdf [FileDeduplicator.py:105]
2025-06-05 17:26:24,935 - file_manager - INFO - Dry run: Would remove duplicate: C:\Users\terti\OneDrive\pdf\extra\profile\certificate(61).pdf [FileDeduplicator.py:105]
2025-06-05 17:26:24,935 - file_manager - INFO - Dry run: Would remove duplicate: C:\Users\terti\OneDrive\pdf\extra\profile\certificate(62).pdf [FileDeduplicator.py:105]
2025-06-05 17:26:24,935 - file_manager - INFO - Dry run: Would remove duplicate: C:\Users\terti\OneDrive\pdf\extra\profile\certificate(63).pdf [FileDeduplicator.py:105]
2025-06-05 17:26:24,935 - file_manager - INFO - Dry run: Would remove duplicate: C:\Users\terti\OneDrive\pdf\extra\profile\certificate(64).pdf [FileDeduplicator.py:105]
2025-06-05 17:26:24,936 - file_manager - INFO - Dry run: Would remove duplicate: C:\Users\terti\OneDrive\pdf\extra\profile\certificate(65).pdf [FileDeduplicator.py:105]
2025-06-05 17:26:24,936 - file_manager - INFO - Dry run: Would remove duplicate: C:\Users\terti\OneDrive\pdf\extra\profile\certificate(66).pdf [FileDeduplicator.py:105]
2025-06-05 17:26:24,936 - file_manager - INFO - Dry run: Would remove duplicate: C:\Users\terti\OneDrive\pdf\extra\profile\certificate(67).pdf [FileDeduplicator.py:105]
2025-06-05 17:26:24,936 - file_manager - INFO - Dry run: Would remove duplicate: C:\Users\terti\OneDrive\pdf\extra\profile\certificate(68).pdf [FileDeduplicator.py:105]
2025-06-05 17:26:24,950 - file_manager - INFO - Dry run: Would remove duplicate: C:\Users\terti\OneDrive\pdf\extra\profile\certificate(69).pdf [FileDeduplicator.py:105]
2025-06-05 17:26:24,950 - file_manager - INFO - Dry run: Would remove duplicate: C:\Users\terti\OneDrive\pdf\extra\profile\certificate(7).pdf [FileDeduplicator.py:105]
2025-06-05 17:26:24,950 - file_manager - INFO - Dry run: Would remove duplicate: C:\Users\terti\OneDrive\pdf\extra\profile\certificate(70).pdf [FileDeduplicator.py:105]
2025-06-05 17:26:24,951 - file_manager - INFO - Dry run: Would remove duplicate: C:\Users\terti\OneDrive\pdf\extra\profile\certificate(71).pdf [FileDeduplicator.py:105]
2025-06-05 17:26:24,951 - file_manager - INFO - Dry run: Would remove duplicate: C:\Users\terti\OneDrive\pdf\extra\profile\certificate(8).pdf [FileDeduplicator.py:105]
2025-06-05 17:26:24,951 - file_manager - INFO - Dry run: Would remove duplicate: C:\Users\terti\OneDrive\pdf\extra\profile\certificate(9).pdf [FileDeduplicator.py:105]
2025-06-05 17:26:24,951 - file_manager - INFO - Dry run: Would remove duplicate: C:\Users\terti\OneDrive\pdf\extra\profile\certificate.pdf [FileDeduplicator.py:105]
2025-06-05 17:26:24,951 - file_manager - INFO - Dry run: Would remove duplicate: C:\Users\terti\OneDrive\pdf\extra\profile\CertificateOfCompletion_Agile Foundations(1).pdf [FileDeduplicator.py:105]
2025-06-05 17:26:24,951 - file_manager - INFO - Dry run: Would remove duplicate: C:\Users\terti\OneDrive\pdf\extra\profile\CertificateOfCompletion_Agile Foundations.pdf [FileDeduplicator.py:105]
2025-06-05 17:26:24,951 - file_manager - INFO - Dry run: Would remove duplicate: C:\Users\terti\OneDrive\pdf\extra\profile\CertificateOfCompletion_Angular Building Large Applications.pdf [FileDeduplicator.py:105]
2025-06-05 17:26:24,951 - file_manager - INFO - Dry run: Would remove duplicate: C:\Users\terti\OneDrive\pdf\extra\profile\CertificateOfCompletion_ASP.NET Core Middleware(1).pdf [FileDeduplicator.py:105]
2025-06-05 17:26:24,951 - file_manager - INFO - Dry run: Would remove duplicate: C:\Users\terti\OneDrive\pdf\extra\profile\CertificateOfCompletion_ASP.NET Core Middleware.pdf [FileDeduplicator.py:105]
2025-06-05 17:26:24,951 - file_manager - INFO - Dry run: Would remove duplicate: C:\Users\terti\OneDrive\pdf\extra\profile\CertificateOfCompletion_AWS for DevOps Monitoring Metrics and Logging.pdf [FileDeduplicator.py:105]
2025-06-05 17:26:24,951 - file_manager - INFO - Dry run: Would remove duplicate: C:\Users\terti\OneDrive\pdf\extra\profile\CertificateOfCompletion_Become an Ethical Hacker(1).pdf [FileDeduplicator.py:105]
2025-06-05 17:26:24,951 - file_manager - INFO - Dry run: Would remove duplicate: C:\Users\terti\OneDrive\pdf\extra\profile\CertificateOfCompletion_Become an Ethical Hacker.pdf [FileDeduplicator.py:105]
2025-06-05 17:26:24,951 - file_manager - INFO - Dry run: Would remove duplicate: C:\Users\terti\OneDrive\pdf\extra\profile\CertificateOfCompletion_Blockchain Learning Solidity.pdf [FileDeduplicator.py:105]
2025-06-05 17:26:24,951 - file_manager - INFO - Dry run: Would remove duplicate: C:\Users\terti\OneDrive\pdf\extra\profile\CertificateOfCompletion_Building a Trustworthy Reputation.pdf [FileDeduplicator.py:105]
2025-06-05 17:26:24,951 - file_manager - INFO - Dry run: Would remove duplicate: C:\Users\terti\OneDrive\pdf\extra\profile\CertificateOfCompletion_Building an Ethereum Blockchain App 10 Deployment and Maintenance.pdf [FileDeduplicator.py:105]
2025-06-05 17:26:24,951 - file_manager - INFO - Dry run: Would remove duplicate: C:\Users\terti\OneDrive\pdf\extra\profile\CertificateOfCompletion_Building an Ethereum Blockchain App 2 Introduction to Ethereum.pdf [FileDeduplicator.py:105]
2025-06-05 17:26:24,951 - file_manager - INFO - Dry run: Would remove duplicate: C:\Users\terti\OneDrive\pdf\extra\profile\CertificateOfCompletion_C 6.0 First Look.pdf [FileDeduplicator.py:105]
2025-06-05 17:26:24,951 - file_manager - INFO - Dry run: Would remove duplicate: C:\Users\terti\OneDrive\pdf\extra\profile\CertificateOfCompletion_C Framework Design.pdf [FileDeduplicator.py:105]
2025-06-05 17:26:24,966 - file_manager - INFO - Dry run: Would remove duplicate: C:\Users\terti\OneDrive\pdf\extra\profile\CertificateOfCompletion_Cybersecurity Awareness The Internet of Things IoT.pdf [FileDeduplicator.py:105]
2025-06-05 17:26:24,966 - file_manager - INFO - Dry run: Would remove duplicate: C:\Users\terti\OneDrive\pdf\extra\profile\CertificateOfCompletion_DevOps Foundations Continuous DeliveryContinuous Integration.pdf [FileDeduplicator.py:105]
2025-06-05 17:26:24,966 - file_manager - INFO - Dry run: Would remove duplicate: C:\Users\terti\OneDrive\pdf\extra\profile\CertificateOfCompletion_DevSecOps Continuous Application Security.pdf [FileDeduplicator.py:105]
2025-06-05 17:26:24,966 - file_manager - INFO - Dry run: Would remove duplicate: C:\Users\terti\OneDrive\pdf\extra\profile\CertificateOfCompletion_Enterprise Architecture in Practice.pdf [FileDeduplicator.py:105]
2025-06-05 17:26:24,967 - file_manager - INFO - Dry run: Would remove duplicate: C:\Users\terti\OneDrive\pdf\extra\profile\CertificateOfCompletion_Ethical Hacking Cloud Computing.pdf [FileDeduplicator.py:105]
2025-06-05 17:26:24,967 - file_manager - INFO - Dry run: Would remove duplicate: C:\Users\terti\OneDrive\pdf\extra\profile\CertificateOfCompletion_Ethical Hacking Cryptography.pdf [FileDeduplicator.py:105]
2025-06-05 17:26:24,967 - file_manager - INFO - Dry run: Would remove duplicate: C:\Users\terti\OneDrive\pdf\extra\profile\CertificateOfCompletion_Ethical Hacking Evading IDS Firewalls and Honeypots(1).pdf [FileDeduplicator.py:105]
2025-06-05 17:26:24,967 - file_manager - INFO - Dry run: Would remove duplicate: C:\Users\terti\OneDrive\pdf\extra\profile\CertificateOfCompletion_Ethical Hacking Evading IDS Firewalls and Honeypots.pdf [FileDeduplicator.py:105]
2025-06-05 17:26:24,967 - file_manager - INFO - Dry run: Would remove duplicate: C:\Users\terti\OneDrive\pdf\extra\profile\CertificateOfCompletion_Ethical Hacking Exploits.pdf [FileDeduplicator.py:105]
2025-06-05 17:26:24,967 - file_manager - INFO - Dry run: Would remove duplicate: C:\Users\terti\OneDrive\pdf\extra\profile\CertificateOfCompletion_Ethical Hacking Footprinting and Reconnaissance.pdf [FileDeduplicator.py:105]
2025-06-05 17:26:24,967 - file_manager - INFO - Dry run: Would remove duplicate: C:\Users\terti\OneDrive\pdf\extra\profile\CertificateOfCompletion_Ethical Hacking Hacking IoT Devices.pdf [FileDeduplicator.py:105]
2025-06-05 17:26:24,967 - file_manager - INFO - Dry run: Would remove duplicate: C:\Users\terti\OneDrive\pdf\extra\profile\CertificateOfCompletion_Ethical Hacking Hacking Web Servers and Web Applications.pdf [FileDeduplicator.py:105]
2025-06-05 17:26:24,967 - file_manager - INFO - Dry run: Would remove duplicate: C:\Users\terti\OneDrive\pdf\extra\profile\CertificateOfCompletion_Ethical Hacking Mobile Devices and Platforms.pdf [FileDeduplicator.py:105]
2025-06-05 17:26:24,967 - file_manager - INFO - Dry run: Would remove duplicate: C:\Users\terti\OneDrive\pdf\extra\profile\CertificateOfCompletion_Ethical Hacking Penetration Testing.pdf [FileDeduplicator.py:105]
2025-06-05 17:26:24,967 - file_manager - INFO - Dry run: Would remove duplicate: C:\Users\terti\OneDrive\pdf\extra\profile\CertificateOfCompletion_Ethical Hacking Scanning Networks.pdf [FileDeduplicator.py:105]
2025-06-05 17:26:24,967 - file_manager - INFO - Dry run: Would remove duplicate: C:\Users\terti\OneDrive\pdf\extra\profile\CertificateOfCompletion_Ethical Hacking Session Hijacking(1).pdf [FileDeduplicator.py:105]
2025-06-05 17:26:24,967 - file_manager - INFO - Dry run: Would remove duplicate: C:\Users\terti\OneDrive\pdf\extra\profile\CertificateOfCompletion_Ethical Hacking Session Hijacking.pdf [FileDeduplicator.py:105]
2025-06-05 17:26:24,967 - file_manager - INFO - Dry run: Would remove duplicate: C:\Users\terti\OneDrive\pdf\extra\profile\CertificateOfCompletion_Ethical Hacking Sniffers.pdf [FileDeduplicator.py:105]
2025-06-05 17:26:24,967 - file_manager - INFO - Dry run: Would remove duplicate: C:\Users\terti\OneDrive\pdf\extra\profile\CertificateOfCompletion_Ethical Hacking Social Engineering.pdf [FileDeduplicator.py:105]
2025-06-05 17:26:24,981 - file_manager - INFO - Dry run: Would remove duplicate: C:\Users\terti\OneDrive\pdf\extra\profile\CertificateOfCompletion_Ethical Hacking SQL Injection.pdf [FileDeduplicator.py:105]
2025-06-05 17:26:24,981 - file_manager - INFO - Dry run: Would remove duplicate: C:\Users\terti\OneDrive\pdf\extra\profile\CertificateOfCompletion_Ethical Hacking System Hacking.pdf [FileDeduplicator.py:105]
2025-06-05 17:26:24,981 - file_manager - INFO - Dry run: Would remove duplicate: C:\Users\terti\OneDrive\pdf\extra\profile\CertificateOfCompletion_Ethical Hacking The Complete Malware Analysis Process.pdf [FileDeduplicator.py:105]
2025-06-05 17:26:24,981 - file_manager - INFO - Dry run: Would remove duplicate: C:\Users\terti\OneDrive\pdf\extra\profile\CertificateOfCompletion_Ethical Hacking Vulnerability Analysis.pdf [FileDeduplicator.py:105]
2025-06-05 17:26:24,981 - file_manager - INFO - Dry run: Would remove duplicate: C:\Users\terti\OneDrive\pdf\extra\profile\CertificateOfCompletion_Ethical Hacking Wireless Networks.pdf [FileDeduplicator.py:105]
2025-06-05 17:26:24,981 - file_manager - INFO - Dry run: Would remove duplicate: C:\Users\terti\OneDrive\pdf\extra\profile\CertificateOfCompletion_First Look Python 3.9.pdf [FileDeduplicator.py:105]
2025-06-05 17:26:24,981 - file_manager - INFO - Dry run: Would remove duplicate: C:\Users\terti\OneDrive\pdf\extra\profile\CertificateOfCompletion_Kubernetes Microservices.pdf [FileDeduplicator.py:105]
2025-06-05 17:26:24,982 - file_manager - INFO - Dry run: Would remove duplicate: C:\Users\terti\OneDrive\pdf\extra\profile\CertificateOfCompletion_Learning Functional Programming with JavaScript ES5.pdf [FileDeduplicator.py:105]
2025-06-05 17:26:24,982 - file_manager - INFO - Dry run: Would remove duplicate: C:\Users\terti\OneDrive\pdf\extra\profile\CertificateOfCompletion_Linux Security and Hardening Essential Training(1).pdf [FileDeduplicator.py:105]
2025-06-05 17:26:24,982 - file_manager - INFO - Dry run: Would remove duplicate: C:\Users\terti\OneDrive\pdf\extra\profile\CertificateOfCompletion_Linux Security and Hardening Essential Training.pdf [FileDeduplicator.py:105]
2025-06-05 17:26:24,982 - file_manager - INFO - Dry run: Would remove duplicate: C:\Users\terti\OneDrive\pdf\extra\profile\CertificateOfCompletion_Microservices Foundations.pdf [FileDeduplicator.py:105]
2025-06-05 17:26:24,982 - file_manager - INFO - Dry run: Would remove duplicate: C:\Users\terti\OneDrive\pdf\extra\profile\CertificateOfCompletion_Penetration Testing Advanced Web Testing.pdf [FileDeduplicator.py:105]
2025-06-05 17:26:24,982 - file_manager - INFO - Dry run: Would remove duplicate: C:\Users\terti\OneDrive\pdf\extra\profile\CertificateOfCompletion_Security Testing Essential Training.pdf [FileDeduplicator.py:105]
2025-06-05 17:26:24,982 - file_manager - INFO - Dry run: Would remove duplicate: C:\Users\terti\OneDrive\pdf\extra\profile\CertificateOfCompletion_Software Architecture DomainDriven Design.pdf [FileDeduplicator.py:105]
2025-06-05 17:26:24,982 - file_manager - INFO - Dry run: Would remove duplicate: C:\Users\terti\OneDrive\pdf\extra\profile\CertificateOfCompletion_Software Architecture Patterns for Developers.pdf [FileDeduplicator.py:105]
2025-06-05 17:26:24,982 - file_manager - INFO - Dry run: Would remove duplicate: C:\Users\terti\OneDrive\pdf\extra\profile\CertificateOfCompletion_TypeScript Essential Training.pdf [FileDeduplicator.py:105]
2025-06-05 17:26:24,982 - file_manager - INFO - Dry run: Would remove duplicate: C:\Users\terti\OneDrive\pdf\extra\profile\Certified_Copy_of_ID_Document(1).jpg [FileDeduplicator.py:105]
2025-06-05 17:26:24,982 - file_manager - INFO - Dry run: Would remove duplicate: C:\Users\terti\OneDrive\pdf\extra\profile\Certified_Copy_of_ID_Document.pdf [FileDeduplicator.py:105]
2025-06-05 17:26:24,982 - file_manager - INFO - Dry run: Would remove duplicate: C:\Users\terti\OneDrive\pdf\extra\profile\full-sales-site-video.mp4 [FileDeduplicator.py:105]
2025-06-05 17:26:24,982 - file_manager - INFO - Dry run: Would remove duplicate: C:\Users\terti\OneDrive\pdf\extra\profile\IMG_1704.jpg [FileDeduplicator.py:105]
2025-06-05 17:26:24,996 - file_manager - INFO - Dry run: Would remove duplicate: C:\Users\terti\OneDrive\pdf\extra\profile\IMG_1705.jpg [FileDeduplicator.py:105]
2025-06-05 17:26:24,996 - file_manager - INFO - Dry run: Would remove duplicate: C:\Users\terti\OneDrive\pdf\extra\profile\IMG_1706.jpg [FileDeduplicator.py:105]
2025-06-05 17:26:24,996 - file_manager - INFO - Dry run: Would remove duplicate: C:\Users\terti\OneDrive\pdf\extra\profile\IMG_1707.jpg [FileDeduplicator.py:105]
2025-06-05 17:26:24,996 - file_manager - INFO - Dry run: Would remove duplicate: C:\Users\terti\OneDrive\pdf\extra\profile\POPI Agreement_Signed.PDF [FileDeduplicator.py:105]
2025-06-05 17:26:24,996 - file_manager - INFO - Dry run: Would remove duplicate: C:\Users\terti\OneDrive\pdf\extra\profile\PS_CertificateOfCompletion_Ethical_Hacking_Buffer_Overflow.pdf [FileDeduplicator.py:105]
2025-06-05 17:26:24,996 - file_manager - INFO - Dry run: Would remove duplicate: C:\Users\terti\OneDrive\pdf\extra\profile\Resume-Tertius-Geldenhuys-202112.docx [FileDeduplicator.py:105]
2025-06-05 17:26:24,996 - file_manager - INFO - Dry run: Would remove duplicate: C:\Users\terti\OneDrive\pdf\extra\resume samples\ashish-sinhas-curriculum-vitae(1).pdf [FileDeduplicator.py:105]
2025-06-05 17:26:24,996 - file_manager - INFO - Dry run: Would remove duplicate: C:\Users\terti\OneDrive\pdf\extra\resume samples\resume.pdf [FileDeduplicator.py:105]
2025-06-05 17:26:24,996 - file_manager - INFO - Dry run: Would remove duplicate: C:\Users\terti\OneDrive\pdf\extra\Tanya\hes-resume-cover-letter-guide.pdf [FileDeduplicator.py:105]
2025-06-05 17:26:24,997 - file_manager - INFO - Dry run: Would remove duplicate: C:\Users\terti\OneDrive\pdf\extra\Tanya\Id-document.pdf [FileDeduplicator.py:105]
2025-06-05 17:26:24,997 - file_manager - INFO - Dry run: Would remove duplicate: C:\Users\terti\OneDrive\pdf\extra\Tanya\LarcAI Skills Matrix Backend C# - completed.pdf [FileDeduplicator.py:105]
2025-06-05 17:26:24,997 - file_manager - INFO - Dry run: Would remove duplicate: C:\Users\terti\OneDrive\pdf\extra\Tanya\Matrix - Every candidate - completed.docx [FileDeduplicator.py:105]
2025-06-05 17:26:24,997 - file_manager - INFO - Dry run: Would remove duplicate: C:\Users\terti\OneDrive\pdf\extra\Tanya\NDIP-IT-Transcript-1998.pdf [FileDeduplicator.py:105]
2025-06-05 17:26:24,997 - file_manager - INFO - Dry run: Would remove duplicate: C:\Users\terti\OneDrive\pdf\extra\Tanya\NDIP-IT-Transcript-2000.pdf [FileDeduplicator.py:105]
2025-06-05 17:26:24,997 - file_manager - INFO - Dry run: Would remove duplicate: C:\Users\terti\OneDrive\pdf\extra\Tanya\NDIP-IT-Transcript-2003.pdf [FileDeduplicator.py:105]
2025-06-05 17:26:24,997 - file_manager - INFO - Dry run: Would remove duplicate: C:\Users\terti\OneDrive\pdf\extra\Tanya\NDIP-IT.pdf [FileDeduplicator.py:105]
2025-06-05 17:26:24,997 - file_manager - INFO - Dry run: Would remove duplicate: C:\Users\terti\OneDrive\pdf\extra\Tanya\Payslip - Tertius Geldenhuys 2021-07.pdf [FileDeduplicator.py:105]
2025-06-05 17:26:24,997 - file_manager - INFO - Dry run: Would remove duplicate: C:\Users\terti\OneDrive\pdf\extra\Tanya\Your Talent Acquisition Ecosystem_ Managing the Employee Lifecycle.pdf [FileDeduplicator.py:105]
2025-06-05 17:26:24,997 - file_manager - INFO - Dry run: Would remove duplicate: C:\Users\terti\OneDrive\pdf\extra\TG-Resume\Curriculum Vitae of Mr LM Msane Latest-1.docx [FileDeduplicator.py:105]
2025-06-05 17:26:24,997 - file_manager - INFO - Dry run: Would remove duplicate: C:\Users\terti\OneDrive\pdf\extra\TG-Resume\Curriculum Vitae of Mr LM Msane Latest.docx [FileDeduplicator.py:105]
2025-06-05 17:26:24,997 - file_manager - INFO - Dry run: Would remove duplicate: C:\Users\terti\OneDrive\pdf\extra\TG-Resume\Document pwc.docx [FileDeduplicator.py:105]
2025-06-05 17:26:24,997 - file_manager - INFO - Dry run: Would remove duplicate: C:\Users\terti\OneDrive\pdf\extra\TG-Resume\Document.docx [FileDeduplicator.py:105]
2025-06-05 17:26:24,997 - file_manager - INFO - Dry run: Would remove duplicate: C:\Users\terti\OneDrive\pdf\extra\TG-Resume\JD - Senior Developer[1].pdf.pdf [FileDeduplicator.py:105]
2025-06-05 17:26:25,011 - file_manager - INFO - Dry run: Would remove duplicate: C:\Users\terti\OneDrive\pdf\extra\TG-Resume\Resume-Tertius-Geldenhuys-Long.pdf [FileDeduplicator.py:105]
2025-06-05 17:26:25,011 - file_manager - INFO - Dry run: Would remove duplicate: C:\Users\terti\OneDrive\pdf\extra\TG-Resume\Resume-Tertius-Geldenhuys.docx [FileDeduplicator.py:105]
2025-06-05 17:26:25,012 - file_manager - INFO - Dry run: Would remove duplicate: C:\Users\terti\OneDrive\pdf\extra\TG-Resume\Tertius_Geldenhuys_CV_Draft-1.docx [FileDeduplicator.py:105]
2025-06-05 17:26:25,012 - file_manager - INFO - Dry run: Would remove duplicate: C:\Users\terti\OneDrive\pdf\extra\TG-Resume\Tertius_Geldenhuys_CV_Draft-2.docx [FileDeduplicator.py:105]
2025-06-05 17:26:25,012 - file_manager - INFO - Dry run: Would remove duplicate: C:\Users\terti\OneDrive\pdf\extra\TG-Resume\Tertius_Geldenhuys_CV_Draft.docx [FileDeduplicator.py:105]
2025-06-05 17:26:25,012 - file_manager - INFO - Dry run: Would remove duplicate: C:\Users\terti\OneDrive\pdf\extra\Top 10 Google Ranking Factors-220807024232\Top 10 Google Ranking Factors.pdf [FileDeduplicator.py:105]
2025-06-05 17:26:25,012 - file_manager - INFO - Dry run: Would remove duplicate: C:\Users\terti\OneDrive\pdf\extra\Training\TypeScript\TypeScript Classes.pdf [FileDeduplicator.py:105]
2025-06-05 17:26:25,012 - file_manager - INFO - Dry run: Would remove duplicate: C:\Users\terti\OneDrive\pdf\extra\Training\TypeScript\TypeScript Control Flow Analysis.pdf [FileDeduplicator.py:105]
2025-06-05 17:26:25,012 - file_manager - INFO - Dry run: Would remove duplicate: C:\Users\terti\OneDrive\pdf\extra\Training\TypeScript\TypeScript Interfaces.pdf [FileDeduplicator.py:105]
2025-06-05 17:26:25,012 - file_manager - INFO - Dry run: Would remove duplicate: C:\Users\terti\OneDrive\pdf\extra\Training\TypeScript\TypeScript Types.pdf [FileDeduplicator.py:105]
2025-06-05 17:26:25,012 - file_manager - INFO - Dry run: Would remove duplicate: C:\Users\terti\OneDrive\pdf\extra\LeapOut Access\LeapOut Access\LeapOut Access.pdf [FileDeduplicator.py:105]
2025-06-05 17:26:25,012 - file_manager - INFO - Dry run: 3438 duplicates found. [FileDeduplicator.py:140]
2025-06-05 17:26:25,012 - file_manager - INFO - Command 'deduplicate' executed successfully. [main.py:54]
